# Constructed from biom file
#OTU ID,S10.158.H2O.S10,S21.161.H2O.S21,S28.164.H2O.S28,S30.167.H2O.S30,S32.170.H2O.S32,S11.188.H2O.S11,S15.191.H2O.S15,S22.194.H2O.S22,S25.197.H2O.S25,S31.200.H2O.S31
d__Bacteria;p__Acidobacteriota;c__Vicinamibacteria;o__Vicinamibacterales;f__Vicinamibacteraceae,2.0,3.0,0.0,0.0,0.0,0.0,0.0,0.0,0.0,0.0
d__Bacteria;p__Actinobacteriota;c__Acidimicrobiia;o__Microtrichales;f__Ilumatobacteraceae,181.0,12.0,0.0,1.0,0.0,46.0,23.0,100.0,1.0,0.0
d__Bacteria;p__Actinobacteriota;c__Acidimicrobiia;o__Microtrichales;f__uncultured,18.0,59.0,2.0,0.0,21.0,19.0,20.0,0.0,0.0,20.0
d__Bacteria;p__Actinobacteriota;c__Actinobacteria;o__Corynebacteriales;f__Mycobacteriaceae,37.0,154.0,130.0,484.0,475.0,209.0,316.0,240.0,196.0,373.0
d__Bacteria;p__Actinobacteriota;c__Actinobacteria;o__Frankiales;f__Sporichthyaceae,194.0,96.0,45.0,0.0,41.0,77.0,33.0,67.0,159.0,86.0
d__Bacteria;p__Actinobacteriota;c__Actinobacteria;o__Micrococcales;f__Microbacteriaceae,20.0,45.0,8.0,14.0,0.0,0.0,13.0,44.0,52.0,45.0
d__Bacteria;p__Actinobacteriota;c__Actinobacteria;o__PeM15;f__PeM15,0.0,10.0,0.0,0.0,12.0,4.0,12.0,5.0,41.0,15.0
d__Bacteria;p__Actinobacteriota;c__Thermoleophilia;o__Gaiellales;f__uncultured,0.0,0.0,0.0,0.0,10.0,8.0,2.0,0.0,0.0,0.0
d__Bacteria;p__Actinobacteriota;c__Thermoleophilia;o__Solirubrobacterales;f__Solirubrobacteraceae,0.0,2.0,0.0,0.0,0.0,2.0,0.0,0.0,0.0,0.0
d__Bacteria;p__Armatimonadota;c__Armatimonadia;o__Armatimonadales;f__Armatimonadaceae,35.0,0.0,1.0,1.0,3.0,0.0,77.0,30.0,0.0,1.0
d__Bacteria;p__Bacteroidota;c__Bacteroidia;o__Bacteroidales;f__Paludibacteraceae,0.0,39.0,0.0,0.0,0.0,0.0,0.0,11.0,38.0,0.0
d__Bacteria;p__Bacteroidota;c__Bacteroidia;o__Bacteroidales;f__Prevotellaceae,0.0,0.0,0.0,0.0,0.0,29.0,0.0,0.0,40.0,0.0
d__Bacteria;p__Bacteroidota;c__Bacteroidia;o__Chitinophagales;f__Chitinophagaceae,1349.0,178.0,121.0,189.0,263.0,424.0,1147.0,625.0,179.0,229.0
d__Bacteria;p__Bacteroidota;c__Bacteroidia;o__Chitinophagales;f__Saprospiraceae,126.0,29.0,35.0,14.0,13.0,8.0,28.0,57.0,7.0,42.0
d__Bacteria;p__Bacteroidota;c__Bacteroidia;o__Cytophagales;f__Cyclobacteriaceae,2.0,0.0,0.0,0.0,1.0,0.0,0.0,4.0,0.0,0.0
d__Bacteria;p__Bacteroidota;c__Bacteroidia;o__Cytophagales;f__Spirosomaceae,94.0,262.0,139.0,71.0,218.0,56.0,170.0,804.0,472.0,226.0
d__Bacteria;p__Bacteroidota;c__Bacteroidia;o__Flavobacteriales;f__Crocinitomicaceae,55.0,43.0,45.0,16.0,5.0,7.0,37.0,126.0,151.0,23.0
d__Bacteria;p__Bacteroidota;c__Bacteroidia;o__Flavobacteriales;f__Cryomorphaceae,0.0,0.0,0.0,0.0,40.0,9.0,0.0,8.0,0.0,7.0
d__Bacteria;p__Bacteroidota;c__Bacteroidia;o__Flavobacteriales;f__Flavobacteriaceae,586.0,159.0,58.0,806.0,204.0,253.0,741.0,1837.0,515.0,423.0
d__Bacteria;p__Bacteroidota;c__Bacteroidia;o__Flavobacteriales;f__NS9_marine_group,11.0,14.0,10.0,0.0,4.0,0.0,7.0,30.0,43.0,12.0
d__Bacteria;p__Bacteroidota;c__Bacteroidia;o__Sphingobacteriales;f__NS11-12_marine_group,79.0,28.0,10.0,2.0,8.0,4.0,6.0,83.0,76.0,12.0
d__Bacteria;p__Bacteroidota;c__Bacteroidia;o__Sphingobacteriales;f__Sphingobacteriaceae,0.0,0.0,0.0,0.0,0.0,0.0,13.0,0.0,16.0,112.0
d__Bacteria;p__Bacteroidota;c__Bacteroidia;o__Sphingobacteriales;f__env.OPS_17,30.0,31.0,74.0,0.0,13.0,2.0,21.0,448.0,128.0,16.0
d__Bacteria;p__Bacteroidota;c__Kapabacteria;o__Kapabacteriales;f__Kapabacteriales,2.0,0.0,0.0,0.0,0.0,6.0,0.0,0.0,0.0,0.0
d__Bacteria;p__Bdellovibrionota;c__Bdellovibrionia;o__Bacteriovoracales;f__Bacteriovoracaceae,32.0,0.0,0.0,0.0,0.0,0.0,22.0,0.0,0.0,0.0
d__Bacteria;p__Bdellovibrionota;c__Oligoflexia;o__Oligoflexales;f__uncultured,11.0,11.0,0.0,2.0,0.0,0.0,55.0,0.0,4.0,0.0
d__Bacteria;p__Bdellovibrionota;c__Oligoflexia;o__Silvanigrellales;f__Silvanigrellaceae,0.0,46.0,0.0,2.0,0.0,0.0,0.0,0.0,0.0,0.0
d__Bacteria;p__Chloroflexi;c__Anaerolineae;o__RBG-13-54-9;f__RBG-13-54-9,0.0,0.0,0.0,0.0,0.0,5.0,10.0,0.0,0.0,0.0
d__Bacteria;p__Chloroflexi;c__Chloroflexia;o__Chloroflexales;f__Roseiflexaceae,2.0,0.0,0.0,0.0,0.0,0.0,0.0,0.0,0.0,32.0
d__Bacteria;p__Cyanobacteria;c__Cyanobacteriia;o__Chloroplast;f__Chloroplast,39.0,412.0,120.0,102.0,476.0,14.0,235.0,74.0,19.0,91.0
d__Bacteria;p__Cyanobacteria;c__Cyanobacteriia;o__Cyanobacteriales;f__Nostocaceae,0.0,32.0,0.0,0.0,0.0,10.0,0.0,0.0,0.0,0.0
d__Bacteria;p__Cyanobacteria;c__Cyanobacteriia;o__Cyanobacteriales;f__Phormidiaceae,35.0,692.0,0.0,15.0,13.0,0.0,0.0,239.0,47.0,0.0
d__Bacteria;p__Cyanobacteria;c__Cyanobacteriia;o__Synechococcales;f__Cyanobiaceae,0.0,3.0,0.0,12.0,0.0,0.0,23.0,0.0,0.0,0.0
d__Bacteria;p__Dependentiae;c__Babeliae;o__Babeliales;f__Vermiphilaceae,0.0,0.0,0.0,0.0,26.0,0.0,0.0,0.0,105.0,16.0
d__Bacteria;p__Desulfobacterota;c__Desulfuromonadia;o__Geobacterales;f__Geobacteraceae,0.0,0.0,0.0,0.0,39.0,0.0,0.0,0.0,18.0,0.0
d__Bacteria;p__Firmicutes;c__Bacilli;o__Lactobacillales;f__Lactobacillaceae,0.0,28.0,10.0,0.0,0.0,45.0,22.0,0.0,149.0,0.0
d__Bacteria;p__Firmicutes;c__Clostridia;o__Clostridiales;f__Clostridiaceae,0.0,6.0,0.0,23.0,0.0,0.0,0.0,0.0,0.0,0.0
d__Bacteria;p__Firmicutes;c__Negativicutes;o__Veillonellales-Selenomonadales;f__Sporomusaceae,0.0,0.0,0.0,8.0,0.0,43.0,0.0,0.0,9.0,0.0
d__Bacteria;p__Firmicutes;c__Negativicutes;o__Veillonellales-Selenomonadales;f__uncultured,0.0,0.0,0.0,0.0,0.0,13.0,0.0,0.0,10.0,0.0
d__Bacteria;p__Gemmatimonadota;c__Gemmatimonadetes;o__Gemmatimonadales;f__Gemmatimonadaceae,11.0,0.0,0.0,0.0,8.0,0.0,0.0,3.0,0.0,0.0
d__Bacteria;p__MBNT15;c__MBNT15;o__MBNT15;f__MBNT15,0.0,10.0,0.0,0.0,0.0,0.0,0.0,0.0,58.0,0.0
d__Bacteria;p__Planctomycetota;c__Planctomycetes;o__Gemmatales;f__Gemmataceae,73.0,41.0,0.0,2.0,0.0,11.0,60.0,18.0,0.0,0.0
d__Bacteria;p__Planctomycetota;c__Planctomycetes;o__Isosphaerales;f__Isosphaeraceae,229.0,558.0,39.0,85.0,356.0,8.0,524.0,336.0,356.0,374.0
d__Bacteria;p__Planctomycetota;c__Planctomycetes;o__Pirellulales;f__Pirellulaceae,39.0,43.0,28.0,51.0,74.0,56.0,80.0,79.0,77.0,53.0
d__Bacteria;p__Proteobacteria;c__Alphaproteobacteria;o__Caulobacterales;f__Caulobacteraceae,0.0,11.0,0.0,0.0,0.0,0.0,11.0,0.0,0.0,0.0
d__Bacteria;p__Proteobacteria;c__Alphaproteobacteria;o__Rhizobiales;f__Beijerinckiaceae,3.0,0.0,3.0,11.0,0.0,23.0,4.0,0.0,7.0,0.0
d__Bacteria;p__Proteobacteria;c__Alphaproteobacteria;o__Rhizobiales;f__Rhizobiales_Incertae_Sedis,41.0,47.0,0.0,94.0,119.0,61.0,73.0,3.0,51.0,72.0
d__Bacteria;p__Proteobacteria;c__Alphaproteobacteria;o__Rhodobacterales;f__Rhodobacteraceae,23.0,303.0,0.0,12.0,52.0,11.0,116.0,174.0,0.0,0.0
d__Bacteria;p__Proteobacteria;c__Alphaproteobacteria;o__SAR11_clade;f__Clade_III,11.0,0.0,0.0,0.0,4.0,0.0,15.0,0.0,0.0,0.0
d__Bacteria;p__Proteobacteria;c__Alphaproteobacteria;o__Sphingomonadales;f__Sphingomonadaceae,0.0,37.0,0.0,0.0,7.0,0.0,6.0,131.0,0.0,0.0
d__Bacteria;p__Proteobacteria;c__Gammaproteobacteria;o__Aeromonadales;f__Aeromonadaceae,0.0,0.0,0.0,14.0,0.0,15.0,11.0,28.0,6.0,0.0
d__Bacteria;p__Proteobacteria;c__Gammaproteobacteria;o__Burkholderiales;__,0.0,0.0,0.0,0.0,69.0,0.0,0.0,0.0,6.0,0.0
d__Bacteria;p__Proteobacteria;c__Gammaproteobacteria;o__Burkholderiales;f__Alcaligenaceae,47.0,81.0,43.0,13.0,125.0,109.0,315.0,143.0,104.0,288.0
d__Bacteria;p__Proteobacteria;c__Gammaproteobacteria;o__Burkholderiales;f__Burkholderiaceae,342.0,914.0,2755.0,1300.0,3572.0,535.0,199.0,2082.0,3676.0,1990.0
d__Bacteria;p__Proteobacteria;c__Gammaproteobacteria;o__Burkholderiales;f__Comamonadaceae,480.0,2478.0,1096.0,416.0,1236.0,188.0,1254.0,2677.0,1097.0,2238.0
d__Bacteria;p__Proteobacteria;c__Gammaproteobacteria;o__Burkholderiales;f__Methylophilaceae,272.0,132.0,361.0,125.0,794.0,745.0,181.0,167.0,695.0,1156.0
d__Bacteria;p__Proteobacteria;c__Gammaproteobacteria;o__Burkholderiales;f__Neisseriaceae,5.0,0.0,0.0,0.0,0.0,0.0,0.0,0.0,0.0,12.0
d__Bacteria;p__Proteobacteria;c__Gammaproteobacteria;o__Burkholderiales;f__Nitrosomonadaceae,7.0,0.0,0.0,20.0,0.0,41.0,3.0,1.0,29.0,0.0
d__Bacteria;p__Proteobacteria;c__Gammaproteobacteria;o__Burkholderiales;f__Oxalobacteraceae,27.0,28.0,10.0,18.0,16.0,7.0,27.0,73.0,15.0,36.0
d__Bacteria;p__Proteobacteria;c__Gammaproteobacteria;o__Burkholderiales;f__Rhodocyclaceae,23.0,24.0,94.0,186.0,135.0,66.0,70.0,7.0,102.0,43.0
d__Bacteria;p__Proteobacteria;c__Gammaproteobacteria;o__Burkholderiales;f__Sutterellaceae,0.0,4.0,0.0,13.0,18.0,27.0,0.0,1.0,0.0,0.0
d__Bacteria;p__Proteobacteria;c__Gammaproteobacteria;o__Burkholderiales;f__T34,0.0,0.0,9.0,0.0,0.0,0.0,16.0,0.0,0.0,0.0
d__Bacteria;p__Proteobacteria;c__Gammaproteobacteria;o__Coxiellales;f__Coxiellaceae,0.0,0.0,0.0,0.0,26.0,0.0,0.0,0.0,28.0,0.0
d__Bacteria;p__Proteobacteria;c__Gammaproteobacteria;o__Diplorickettsiales;f__Diplorickettsiaceae,0.0,13.0,0.0,0.0,18.0,0.0,10.0,0.0,11.0,0.0
d__Bacteria;p__Proteobacteria;c__Gammaproteobacteria;o__Enterobacterales;f__Yersiniaceae,0.0,0.0,0.0,14.0,0.0,0.0,0.0,0.0,0.0,10.0
d__Bacteria;p__Proteobacteria;c__Gammaproteobacteria;o__Gammaproteobacteria_Incertae_Sedis;f__Unknown_Family,7.0,21.0,23.0,22.0,36.0,123.0,156.0,0.0,111.0,144.0
d__Bacteria;p__Proteobacteria;c__Gammaproteobacteria;o__Legionellales;f__Legionellaceae,12.0,193.0,15.0,20.0,73.0,66.0,79.0,48.0,37.0,182.0
d__Bacteria;p__Proteobacteria;c__Gammaproteobacteria;o__Methylococcales;f__Methylococcaceae,8.0,35.0,156.0,70.0,132.0,149.0,19.0,90.0,134.0,46.0
d__Bacteria;p__Proteobacteria;c__Gammaproteobacteria;o__Methylococcales;f__Methylomonadaceae,83.0,1309.0,926.0,39.0,587.0,61.0,82.0,75.0,1242.0,150.0
d__Bacteria;p__Proteobacteria;c__Gammaproteobacteria;o__Piscirickettsiales;f__Piscirickettsiaceae,0.0,0.0,0.0,0.0,24.0,55.0,0.0,0.0,0.0,13.0
d__Bacteria;p__Proteobacteria;c__Gammaproteobacteria;o__Steroidobacterales;f__Steroidobacteraceae,29.0,24.0,14.0,30.0,50.0,5.0,231.0,93.0,31.0,37.0
d__Bacteria;p__Proteobacteria;c__Gammaproteobacteria;o__Xanthomonadales;f__Xanthomonadaceae,0.0,30.0,65.0,106.0,34.0,0.0,28.0,0.0,110.0,0.0
d__Bacteria;p__Proteobacteria;c__Gammaproteobacteria;o__uncultured;f__uncultured,0.0,8.0,0.0,0.0,0.0,0.0,0.0,0.0,10.0,11.0
d__Bacteria;p__Verrucomicrobiota;c__Chlamydiae;o__Chlamydiales;f__Parachlamydiaceae,0.0,0.0,26.0,12.0,96.0,0.0,0.0,0.0,133.0,55.0
d__Bacteria;p__Verrucomicrobiota;c__Chlamydiae;o__Chlamydiales;f__Simkaniaceae,0.0,0.0,0.0,0.0,10.0,0.0,11.0,0.0,0.0,0.0
d__Bacteria;p__Verrucomicrobiota;c__Chlamydiae;o__Chlamydiales;f__cvE6,15.0,19.0,0.0,0.0,0.0,11.0,0.0,0.0,0.0,0.0
d__Bacteria;p__Verrucomicrobiota;c__Verrucomicrobiae;o__Chthoniobacterales;f__Chthoniobacteraceae,24.0,15.0,31.0,0.0,25.0,4.0,92.0,13.0,0.0,1.0
d__Bacteria;p__Verrucomicrobiota;c__Verrucomicrobiae;o__Methylacidiphilales;f__Methylacidiphilaceae,20.0,0.0,0.0,0.0,0.0,0.0,26.0,0.0,0.0,0.0
d__Bacteria;p__Verrucomicrobiota;c__Verrucomicrobiae;o__Opitutales;f__Opitutaceae,28.0,20.0,0.0,0.0,17.0,54.0,21.0,0.0,0.0,73.0
d__Bacteria;p__Verrucomicrobiota;c__Verrucomicrobiae;o__Pedosphaerales;f__Pedosphaeraceae,37.0,0.0,0.0,2.0,23.0,42.0,2.0,0.0,0.0,0.0
d__Bacteria;p__Verrucomicrobiota;c__Verrucomicrobiae;o__Verrucomicrobiales;f__Rubritaleaceae,309.0,28.0,3.0,73.0,284.0,342.0,196.0,213.0,485.0,135.0
d__Bacteria;p__Verrucomicrobiota;c__Verrucomicrobiae;o__Verrucomicrobiales;f__Verrucomicrobiaceae,181.0,182.0,15.0,43.0,174.0,223.0,1082.0,506.0,46.0,81.0
d__Bacteria;p__Verrucomicrobiota;c__Verrucomicrobiae;o__uncultured;f__uncultured,331.0,65.0,31.0,3.0,4.0,68.0,126.0,154.0,145.0,14.0