# Constructed from biom file
#OTU ID,S8.127.H2O.S8,S14.130.H2O.S14,S18.133.H2O.S18,S24.136.H2O.S24,S29.139.H2O.S29,S11.187.H2O.S11,S15.190.H2O.S15,S22.193.H2O.S22,S25.196.H2O.S25,S31.199.H2O.S31
d__Bacteria;p__Acidobacteriota;c__Vicinamibacteria;o__Vicinamibacterales;f__Vicinamibacteraceae,0.0,21.0,0.0,0.0,0.0,0.0,109.0,0.0,0.0,0.0
d__Bacteria;p__Actinobacteriota;c__Acidimicrobiia;o__Microtrichales;f__Ilumatobacteraceae,65.0,40.0,44.0,10.0,193.0,1.0,115.0,113.0,106.0,96.0
d__Bacteria;p__Actinobacteriota;c__Acidimicrobiia;o__Microtrichales;f__Microtrichaceae,0.0,0.0,32.0,0.0,0.0,14.0,0.0,0.0,0.0,29.0
d__Bacteria;p__Actinobacteriota;c__Acidimicrobiia;o__Microtrichales;f__uncultured,0.0,13.0,0.0,18.0,0.0,24.0,11.0,26.0,15.0,44.0
d__Bacteria;p__Actinobacteriota;c__Actinobacteria;o__Corynebacteriales;f__Mycobacteriaceae,183.0,111.0,322.0,135.0,385.0,288.0,92.0,96.0,103.0,201.0
d__Bacteria;p__Actinobacteriota;c__Actinobacteria;o__Frankiales;__,0.0,0.0,0.0,0.0,53.0,0.0,0.0,0.0,3.0,0.0
d__Bacteria;p__Actinobacteriota;c__Actinobacteria;o__Frankiales;f__Sporichthyaceae,280.0,6.0,123.0,171.0,23.0,243.0,217.0,5.0,583.0,412.0
d__Bacteria;p__Actinobacteriota;c__Actinobacteria;o__Micrococcales;f__Microbacteriaceae,113.0,13.0,68.0,2.0,52.0,0.0,0.0,0.0,44.0,0.0
d__Bacteria;p__Actinobacteriota;c__Actinobacteria;o__PeM15;f__PeM15,10.0,423.0,20.0,0.0,406.0,78.0,68.0,181.0,40.0,135.0
d__Bacteria;p__Actinobacteriota;c__Thermoleophilia;o__Gaiellales;f__uncultured,0.0,62.0,108.0,73.0,11.0,70.0,27.0,20.0,79.0,208.0
d__Bacteria;p__Actinobacteriota;c__Thermoleophilia;o__Solirubrobacterales;f__Solirubrobacteraceae,0.0,0.0,0.0,0.0,0.0,88.0,10.0,0.0,16.0,218.0
d__Bacteria;p__Armatimonadota;c__Armatimonadia;o__Armatimonadales;f__Armatimonadaceae,0.0,12.0,0.0,11.0,21.0,11.0,0.0,6.0,0.0,19.0
d__Bacteria;p__Armatimonadota;c__Fimbriimonadia;o__Fimbriimonadales;f__Fimbriimonadaceae,0.0,0.0,16.0,0.0,0.0,10.0,0.0,0.0,0.0,0.0
d__Bacteria;p__Bacteroidota;c__Bacteroidia;o__Chitinophagales;f__Chitinophagaceae,534.0,479.0,375.0,369.0,184.0,1141.0,708.0,408.0,1140.0,1161.0
d__Bacteria;p__Bacteroidota;c__Bacteroidia;o__Chitinophagales;f__Saprospiraceae,60.0,127.0,0.0,0.0,0.0,44.0,278.0,171.0,6.0,0.0
d__Bacteria;p__Bacteroidota;c__Bacteroidia;o__Chitinophagales;f__uncultured,0.0,4.0,0.0,0.0,0.0,0.0,134.0,0.0,5.0,0.0
d__Bacteria;p__Bacteroidota;c__Bacteroidia;o__Cytophagales;f__Cyclobacteriaceae,0.0,18.0,0.0,13.0,16.0,55.0,10.0,25.0,130.0,55.0
d__Bacteria;p__Bacteroidota;c__Bacteroidia;o__Cytophagales;f__Microscillaceae,0.0,0.0,0.0,0.0,0.0,13.0,47.0,0.0,0.0,0.0
d__Bacteria;p__Bacteroidota;c__Bacteroidia;o__Cytophagales;f__Spirosomaceae,216.0,2.0,0.0,75.0,40.0,76.0,52.0,30.0,527.0,251.0
d__Bacteria;p__Bacteroidota;c__Bacteroidia;o__Flavobacteriales;f__Crocinitomicaceae,266.0,93.0,28.0,72.0,34.0,22.0,170.0,76.0,232.0,180.0
d__Bacteria;p__Bacteroidota;c__Bacteroidia;o__Flavobacteriales;f__Cryomorphaceae,0.0,0.0,0.0,0.0,0.0,26.0,0.0,21.0,45.0,31.0
d__Bacteria;p__Bacteroidota;c__Bacteroidia;o__Flavobacteriales;f__Flavobacteriaceae,318.0,208.0,25.0,413.0,270.0,669.0,327.0,461.0,764.0,906.0
d__Bacteria;p__Bacteroidota;c__Bacteroidia;o__Flavobacteriales;f__NS9_marine_group,75.0,48.0,27.0,65.0,0.0,58.0,30.0,8.0,54.0,30.0
d__Bacteria;p__Bacteroidota;c__Bacteroidia;o__Sphingobacteriales;f__AKYH767,0.0,0.0,0.0,0.0,0.0,12.0,3.0,5.0,0.0,0.0
d__Bacteria;p__Bacteroidota;c__Bacteroidia;o__Sphingobacteriales;f__LiUU-11-161,0.0,0.0,24.0,0.0,0.0,0.0,25.0,0.0,14.0,21.0
d__Bacteria;p__Bacteroidota;c__Bacteroidia;o__Sphingobacteriales;f__NS11-12_marine_group,10.0,43.0,0.0,10.0,0.0,34.0,89.0,41.0,111.0,142.0
d__Bacteria;p__Bacteroidota;c__Bacteroidia;o__Sphingobacteriales;f__Sphingobacteriaceae,2.0,48.0,0.0,36.0,0.0,23.0,14.0,0.0,51.0,42.0
d__Bacteria;p__Bacteroidota;c__Bacteroidia;o__Sphingobacteriales;f__env.OPS_17,14.0,21.0,12.0,0.0,0.0,73.0,0.0,5.0,56.0,11.0
d__Bacteria;p__Bacteroidota;c__Kapabacteria;o__Kapabacteriales;f__Kapabacteriales,0.0,20.0,0.0,12.0,0.0,421.0,167.0,15.0,0.0,180.0
d__Bacteria;p__Bdellovibrionota;c__Bdellovibrionia;o__Bacteriovoracales;f__Bacteriovoracaceae,0.0,0.0,0.0,16.0,0.0,0.0,0.0,13.0,51.0,20.0
d__Bacteria;p__Bdellovibrionota;c__Oligoflexia;o__0319-6G20;f__0319-6G20,75.0,0.0,0.0,19.0,0.0,13.0,0.0,0.0,0.0,0.0
d__Bacteria;p__Bdellovibrionota;c__Oligoflexia;o__Oligoflexales;f__uncultured,0.0,0.0,16.0,0.0,0.0,11.0,11.0,15.0,15.0,0.0
d__Bacteria;p__Bdellovibrionota;c__Oligoflexia;o__Silvanigrellales;f__Silvanigrellaceae,0.0,0.0,0.0,0.0,0.0,0.0,20.0,0.0,12.0,0.0
d__Bacteria;p__Chloroflexi;c__Anaerolineae;o__RBG-13-54-9;f__RBG-13-54-9,0.0,0.0,0.0,0.0,0.0,5.0,56.0,0.0,0.0,0.0
d__Bacteria;p__Chloroflexi;c__Chloroflexia;o__Chloroflexales;f__Roseiflexaceae,13.0,0.0,0.0,0.0,12.0,0.0,12.0,0.0,0.0,0.0
d__Bacteria;p__Cyanobacteria;c__Cyanobacteriia;o__Chloroplast;f__Chloroplast,475.0,32.0,13.0,26.0,0.0,119.0,94.0,318.0,56.0,13.0
d__Bacteria;p__Cyanobacteria;c__Cyanobacteriia;o__Cyanobacteriales;f__Microcystaceae,0.0,0.0,0.0,0.0,23.0,0.0,39.0,0.0,0.0,0.0
d__Bacteria;p__Cyanobacteria;c__Cyanobacteriia;o__Cyanobacteriales;f__Nostocaceae,0.0,3.0,0.0,0.0,0.0,0.0,238.0,0.0,0.0,0.0
d__Bacteria;p__Cyanobacteria;c__Cyanobacteriia;o__Synechococcales;f__Cyanobiaceae,0.0,41.0,0.0,0.0,125.0,0.0,173.0,372.0,0.0,0.0
d__Bacteria;p__Desulfobacterota;c__Desulfuromonadia;o__Geobacterales;f__Geobacteraceae,152.0,0.0,0.0,0.0,0.0,0.0,0.0,0.0,39.0,0.0
d__Bacteria;p__Firmicutes;c__Bacilli;o__Exiguobacterales;f__Exiguobacteraceae,52.0,0.0,0.0,0.0,106.0,0.0,0.0,0.0,0.0,0.0
d__Bacteria;p__Gemmatimonadota;c__Gemmatimonadetes;o__Gemmatimonadales;f__Gemmatimonadaceae,0.0,0.0,0.0,0.0,55.0,0.0,10.0,10.0,0.0,0.0
d__Bacteria;p__Planctomycetota;c__Planctomycetes;o__Gemmatales;f__Gemmataceae,0.0,81.0,0.0,32.0,31.0,46.0,120.0,5.0,0.0,12.0
d__Bacteria;p__Planctomycetota;c__Planctomycetes;o__Isosphaerales;f__Isosphaeraceae,0.0,8.0,39.0,53.0,63.0,183.0,10.0,79.0,360.0,183.0
d__Bacteria;p__Planctomycetota;c__Planctomycetes;o__Pirellulales;f__Pirellulaceae,160.0,676.0,86.0,128.0,389.0,173.0,1631.0,223.0,134.0,186.0
d__Bacteria;p__Planctomycetota;c__Planctomycetes;o__Planctomycetales;f__Rubinisphaeraceae,0.0,0.0,0.0,0.0,0.0,14.0,20.0,28.0,0.0,11.0
d__Bacteria;p__Proteobacteria;c__Alphaproteobacteria;o__Acetobacterales;f__Acetobacteraceae,0.0,0.0,0.0,0.0,16.0,0.0,31.0,17.0,0.0,16.0
d__Bacteria;p__Proteobacteria;c__Alphaproteobacteria;o__Paracaedibacterales;f__Paracaedibacteraceae,0.0,0.0,10.0,0.0,0.0,0.0,0.0,11.0,0.0,0.0
d__Bacteria;p__Proteobacteria;c__Alphaproteobacteria;o__Rhizobiales;f__Beijerinckiaceae,30.0,41.0,20.0,53.0,93.0,48.0,59.0,38.0,42.0,83.0
d__Bacteria;p__Proteobacteria;c__Alphaproteobacteria;o__Rhizobiales;f__Rhizobiales_Incertae_Sedis,33.0,27.0,0.0,9.0,104.0,58.0,14.0,86.0,92.0,97.0
d__Bacteria;p__Proteobacteria;c__Alphaproteobacteria;o__Rhodobacterales;f__Rhodobacteraceae,0.0,12.0,0.0,11.0,2.0,0.0,0.0,0.0,0.0,0.0
d__Bacteria;p__Proteobacteria;c__Alphaproteobacteria;o__SAR11_clade;f__Clade_III,0.0,0.0,0.0,0.0,0.0,0.0,2.0,0.0,0.0,7.0
d__Bacteria;p__Proteobacteria;c__Alphaproteobacteria;o__Sphingomonadales;f__Sphingomonadaceae,0.0,2.0,0.0,0.0,0.0,1.0,0.0,0.0,4.0,6.0
d__Bacteria;p__Proteobacteria;c__Gammaproteobacteria;__;__,0.0,55.0,0.0,0.0,33.0,0.0,88.0,29.0,0.0,0.0
d__Bacteria;p__Proteobacteria;c__Gammaproteobacteria;o__Aeromonadales;f__Aeromonadaceae,0.0,0.0,0.0,0.0,0.0,2.0,0.0,0.0,9.0,7.0
d__Bacteria;p__Proteobacteria;c__Gammaproteobacteria;o__Burkholderiales;f__Alcaligenaceae,96.0,1.0,38.0,67.0,22.0,90.0,0.0,11.0,160.0,150.0
d__Bacteria;p__Proteobacteria;c__Gammaproteobacteria;o__Burkholderiales;f__Burkholderiaceae,1174.0,455.0,493.0,512.0,639.0,436.0,387.0,474.0,1030.0,1075.0
d__Bacteria;p__Proteobacteria;c__Gammaproteobacteria;o__Burkholderiales;f__Comamonadaceae,783.0,755.0,772.0,577.0,1159.0,1064.0,1214.0,763.0,1501.0,1085.0
d__Bacteria;p__Proteobacteria;c__Gammaproteobacteria;o__Burkholderiales;f__MWH-UniP1_aquatic_group,0.0,3.0,0.0,0.0,0.0,0.0,35.0,11.0,0.0,0.0
d__Bacteria;p__Proteobacteria;c__Gammaproteobacteria;o__Burkholderiales;f__Methylophilaceae,808.0,173.0,544.0,896.0,141.0,852.0,369.0,281.0,1454.0,1522.0
d__Bacteria;p__Proteobacteria;c__Gammaproteobacteria;o__Burkholderiales;f__Nitrosomonadaceae,0.0,6.0,0.0,0.0,0.0,0.0,84.0,33.0,3.0,0.0
d__Bacteria;p__Proteobacteria;c__Gammaproteobacteria;o__Burkholderiales;f__Oxalobacteraceae,37.0,20.0,49.0,13.0,11.0,35.0,26.0,75.0,66.0,35.0
d__Bacteria;p__Proteobacteria;c__Gammaproteobacteria;o__Burkholderiales;f__Rhodocyclaceae,640.0,21.0,76.0,549.0,0.0,151.0,90.0,61.0,500.0,135.0
d__Bacteria;p__Proteobacteria;c__Gammaproteobacteria;o__Burkholderiales;f__Sutterellaceae,0.0,23.0,0.0,0.0,0.0,0.0,61.0,24.0,0.0,0.0
d__Bacteria;p__Proteobacteria;c__Gammaproteobacteria;o__Cellvibrionales;f__Spongiibacteraceae,0.0,0.0,23.0,0.0,0.0,10.0,7.0,0.0,0.0,0.0
d__Bacteria;p__Proteobacteria;c__Gammaproteobacteria;o__Gammaproteobacteria_Incertae_Sedis;f__Unknown_Family,32.0,96.0,0.0,12.0,33.0,124.0,183.0,132.0,11.0,73.0
d__Bacteria;p__Proteobacteria;c__Gammaproteobacteria;o__Legionellales;f__Legionellaceae,0.0,12.0,12.0,11.0,10.0,38.0,11.0,184.0,203.0,134.0
d__Bacteria;p__Proteobacteria;c__Gammaproteobacteria;o__Methylococcales;f__Methylococcaceae,1063.0,86.0,375.0,1516.0,47.0,1718.0,492.0,145.0,876.0,1343.0
d__Bacteria;p__Proteobacteria;c__Gammaproteobacteria;o__Methylococcales;f__Methylomonadaceae,127.0,0.0,0.0,7.0,0.0,181.0,12.0,35.0,581.0,132.0
d__Bacteria;p__Proteobacteria;c__Gammaproteobacteria;o__R7C24;f__R7C24,0.0,0.0,12.0,0.0,0.0,13.0,0.0,0.0,14.0,25.0
d__Bacteria;p__Proteobacteria;c__Gammaproteobacteria;o__Steroidobacterales;f__Steroidobacteraceae,22.0,0.0,49.0,51.0,17.0,130.0,11.0,16.0,109.0,26.0
d__Bacteria;p__Proteobacteria;c__Gammaproteobacteria;o__Xanthomonadales;f__Xanthomonadaceae,0.0,0.0,0.0,0.0,16.0,0.0,5.0,0.0,0.0,0.0
d__Bacteria;p__Spirochaetota;c__Leptospirae;o__Leptospirales;f__Leptospiraceae,64.0,0.0,0.0,0.0,0.0,0.0,0.0,0.0,6.0,0.0
d__Bacteria;p__Verrucomicrobiota;c__Chlamydiae;o__Chlamydiales;f__Parachlamydiaceae,0.0,0.0,0.0,0.0,0.0,0.0,0.0,0.0,4.0,27.0
d__Bacteria;p__Verrucomicrobiota;c__Verrucomicrobiae;o__Chthoniobacterales;f__Chthoniobacteraceae,0.0,291.0,28.0,96.0,67.0,56.0,495.0,36.0,20.0,112.0
d__Bacteria;p__Verrucomicrobiota;c__Verrucomicrobiae;o__Chthoniobacterales;f__Terrimicrobiaceae,0.0,43.0,0.0,1.0,0.0,29.0,194.0,11.0,0.0,10.0
d__Bacteria;p__Verrucomicrobiota;c__Verrucomicrobiae;o__Methylacidiphilales;f__Methylacidiphilaceae,0.0,21.0,0.0,0.0,0.0,0.0,56.0,0.0,0.0,0.0
d__Bacteria;p__Verrucomicrobiota;c__Verrucomicrobiae;o__Opitutales;f__Opitutaceae,0.0,3.0,0.0,30.0,0.0,48.0,17.0,12.0,22.0,74.0
d__Bacteria;p__Verrucomicrobiota;c__Verrucomicrobiae;o__Pedosphaerales;f__Pedosphaeraceae,0.0,17.0,25.0,9.0,0.0,98.0,89.0,36.0,178.0,54.0
d__Bacteria;p__Verrucomicrobiota;c__Verrucomicrobiae;o__Verrucomicrobiales;f__Rubritaleaceae,0.0,3.0,0.0,0.0,0.0,27.0,571.0,196.0,80.0,99.0
d__Bacteria;p__Verrucomicrobiota;c__Verrucomicrobiae;o__Verrucomicrobiales;f__Verrucomicrobiaceae,0.0,21.0,23.0,63.0,140.0,192.0,135.0,122.0,166.0,188.0
d__Bacteria;p__Verrucomicrobiota;c__Verrucomicrobiae;o__uncultured;f__uncultured,423.0,222.0,39.0,76.0,141.0,395.0,407.0,233.0,1478.0,605.0