# Constructed from biom file
#OTU ID,S8.127.H2O.S8,S14.130.H2O.S14,S18.133.H2O.S18,S24.136.H2O.S24,S29.139.H2O.S29,S10.157.H2O.S10,S21.160.H2O.S21,S28.163.H2O.S28,S30.166.H2O.S30,S32.169.H2O.S32
d__Bacteria;p__Acidobacteriota;c__Vicinamibacteria;o__Vicinamibacterales;f__Vicinamibacteraceae,0.0,21.0,0.0,0.0,0.0,47.0,25.0,0.0,0.0,0.0
d__Bacteria;p__Actinobacteriota;c__Acidimicrobiia;o__Microtrichales;f__Ilumatobacteraceae,65.0,40.0,44.0,10.0,193.0,88.0,93.0,23.0,461.0,35.0
d__Bacteria;p__Actinobacteriota;c__Acidimicrobiia;o__Microtrichales;f__Microtrichaceae,0.0,0.0,32.0,0.0,0.0,0.0,0.0,26.0,0.0,31.0
d__Bacteria;p__Actinobacteriota;c__Acidimicrobiia;o__Microtrichales;f__uncultured,0.0,13.0,0.0,18.0,0.0,40.0,61.0,31.0,59.0,24.0
d__Bacteria;p__Actinobacteriota;c__Actinobacteria;o__Corynebacteriales;f__Mycobacteriaceae,183.0,111.0,322.0,135.0,385.0,41.0,194.0,360.0,123.0,206.0
d__Bacteria;p__Actinobacteriota;c__Actinobacteria;o__Frankiales;__,0.0,0.0,0.0,0.0,53.0,0.0,0.0,0.0,0.0,1.0
d__Bacteria;p__Actinobacteriota;c__Actinobacteria;o__Frankiales;f__Sporichthyaceae,280.0,6.0,123.0,171.0,23.0,74.0,327.0,248.0,226.0,465.0
d__Bacteria;p__Actinobacteriota;c__Actinobacteria;o__Micrococcales;f__Microbacteriaceae,113.0,13.0,68.0,2.0,52.0,0.0,21.0,0.0,11.0,4.0
d__Bacteria;p__Actinobacteriota;c__Actinobacteria;o__PeM15;f__PeM15,10.0,423.0,20.0,0.0,406.0,298.0,128.0,10.0,74.0,39.0
d__Bacteria;p__Actinobacteriota;c__Thermoleophilia;o__Gaiellales;f__uncultured,0.0,62.0,108.0,73.0,11.0,47.0,163.0,259.0,21.0,137.0
d__Bacteria;p__Actinobacteriota;c__Thermoleophilia;o__Solirubrobacterales;f__Solirubrobacteraceae,0.0,0.0,0.0,0.0,0.0,0.0,33.0,75.0,0.0,131.0
d__Bacteria;p__Armatimonadota;c__Armatimonadia;o__Armatimonadales;f__Armatimonadaceae,0.0,12.0,0.0,11.0,21.0,8.0,0.0,34.0,45.0,0.0
d__Bacteria;p__Armatimonadota;c__Fimbriimonadia;o__Fimbriimonadales;f__Fimbriimonadaceae,0.0,0.0,16.0,0.0,0.0,0.0,0.0,0.0,49.0,10.0
d__Bacteria;p__Bacteroidota;c__Bacteroidia;o__Chitinophagales;f__Chitinophagaceae,534.0,479.0,375.0,369.0,184.0,768.0,875.0,728.0,1075.0,851.0
d__Bacteria;p__Bacteroidota;c__Bacteroidia;o__Chitinophagales;f__Saprospiraceae,60.0,127.0,0.0,0.0,0.0,111.0,62.0,26.0,107.0,0.0
d__Bacteria;p__Bacteroidota;c__Bacteroidia;o__Chitinophagales;f__uncultured,0.0,4.0,0.0,0.0,0.0,109.0,0.0,15.0,0.0,6.0
d__Bacteria;p__Bacteroidota;c__Bacteroidia;o__Cytophagales;f__Cyclobacteriaceae,0.0,18.0,0.0,13.0,16.0,42.0,47.0,0.0,31.0,55.0
d__Bacteria;p__Bacteroidota;c__Bacteroidia;o__Cytophagales;f__Microscillaceae,0.0,0.0,0.0,0.0,0.0,20.0,11.0,0.0,0.0,0.0
d__Bacteria;p__Bacteroidota;c__Bacteroidia;o__Cytophagales;f__Spirosomaceae,216.0,2.0,0.0,75.0,40.0,28.0,179.0,38.0,193.0,316.0
d__Bacteria;p__Bacteroidota;c__Bacteroidia;o__Flavobacteriales;f__Crocinitomicaceae,266.0,93.0,28.0,72.0,34.0,35.0,154.0,51.0,106.0,82.0
d__Bacteria;p__Bacteroidota;c__Bacteroidia;o__Flavobacteriales;f__Cryomorphaceae,0.0,0.0,0.0,0.0,0.0,13.0,13.0,0.0,0.0,44.0
d__Bacteria;p__Bacteroidota;c__Bacteroidia;o__Flavobacteriales;f__Flavobacteriaceae,318.0,208.0,25.0,413.0,270.0,351.0,301.0,63.0,1071.0,299.0
d__Bacteria;p__Bacteroidota;c__Bacteroidia;o__Flavobacteriales;f__NS9_marine_group,75.0,48.0,27.0,65.0,0.0,18.0,62.0,27.0,41.0,16.0
d__Bacteria;p__Bacteroidota;c__Bacteroidia;o__Sphingobacteriales;f__AKYH767,0.0,0.0,0.0,0.0,0.0,38.0,27.0,0.0,42.0,0.0
d__Bacteria;p__Bacteroidota;c__Bacteroidia;o__Sphingobacteriales;f__LiUU-11-161,0.0,0.0,24.0,0.0,0.0,11.0,0.0,0.0,0.0,0.0
d__Bacteria;p__Bacteroidota;c__Bacteroidia;o__Sphingobacteriales;f__NS11-12_marine_group,10.0,43.0,0.0,10.0,0.0,70.0,71.0,21.0,86.0,25.0
d__Bacteria;p__Bacteroidota;c__Bacteroidia;o__Sphingobacteriales;f__Sphingobacteriaceae,2.0,48.0,0.0,36.0,0.0,0.0,47.0,0.0,0.0,11.0
d__Bacteria;p__Bacteroidota;c__Bacteroidia;o__Sphingobacteriales;f__env.OPS_17,14.0,21.0,12.0,0.0,0.0,16.0,19.0,20.0,41.0,19.0
d__Bacteria;p__Bacteroidota;c__Chlorobia;o__Chlorobiales;f__Chlorobiaceae,14.0,0.0,0.0,0.0,0.0,0.0,0.0,0.0,0.0,81.0
d__Bacteria;p__Bacteroidota;c__Kapabacteria;o__Kapabacteriales;f__Kapabacteriales,0.0,20.0,0.0,12.0,0.0,188.0,30.0,26.0,0.0,26.0
d__Bacteria;p__Bdellovibrionota;c__Bdellovibrionia;o__Bacteriovoracales;f__Bacteriovoracaceae,0.0,0.0,0.0,16.0,0.0,0.0,40.0,11.0,31.0,12.0
d__Bacteria;p__Bdellovibrionota;c__Oligoflexia;o__0319-6G20;f__0319-6G20,75.0,0.0,0.0,19.0,0.0,10.0,0.0,10.0,0.0,0.0
d__Bacteria;p__Bdellovibrionota;c__Oligoflexia;o__Oligoflexales;f__uncultured,0.0,0.0,16.0,0.0,0.0,43.0,0.0,15.0,78.0,0.0
d__Bacteria;p__Chloroflexi;c__Chloroflexia;o__Chloroflexales;f__Roseiflexaceae,13.0,0.0,0.0,0.0,12.0,11.0,0.0,0.0,0.0,0.0
d__Bacteria;p__Cyanobacteria;c__Cyanobacteriia;o__Chloroplast;f__Chloroplast,475.0,32.0,13.0,26.0,0.0,57.0,72.0,15.0,74.0,95.0
d__Bacteria;p__Cyanobacteria;c__Cyanobacteriia;o__Cyanobacteriales;f__Microcystaceae,0.0,0.0,0.0,0.0,23.0,29.0,13.0,0.0,0.0,0.0
d__Bacteria;p__Cyanobacteria;c__Cyanobacteriia;o__Cyanobacteriales;f__Nostocaceae,0.0,3.0,0.0,0.0,0.0,81.0,20.0,0.0,0.0,0.0
d__Bacteria;p__Cyanobacteria;c__Cyanobacteriia;o__Synechococcales;f__Cyanobiaceae,0.0,41.0,0.0,0.0,125.0,145.0,70.0,0.0,39.0,0.0
d__Bacteria;p__Firmicutes;c__Bacilli;o__Bacillales;f__Bacillaceae,0.0,1.0,0.0,0.0,0.0,0.0,0.0,0.0,4.0,0.0
d__Bacteria;p__Firmicutes;c__Bacilli;o__Exiguobacterales;f__Exiguobacteraceae,52.0,0.0,0.0,0.0,106.0,0.0,0.0,0.0,0.0,0.0
d__Bacteria;p__Gemmatimonadota;c__Gemmatimonadetes;o__Gemmatimonadales;f__Gemmatimonadaceae,0.0,0.0,0.0,0.0,55.0,10.0,0.0,0.0,108.0,0.0
d__Bacteria;p__Planctomycetota;c__Planctomycetes;o__Gemmatales;f__Gemmataceae,0.0,81.0,0.0,32.0,31.0,20.0,28.0,60.0,81.0,10.0
d__Bacteria;p__Planctomycetota;c__Planctomycetes;o__Isosphaerales;f__Isosphaeraceae,0.0,8.0,39.0,53.0,63.0,62.0,8.0,121.0,164.0,85.0
d__Bacteria;p__Planctomycetota;c__Planctomycetes;o__Pirellulales;f__Pirellulaceae,160.0,676.0,86.0,128.0,389.0,1082.0,270.0,236.0,258.0,115.0
d__Bacteria;p__Planctomycetota;c__Planctomycetes;o__Planctomycetales;f__Rubinisphaeraceae,0.0,0.0,0.0,0.0,0.0,13.0,15.0,0.0,0.0,0.0
d__Bacteria;p__Proteobacteria;c__Alphaproteobacteria;o__Acetobacterales;f__Acetobacteraceae,0.0,0.0,0.0,0.0,16.0,0.0,13.0,0.0,20.0,0.0
d__Bacteria;p__Proteobacteria;c__Alphaproteobacteria;o__Rhizobiales;f__Beijerinckiaceae,30.0,41.0,20.0,53.0,93.0,47.0,97.0,165.0,15.0,136.0
d__Bacteria;p__Proteobacteria;c__Alphaproteobacteria;o__Rhizobiales;f__Rhizobiales_Incertae_Sedis,33.0,27.0,0.0,9.0,104.0,14.0,37.0,0.0,120.0,23.0
d__Bacteria;p__Proteobacteria;c__Alphaproteobacteria;o__Rhodobacterales;f__Rhodobacteraceae,0.0,12.0,0.0,11.0,2.0,0.0,0.0,2.0,0.0,0.0
d__Bacteria;p__Proteobacteria;c__Alphaproteobacteria;o__Sphingomonadales;f__Sphingomonadaceae,0.0,2.0,0.0,0.0,0.0,6.0,21.0,0.0,44.0,23.0
d__Bacteria;p__Proteobacteria;c__Gammaproteobacteria;__;__,0.0,55.0,0.0,0.0,33.0,48.0,0.0,0.0,0.0,0.0
d__Bacteria;p__Proteobacteria;c__Gammaproteobacteria;o__Burkholderiales;f__Alcaligenaceae,96.0,1.0,38.0,67.0,22.0,5.0,49.0,64.0,79.0,148.0
d__Bacteria;p__Proteobacteria;c__Gammaproteobacteria;o__Burkholderiales;f__Burkholderiaceae,1174.0,455.0,493.0,512.0,639.0,536.0,600.0,802.0,761.0,616.0
d__Bacteria;p__Proteobacteria;c__Gammaproteobacteria;o__Burkholderiales;f__Comamonadaceae,783.0,755.0,772.0,577.0,1159.0,838.0,1381.0,801.0,1805.0,638.0
d__Bacteria;p__Proteobacteria;c__Gammaproteobacteria;o__Burkholderiales;f__MWH-UniP1_aquatic_group,0.0,3.0,0.0,0.0,0.0,11.0,0.0,0.0,0.0,0.0
d__Bacteria;p__Proteobacteria;c__Gammaproteobacteria;o__Burkholderiales;f__Methylophilaceae,808.0,173.0,544.0,896.0,141.0,387.0,1227.0,1256.0,754.0,1222.0
d__Bacteria;p__Proteobacteria;c__Gammaproteobacteria;o__Burkholderiales;f__Nitrosomonadaceae,0.0,6.0,0.0,0.0,0.0,60.0,31.0,0.0,0.0,0.0
d__Bacteria;p__Proteobacteria;c__Gammaproteobacteria;o__Burkholderiales;f__Oxalobacteraceae,37.0,20.0,49.0,13.0,11.0,35.0,65.0,0.0,44.0,26.0
d__Bacteria;p__Proteobacteria;c__Gammaproteobacteria;o__Burkholderiales;f__Rhodocyclaceae,640.0,21.0,76.0,549.0,0.0,38.0,312.0,815.0,191.0,279.0
d__Bacteria;p__Proteobacteria;c__Gammaproteobacteria;o__Burkholderiales;f__Sutterellaceae,0.0,23.0,0.0,0.0,0.0,33.0,12.0,0.0,0.0,6.0
d__Bacteria;p__Proteobacteria;c__Gammaproteobacteria;o__Burkholderiales;f__T34,10.0,0.0,0.0,0.0,0.0,0.0,0.0,2.0,0.0,0.0
d__Bacteria;p__Proteobacteria;c__Gammaproteobacteria;o__Burkholderiales;f__TRA3-20,0.0,0.0,0.0,2.0,0.0,0.0,4.0,0.0,0.0,0.0
d__Bacteria;p__Proteobacteria;c__Gammaproteobacteria;o__Cellvibrionales;f__Spongiibacteraceae,0.0,0.0,23.0,0.0,0.0,0.0,10.0,0.0,46.0,0.0
d__Bacteria;p__Proteobacteria;c__Gammaproteobacteria;o__Gammaproteobacteria_Incertae_Sedis;f__Unknown_Family,32.0,96.0,0.0,12.0,33.0,66.0,192.0,39.0,78.0,53.0
d__Bacteria;p__Proteobacteria;c__Gammaproteobacteria;o__Legionellales;f__Legionellaceae,0.0,12.0,12.0,11.0,10.0,0.0,22.0,26.0,53.0,35.0
d__Bacteria;p__Proteobacteria;c__Gammaproteobacteria;o__Methylococcales;f__Methylococcaceae,1063.0,86.0,375.0,1516.0,47.0,378.0,1573.0,769.0,451.0,1293.0
d__Bacteria;p__Proteobacteria;c__Gammaproteobacteria;o__Methylococcales;f__Methylomonadaceae,127.0,0.0,0.0,7.0,0.0,22.0,32.0,87.0,110.0,154.0
d__Bacteria;p__Proteobacteria;c__Gammaproteobacteria;o__R7C24;f__R7C24,0.0,0.0,12.0,0.0,0.0,0.0,19.0,13.0,178.0,0.0
d__Bacteria;p__Proteobacteria;c__Gammaproteobacteria;o__Steroidobacterales;f__Steroidobacteraceae,22.0,0.0,49.0,51.0,17.0,4.0,23.0,117.0,255.0,32.0
d__Bacteria;p__Proteobacteria;c__Gammaproteobacteria;o__Xanthomonadales;f__Xanthomonadaceae,0.0,0.0,0.0,0.0,16.0,0.0,0.0,0.0,41.0,2.0
d__Bacteria;p__Verrucomicrobiota;c__Chlamydiae;o__Chlamydiales;f__Simkaniaceae,0.0,21.0,0.0,0.0,0.0,37.0,0.0,0.0,0.0,0.0
d__Bacteria;p__Verrucomicrobiota;c__Verrucomicrobiae;o__Chthoniobacterales;f__Chthoniobacteraceae,0.0,291.0,28.0,96.0,67.0,291.0,93.0,170.0,385.0,5.0
d__Bacteria;p__Verrucomicrobiota;c__Verrucomicrobiae;o__Chthoniobacterales;f__Terrimicrobiaceae,0.0,43.0,0.0,1.0,0.0,141.0,19.0,0.0,0.0,0.0
d__Bacteria;p__Verrucomicrobiota;c__Verrucomicrobiae;o__Methylacidiphilales;f__Methylacidiphilaceae,0.0,21.0,0.0,0.0,0.0,152.0,0.0,0.0,0.0,0.0
d__Bacteria;p__Verrucomicrobiota;c__Verrucomicrobiae;o__Opitutales;f__Opitutaceae,0.0,3.0,0.0,30.0,0.0,13.0,30.0,11.0,66.0,96.0
d__Bacteria;p__Verrucomicrobiota;c__Verrucomicrobiae;o__Pedosphaerales;f__Pedosphaeraceae,0.0,17.0,25.0,9.0,0.0,63.0,53.0,64.0,75.0,62.0
d__Bacteria;p__Verrucomicrobiota;c__Verrucomicrobiae;o__Verrucomicrobiales;f__Rubritaleaceae,0.0,3.0,0.0,0.0,0.0,72.0,159.0,72.0,44.0,55.0
d__Bacteria;p__Verrucomicrobiota;c__Verrucomicrobiae;o__Verrucomicrobiales;f__Verrucomicrobiaceae,0.0,21.0,23.0,63.0,140.0,71.0,472.0,199.0,549.0,79.0
d__Bacteria;p__Verrucomicrobiota;c__Verrucomicrobiae;o__uncultured;f__uncultured,423.0,222.0,39.0,76.0,141.0,118.0,479.0,214.0,357.0,667.0