# Constructed from biom file
#OTU ID,S8.126.H2O.S8,S14.129.H2O.S14,S24.135.H2O.S24,S12.141.H2O.S12,S16.144.H2O.S16,S19.147.H2O.S19,S23.150.H2O.S23,S26.153.H2O.S26
d__Bacteria;p__Actinobacteriota;c__Acidimicrobiia;o__Microtrichales;f__Ilumatobacteraceae,2.0,59.0,81.0,0.0,11.0,2.0,31.0,19.0
d__Bacteria;p__Actinobacteriota;c__Acidimicrobiia;o__Microtrichales;f__uncultured,0.0,9.0,40.0,24.0,0.0,0.0,2.0,0.0
d__Bacteria;p__Actinobacteriota;c__Actinobacteria;o__Corynebacteriales;f__Mycobacteriaceae,29.0,52.0,339.0,108.0,84.0,90.0,104.0,3.0
d__Bacteria;p__Actinobacteriota;c__Actinobacteria;o__Frankiales;__,0.0,0.0,0.0,0.0,0.0,10.0,0.0,50.0
d__Bacteria;p__Actinobacteriota;c__Actinobacteria;o__Frankiales;f__Sporichthyaceae,225.0,440.0,394.0,98.0,221.0,533.0,108.0,499.0
d__Bacteria;p__Actinobacteriota;c__Actinobacteria;o__Micrococcales;f__Microbacteriaceae,46.0,101.0,295.0,13.0,146.0,40.0,0.0,516.0
d__Bacteria;p__Actinobacteriota;c__Actinobacteria;o__PeM15;f__PeM15,0.0,5.0,0.0,3.0,0.0,0.0,3.0,0.0
d__Bacteria;p__Actinobacteriota;c__Thermoleophilia;o__Gaiellales;f__uncultured,0.0,0.0,94.0,13.0,12.0,0.0,22.0,0.0
d__Bacteria;p__Armatimonadota;c__Armatimonadia;o__Armatimonadales;f__Armatimonadaceae,0.0,35.0,14.0,40.0,423.0,252.0,35.0,0.0
d__Bacteria;p__Bacteroidota;c__Bacteroidia;o__Chitinophagales;f__Chitinophagaceae,517.0,688.0,828.0,297.0,1875.0,325.0,502.0,1133.0
d__Bacteria;p__Bacteroidota;c__Bacteroidia;o__Chitinophagales;f__Saprospiraceae,0.0,5.0,27.0,204.0,0.0,1.0,4.0,0.0
d__Bacteria;p__Bacteroidota;c__Bacteroidia;o__Chitinophagales;f__uncultured,0.0,85.0,0.0,0.0,0.0,0.0,0.0,31.0
d__Bacteria;p__Bacteroidota;c__Bacteroidia;o__Cytophagales;f__Cyclobacteriaceae,0.0,781.0,15.0,0.0,0.0,0.0,61.0,48.0
d__Bacteria;p__Bacteroidota;c__Bacteroidia;o__Cytophagales;f__Microscillaceae,2.0,0.0,0.0,0.0,0.0,11.0,0.0,0.0
d__Bacteria;p__Bacteroidota;c__Bacteroidia;o__Cytophagales;f__Spirosomaceae,204.0,81.0,261.0,0.0,156.0,92.0,20.0,289.0
d__Bacteria;p__Bacteroidota;c__Bacteroidia;o__Flavobacteriales;f__Crocinitomicaceae,31.0,118.0,283.0,329.0,121.0,72.0,16.0,327.0
d__Bacteria;p__Bacteroidota;c__Bacteroidia;o__Flavobacteriales;f__Cryomorphaceae,0.0,95.0,0.0,0.0,20.0,0.0,0.0,0.0
d__Bacteria;p__Bacteroidota;c__Bacteroidia;o__Flavobacteriales;f__Flavobacteriaceae,85.0,13.0,3347.0,7.0,324.0,12.0,17.0,1623.0
d__Bacteria;p__Bacteroidota;c__Bacteroidia;o__Flavobacteriales;f__NS9_marine_group,0.0,12.0,49.0,0.0,24.0,43.0,4.0,0.0
d__Bacteria;p__Bacteroidota;c__Bacteroidia;o__Sphingobacteriales;f__LiUU-11-161,0.0,42.0,0.0,21.0,86.0,0.0,0.0,0.0
d__Bacteria;p__Bacteroidota;c__Bacteroidia;o__Sphingobacteriales;f__NS11-12_marine_group,93.0,86.0,214.0,91.0,132.0,0.0,0.0,147.0
d__Bacteria;p__Bacteroidota;c__Bacteroidia;o__Sphingobacteriales;f__ST-12K33,0.0,0.0,0.0,0.0,0.0,97.0,0.0,124.0
d__Bacteria;p__Bacteroidota;c__Bacteroidia;o__Sphingobacteriales;f__Sphingobacteriaceae,10.0,0.0,0.0,0.0,19.0,0.0,0.0,0.0
d__Bacteria;p__Bacteroidota;c__Bacteroidia;o__Sphingobacteriales;f__env.OPS_17,14.0,43.0,0.0,24.0,15.0,0.0,10.0,0.0
d__Bacteria;p__Bacteroidota;c__Kapabacteria;o__Kapabacteriales;f__Kapabacteriales,0.0,2196.0,0.0,0.0,30.0,0.0,0.0,0.0
d__Bacteria;p__Bdellovibrionota;c__Bdellovibrionia;o__Bacteriovoracales;f__Bacteriovoracaceae,0.0,21.0,0.0,60.0,0.0,78.0,0.0,0.0
d__Bacteria;p__Bdellovibrionota;c__Oligoflexia;o__0319-6G20;f__0319-6G20,110.0,26.0,0.0,10.0,0.0,92.0,0.0,0.0
d__Bacteria;p__Bdellovibrionota;c__Oligoflexia;o__Oligoflexales;f__uncultured,0.0,0.0,110.0,11.0,69.0,0.0,12.0,0.0
d__Bacteria;p__Bdellovibrionota;c__Oligoflexia;o__Silvanigrellales;f__Silvanigrellaceae,0.0,12.0,0.0,0.0,0.0,32.0,0.0,164.0
d__Bacteria;p__Cyanobacteria;c__Cyanobacteriia;o__Chloroplast;f__Chloroplast,136.0,97.0,140.0,105.0,68.0,77.0,0.0,24.0
d__Bacteria;p__Cyanobacteria;c__Cyanobacteriia;o__Synechococcales;f__Cyanobiaceae,0.0,487.0,43.0,162.0,21.0,30.0,61.0,10.0
d__Bacteria;p__Firmicutes;c__Bacilli;o__Paenibacillales;f__Paenibacillaceae,0.0,0.0,348.0,0.0,892.0,29.0,0.0,0.0
d__Bacteria;p__Gemmatimonadota;c__Gemmatimonadetes;o__Gemmatimonadales;f__Gemmatimonadaceae,0.0,95.0,0.0,19.0,0.0,10.0,5.0,29.0
d__Bacteria;p__Planctomycetota;c__Planctomycetes;o__Gemmatales;f__Gemmataceae,0.0,48.0,303.0,9.0,0.0,0.0,16.0,10.0
d__Bacteria;p__Planctomycetota;c__Planctomycetes;o__Isosphaerales;f__Isosphaeraceae,0.0,2.0,663.0,16.0,5.0,0.0,2.0,0.0
d__Bacteria;p__Planctomycetota;c__Planctomycetes;o__Pirellulales;f__Pirellulaceae,0.0,56.0,109.0,97.0,0.0,12.0,31.0,0.0
d__Bacteria;p__Proteobacteria;c__Alphaproteobacteria;o__Rhizobiales;f__Beijerinckiaceae,0.0,0.0,80.0,13.0,30.0,17.0,13.0,0.0
d__Bacteria;p__Proteobacteria;c__Alphaproteobacteria;o__Rhizobiales;f__Rhizobiales_Incertae_Sedis,0.0,61.0,45.0,16.0,25.0,3.0,4.0,0.0
d__Bacteria;p__Proteobacteria;c__Alphaproteobacteria;o__Rhodobacterales;f__Rhodobacteraceae,0.0,68.0,0.0,0.0,12.0,14.0,0.0,11.0
d__Bacteria;p__Proteobacteria;c__Alphaproteobacteria;o__Sphingomonadales;f__Sphingomonadaceae,10.0,34.0,34.0,0.0,0.0,0.0,11.0,94.0
d__Bacteria;p__Proteobacteria;c__Gammaproteobacteria;o__Burkholderiales;f__Alcaligenaceae,153.0,27.0,193.0,0.0,52.0,305.0,62.0,78.0
d__Bacteria;p__Proteobacteria;c__Gammaproteobacteria;o__Burkholderiales;f__Burkholderiaceae,1545.0,1164.0,1640.0,529.0,491.0,382.0,621.0,586.0
d__Bacteria;p__Proteobacteria;c__Gammaproteobacteria;o__Burkholderiales;f__Comamonadaceae,1030.0,1696.0,1232.0,496.0,3473.0,1482.0,542.0,3609.0
d__Bacteria;p__Proteobacteria;c__Gammaproteobacteria;o__Burkholderiales;f__Methylophilaceae,502.0,410.0,951.0,107.0,494.0,335.0,339.0,1519.0
d__Bacteria;p__Proteobacteria;c__Gammaproteobacteria;o__Burkholderiales;f__Nitrosomonadaceae,0.0,0.0,5.0,41.0,0.0,0.0,0.0,0.0
d__Bacteria;p__Proteobacteria;c__Gammaproteobacteria;o__Burkholderiales;f__Oxalobacteraceae,30.0,101.0,40.0,42.0,109.0,61.0,17.0,0.0
d__Bacteria;p__Proteobacteria;c__Gammaproteobacteria;o__Burkholderiales;f__Rhodocyclaceae,89.0,0.0,38.0,0.0,0.0,0.0,0.0,0.0
d__Bacteria;p__Proteobacteria;c__Gammaproteobacteria;o__Burkholderiales;f__Sutterellaceae,2.0,0.0,0.0,31.0,5.0,0.0,0.0,0.0
d__Bacteria;p__Proteobacteria;c__Gammaproteobacteria;o__Burkholderiales;f__TRA3-20,0.0,3.0,12.0,0.0,0.0,0.0,0.0,0.0
d__Bacteria;p__Proteobacteria;c__Gammaproteobacteria;o__Gammaproteobacteria_Incertae_Sedis;f__Unknown_Family,0.0,528.0,2.0,52.0,18.0,10.0,19.0,0.0
d__Bacteria;p__Proteobacteria;c__Gammaproteobacteria;o__Methylococcales;f__Methylococcaceae,151.0,0.0,77.0,8.0,1.0,7.0,39.0,0.0
d__Bacteria;p__Proteobacteria;c__Gammaproteobacteria;o__Methylococcales;f__Methylomonadaceae,81.0,0.0,8.0,0.0,3.0,0.0,0.0,0.0
d__Bacteria;p__Proteobacteria;c__Gammaproteobacteria;o__Steroidobacterales;f__Steroidobacteraceae,37.0,0.0,193.0,147.0,122.0,0.0,61.0,0.0
d__Bacteria;p__Proteobacteria;c__Gammaproteobacteria;o__Xanthomonadales;f__Xanthomonadaceae,0.0,0.0,0.0,0.0,1.0,0.0,0.0,25.0
d__Bacteria;p__Verrucomicrobiota;c__Chlamydiae;o__Chlamydiales;f__Simkaniaceae,0.0,0.0,13.0,0.0,3.0,0.0,0.0,10.0
d__Bacteria;p__Verrucomicrobiota;c__Verrucomicrobiae;o__Chthoniobacterales;f__Chthoniobacteraceae,0.0,242.0,141.0,138.0,6.0,0.0,0.0,0.0
d__Bacteria;p__Verrucomicrobiota;c__Verrucomicrobiae;o__Chthoniobacterales;f__Terrimicrobiaceae,0.0,9.0,144.0,0.0,0.0,0.0,0.0,0.0
d__Bacteria;p__Verrucomicrobiota;c__Verrucomicrobiae;o__Opitutales;f__Opitutaceae,0.0,130.0,0.0,37.0,99.0,27.0,5.0,0.0
d__Bacteria;p__Verrucomicrobiota;c__Verrucomicrobiae;o__Pedosphaerales;f__Pedosphaeraceae,0.0,165.0,22.0,34.0,317.0,18.0,32.0,0.0
d__Bacteria;p__Verrucomicrobiota;c__Verrucomicrobiae;o__Verrucomicrobiales;f__Rubritaleaceae,0.0,0.0,156.0,0.0,342.0,0.0,0.0,1145.0
d__Bacteria;p__Verrucomicrobiota;c__Verrucomicrobiae;o__Verrucomicrobiales;f__Verrucomicrobiaceae,0.0,167.0,335.0,158.0,0.0,260.0,20.0,35.0
d__Bacteria;p__Verrucomicrobiota;c__Verrucomicrobiae;o__uncultured;f__uncultured,563.0,168.0,1667.0,275.0,277.0,88.0,52.0,895.0