# Constructed from biom file
#OTU ID,S10.222.Sed.S10,S21.224.Sed.S21,S28.226.Sed.S28,S30.228.Sed.S30,S32.230.Sed.S32,S11.242.Sed.S11,S15.244.Sed.S15,S22.246.Sed.S22,S25.248.Sed.S25,S31.250.Sed.S31
d__Bacteria;p__Acidobacteriota;c__Aminicenantia;o__Aminicenantales;f__Aminicenantales,11.0,15.0,7.0,76.0,69.0,53.0,8.0,53.0,26.0,23.0
d__Bacteria;p__Acidobacteriota;c__Holophagae;o__Holophagales;f__Holophagaceae,0.0,11.0,2.0,6.0,0.0,0.0,11.0,23.0,0.0,0.0
d__Bacteria;p__Acidobacteriota;c__Holophagae;o__Subgroup_7;f__Subgroup_7,8.0,92.0,39.0,3.0,23.0,46.0,31.0,64.0,0.0,11.0
d__Bacteria;p__Acidobacteriota;c__Subgroup_18;o__Subgroup_18;f__Subgroup_18,2.0,7.0,11.0,21.0,14.0,0.0,10.0,0.0,0.0,11.0
d__Bacteria;p__Acidobacteriota;c__Thermoanaerobaculia;o__Thermoanaerobaculales;f__Thermoanaerobaculaceae,0.0,0.0,0.0,3.0,3.0,0.0,10.0,0.0,0.0,11.0
d__Bacteria;p__Acidobacteriota;c__Vicinamibacteria;o__Subgroup_17;f__Subgroup_17,0.0,16.0,0.0,22.0,39.0,0.0,0.0,40.0,20.0,0.0
d__Bacteria;p__Acidobacteriota;c__Vicinamibacteria;o__Vicinamibacterales;f__Vicinamibacteraceae,10.0,41.0,42.0,97.0,0.0,32.0,18.0,48.0,39.0,48.0
d__Bacteria;p__Acidobacteriota;c__Vicinamibacteria;o__Vicinamibacterales;f__uncultured,79.0,58.0,55.0,147.0,130.0,95.0,67.0,82.0,94.0,68.0
d__Bacteria;p__Actinobacteriota;c__Acidimicrobiia;o__Microtrichales;f__Ilumatobacteraceae,0.0,0.0,12.0,3.0,0.0,0.0,0.0,12.0,0.0,0.0
d__Bacteria;p__Actinobacteriota;c__Actinobacteria;o__Corynebacteriales;f__Mycobacteriaceae,0.0,0.0,0.0,20.0,12.0,0.0,0.0,0.0,0.0,0.0
d__Bacteria;p__Actinobacteriota;c__Actinobacteria;o__Micrococcales;f__Intrasporangiaceae,5.0,0.0,6.0,3.0,0.0,0.0,0.0,0.0,3.0,0.0
d__Bacteria;p__Actinobacteriota;c__Actinobacteria;o__Micrococcales;f__Micrococcaceae,11.0,24.0,78.0,13.0,11.0,14.0,32.0,27.0,0.0,21.0
d__Bacteria;p__Actinobacteriota;c__Actinobacteria;o__PeM15;f__PeM15,3.0,27.0,15.0,91.0,38.0,0.0,9.0,46.0,33.0,0.0
d__Bacteria;p__Actinobacteriota;c__Actinobacteria;o__Propionibacteriales;f__Nocardioidaceae,26.0,97.0,10.0,8.0,20.0,33.0,79.0,86.0,28.0,19.0
d__Bacteria;p__Actinobacteriota;c__Thermoleophilia;o__Gaiellales;f__Gaiellaceae,16.0,48.0,15.0,31.0,9.0,18.0,18.0,50.0,30.0,17.0
d__Bacteria;p__Actinobacteriota;c__Thermoleophilia;o__Gaiellales;f__uncultured,81.0,247.0,85.0,255.0,73.0,121.0,101.0,152.0,113.0,69.0
d__Bacteria;p__Actinobacteriota;c__Thermoleophilia;o__Solirubrobacterales;f__67-14,52.0,17.0,0.0,15.0,0.0,0.0,0.0,7.0,0.0,0.0
d__Bacteria;p__Actinobacteriota;c__Thermoleophilia;o__Solirubrobacterales;f__Solirubrobacteraceae,6.0,10.0,0.0,5.0,0.0,0.0,0.0,13.0,6.0,0.0
d__Bacteria;p__Bacteroidota;c__Bacteroidia;o__Bacteroidales;f__Bacteroidetes_vadinHA17,152.0,257.0,220.0,284.0,111.0,279.0,164.0,276.0,274.0,146.0
d__Bacteria;p__Bacteroidota;c__Bacteroidia;o__Bacteroidales;f__Paludibacteraceae,0.0,13.0,0.0,0.0,10.0,0.0,0.0,0.0,31.0,0.0
d__Bacteria;p__Bacteroidota;c__Bacteroidia;o__Bacteroidales;f__Prolixibacteraceae,49.0,39.0,51.0,9.0,11.0,36.0,21.0,24.0,13.0,12.0
d__Bacteria;p__Bacteroidota;c__Bacteroidia;o__Bacteroidales;f__SB-5,35.0,36.0,55.0,0.0,16.0,31.0,35.0,49.0,26.0,62.0
d__Bacteria;p__Bacteroidota;c__Bacteroidia;o__Chitinophagales;f__Chitinophagaceae,65.0,73.0,17.0,49.0,23.0,4.0,23.0,61.0,21.0,22.0
d__Bacteria;p__Bacteroidota;c__Bacteroidia;o__Chitinophagales;f__Saprospiraceae,44.0,45.0,0.0,61.0,11.0,8.0,49.0,25.0,0.0,0.0
d__Bacteria;p__Bacteroidota;c__Bacteroidia;o__Cytophagales;f__Cyclobacteriaceae,0.0,16.0,5.0,11.0,35.0,0.0,16.0,30.0,47.0,29.0
d__Bacteria;p__Bacteroidota;c__Bacteroidia;o__Cytophagales;f__Microscillaceae,0.0,11.0,0.0,0.0,5.0,0.0,0.0,0.0,13.0,0.0
d__Bacteria;p__Bacteroidota;c__Bacteroidia;o__Sphingobacteriales;f__Lentimicrobiaceae,101.0,61.0,73.0,64.0,75.0,90.0,33.0,81.0,59.0,47.0
d__Bacteria;p__Bacteroidota;c__Bacteroidia;o__Sphingobacteriales;f__Sphingobacteriaceae,0.0,29.0,46.0,5.0,5.0,0.0,12.0,0.0,26.0,0.0
d__Bacteria;p__Bacteroidota;c__Ignavibacteria;o__Ignavibacteriales;f__BSV40,21.0,5.0,0.0,0.0,0.0,0.0,0.0,0.0,5.0,0.0
d__Bacteria;p__Bacteroidota;c__Ignavibacteria;o__Ignavibacteriales;f__Ignavibacteriaceae,27.0,8.0,16.0,37.0,20.0,11.0,43.0,32.0,33.0,26.0
d__Bacteria;p__Bacteroidota;c__Ignavibacteria;o__Ignavibacteriales;f__LD-RB-34,0.0,0.0,0.0,17.0,18.0,0.0,0.0,0.0,0.0,0.0
d__Bacteria;p__Bacteroidota;c__Ignavibacteria;o__Ignavibacteriales;f__PHOS-HE36,11.0,0.0,0.0,27.0,12.0,0.0,0.0,0.0,6.0,0.0
d__Bacteria;p__Bacteroidota;c__Ignavibacteria;o__Ignavibacteriales;f__UA-50,11.0,0.0,0.0,0.0,0.0,11.0,13.0,0.0,0.0,0.0
d__Bacteria;p__Bacteroidota;c__Kryptonia;o__Kryptoniales;f__BSV26,17.0,33.0,58.0,10.0,6.0,0.0,0.0,40.0,23.0,20.0
d__Bacteria;p__Bacteroidota;c__SJA-28;o__SJA-28;f__SJA-28,14.0,46.0,0.0,0.0,11.0,26.0,24.0,48.0,0.0,0.0
d__Bacteria;p__Bdellovibrionota;c__Oligoflexia;o__Silvanigrellales;f__Silvanigrellaceae,32.0,27.0,0.0,28.0,0.0,0.0,17.0,10.0,0.0,0.0
d__Bacteria;p__Chloroflexi;c__Anaerolineae;o__Anaerolineales;f__Anaerolineaceae,20.0,0.0,0.0,10.0,0.0,12.0,22.0,11.0,11.0,0.0
d__Bacteria;p__Chloroflexi;c__Anaerolineae;o__Caldilineales;f__Caldilineaceae,0.0,0.0,0.0,0.0,0.0,0.0,0.0,6.0,0.0,9.0
d__Bacteria;p__Chloroflexi;c__Anaerolineae;o__SJA-15;f__SJA-15,17.0,16.0,0.0,7.0,0.0,11.0,34.0,3.0,10.0,0.0
d__Bacteria;p__Chloroflexi;c__KD4-96;o__KD4-96;f__KD4-96,0.0,14.0,0.0,36.0,0.0,0.0,0.0,17.0,13.0,0.0
d__Bacteria;p__Chloroflexi;c__Ktedonobacteria;o__C0119;f__C0119,5.0,0.0,0.0,0.0,6.0,5.0,0.0,10.0,0.0,0.0
d__Bacteria;p__Cyanobacteria;c__Cyanobacteriia;o__Chloroplast;f__Chloroplast,26.0,10.0,23.0,57.0,11.0,0.0,0.0,0.0,52.0,75.0
d__Bacteria;p__Cyanobacteria;c__Cyanobacteriia;o__Cyanobacteriales;f__Nostocaceae,0.0,0.0,16.0,0.0,29.0,83.0,0.0,14.0,0.0,0.0
d__Bacteria;p__Cyanobacteria;c__Cyanobacteriia;o__Cyanobacteriales;f__Phormidiaceae,240.0,311.0,253.0,72.0,11.0,36.0,50.0,406.0,52.0,198.0
d__Bacteria;p__Cyanobacteria;c__Cyanobacteriia;o__Oxyphotobacteria_Incertae_Sedis;f__Unknown_Family,2.0,0.0,49.0,0.0,6.0,0.0,11.0,0.0,0.0,34.0
d__Bacteria;p__Cyanobacteria;c__Cyanobacteriia;o__Phormidesmiales;f__Nodosilineaceae,0.0,24.0,49.0,16.0,0.0,14.0,16.0,11.0,0.0,67.0
d__Bacteria;p__Cyanobacteria;c__Cyanobacteriia;o__Synechococcales;f__Cyanobiaceae,20.0,25.0,0.0,0.0,0.0,0.0,10.0,0.0,0.0,0.0
d__Bacteria;p__Desulfobacterota;c__Desulfobaccia;o__Desulfobaccales;f__Desulfobaccaceae,17.0,30.0,11.0,27.0,7.0,0.0,47.0,38.0,24.0,10.0
d__Bacteria;p__Desulfobacterota;c__Desulfobacteria;o__Desulfobacterales;f__Desulfococcaceae,0.0,0.0,0.0,0.0,12.0,0.0,11.0,0.0,0.0,0.0
d__Bacteria;p__Desulfobacterota;c__Desulfobacteria;o__Desulfobacterales;f__Desulfosarcinaceae,42.0,28.0,20.0,217.0,143.0,0.0,22.0,41.0,107.0,74.0
d__Bacteria;p__Desulfobacterota;c__Desulfobulbia;o__Desulfobulbales;f__Desulfobulbaceae,84.0,0.0,18.0,0.0,5.0,0.0,0.0,4.0,0.0,0.0
d__Bacteria;p__Desulfobacterota;c__Desulfobulbia;o__Desulfobulbales;f__Desulfocapsaceae,42.0,79.0,44.0,76.0,40.0,12.0,82.0,48.0,25.0,33.0
d__Bacteria;p__Desulfobacterota;c__Desulfomonilia;o__Desulfomonilales;f__Desulfomonilaceae,12.0,0.0,0.0,39.0,0.0,0.0,0.0,0.0,34.0,0.0
d__Bacteria;p__Desulfobacterota;c__Desulfuromonadia;o__Geobacterales;f__Geobacteraceae,43.0,77.0,57.0,79.0,115.0,10.0,0.0,36.0,103.0,66.0
d__Bacteria;p__Desulfobacterota;c__Syntrophia;o__Syntrophales;f__Smithellaceae,15.0,0.0,0.0,19.0,13.0,19.0,11.0,0.0,0.0,0.0
d__Bacteria;p__Desulfobacterota;c__Syntrophia;o__Syntrophales;f__Syntrophaceae,12.0,0.0,0.0,17.0,23.0,11.0,10.0,0.0,5.0,8.0
d__Bacteria;p__Desulfobacterota;c__Syntrophia;o__Syntrophales;f__uncultured,57.0,56.0,46.0,89.0,103.0,60.0,91.0,52.0,88.0,130.0
d__Bacteria;p__Desulfobacterota;c__Syntrophobacteria;o__Syntrophobacterales;f__Syntrophobacteraceae,63.0,83.0,63.0,89.0,16.0,44.0,279.0,118.0,30.0,61.0
d__Bacteria;p__Desulfobacterota;c__Syntrophobacteria;o__Syntrophobacterales;f__uncultured,0.0,0.0,0.0,11.0,12.0,0.0,0.0,0.0,0.0,2.0
d__Bacteria;p__Desulfobacterota;c__Syntrophorhabdia;o__Syntrophorhabdales;f__Syntrophorhabdaceae,26.0,51.0,46.0,85.0,90.0,56.0,75.0,76.0,73.0,119.0
d__Bacteria;p__Desulfobacterota;c__uncultured;o__uncultured;f__uncultured,0.0,0.0,0.0,0.0,11.0,0.0,1.0,0.0,0.0,0.0
d__Bacteria;p__Fibrobacterota;c__Fibrobacteria;o__Fibrobacterales;f__Fibrobacterales,0.0,13.0,0.0,0.0,0.0,16.0,10.0,0.0,0.0,0.0
d__Bacteria;p__Firmicutes;c__Bacilli;o__Alicyclobacillales;f__Alicyclobacillaceae,0.0,3.0,0.0,6.0,0.0,0.0,0.0,30.0,7.0,0.0
d__Bacteria;p__Firmicutes;c__Bacilli;o__Bacillales;f__Bacillaceae,42.0,0.0,5.0,4.0,2.0,10.0,1.0,22.0,3.0,3.0
d__Bacteria;p__Firmicutes;c__Bacilli;o__Erysipelotrichales;f__Erysipelotrichaceae,0.0,9.0,0.0,0.0,0.0,0.0,1.0,0.0,0.0,0.0
d__Bacteria;p__Firmicutes;c__Negativicutes;o__Veillonellales-Selenomonadales;f__Sporomusaceae,0.0,0.0,3.0,0.0,10.0,0.0,2.0,0.0,0.0,0.0
d__Bacteria;p__Firmicutes;c__Syntrophomonadia;o__Syntrophomonadales;f__Syntrophomonadaceae,0.0,0.0,9.0,0.0,0.0,0.0,0.0,0.0,9.0,0.0
d__Bacteria;p__Gemmatimonadota;c__Gemmatimonadetes;o__Gemmatimonadales;f__Gemmatimonadaceae,33.0,49.0,0.0,7.0,28.0,20.0,16.0,21.0,55.0,0.0
d__Bacteria;p__Gemmatimonadota;c__Longimicrobia;o__Longimicrobiales;f__Longimicrobiaceae,0.0,8.0,59.0,17.0,0.0,0.0,0.0,0.0,14.0,27.0
d__Bacteria;p__Latescibacterota;c__Latescibacteria;o__Latescibacterales;f__Latescibacteraceae,0.0,0.0,0.0,10.0,0.0,0.0,0.0,3.0,0.0,0.0
d__Bacteria;p__MBNT15;c__MBNT15;o__MBNT15;f__MBNT15,16.0,8.0,0.0,18.0,9.0,6.0,19.0,12.0,5.0,0.0
d__Bacteria;p__Myxococcota;c__Myxococcia;o__Myxococcales;f__Anaeromyxobacteraceae,0.0,34.0,32.0,22.0,10.0,10.0,19.0,55.0,18.0,12.0
d__Bacteria;p__Myxococcota;c__Myxococcia;o__Myxococcales;f__Myxococcaceae,0.0,23.0,24.0,39.0,36.0,55.0,26.0,68.0,36.0,54.0
d__Bacteria;p__Myxococcota;c__Polyangia;o__Haliangiales;f__Haliangiaceae,0.0,11.0,0.0,0.0,0.0,4.0,16.0,13.0,0.0,0.0
d__Bacteria;p__Myxococcota;c__Polyangia;o__Nannocystales;f__Nannocystaceae,0.0,0.0,3.0,0.0,0.0,0.0,10.0,0.0,0.0,13.0
d__Bacteria;p__Myxococcota;c__Polyangia;o__Polyangiales;f__Polyangiaceae,9.0,27.0,26.0,18.0,0.0,14.0,21.0,43.0,12.0,12.0
d__Bacteria;p__Myxococcota;c__Polyangia;o__Polyangiales;f__Sandaracinaceae,1.0,0.0,0.0,0.0,0.0,0.0,0.0,3.0,0.0,0.0
d__Bacteria;p__Myxococcota;c__Polyangia;o__mle1-27;f__mle1-27,1.0,0.0,0.0,0.0,2.0,0.0,0.0,11.0,0.0,0.0
d__Bacteria;p__Nitrospinota;c__P9X2b3D02;o__P9X2b3D02;f__P9X2b3D02,0.0,0.0,0.0,57.0,105.0,0.0,0.0,10.0,33.0,0.0
d__Bacteria;p__Nitrospirota;c__4-29-1;o__4-29-1;f__4-29-1,0.0,0.0,0.0,0.0,0.0,2.0,0.0,0.0,0.0,2.0
d__Bacteria;p__Nitrospirota;c__Nitrospiria;o__Nitrospirales;f__Nitrospiraceae,8.0,47.0,39.0,29.0,7.0,28.0,60.0,34.0,6.0,30.0
d__Bacteria;p__Planctomycetota;c__Planctomycetes;o__Gemmatales;f__Gemmataceae,0.0,0.0,0.0,10.0,10.0,0.0,0.0,0.0,0.0,0.0
d__Bacteria;p__Planctomycetota;c__Planctomycetes;o__Isosphaerales;f__Isosphaeraceae,0.0,10.0,0.0,4.0,0.0,0.0,0.0,0.0,12.0,0.0
d__Bacteria;p__Planctomycetota;c__Planctomycetes;o__Pirellulales;f__Pirellulaceae,0.0,0.0,0.0,20.0,0.0,0.0,8.0,0.0,31.0,0.0
d__Bacteria;p__Proteobacteria;c__Alphaproteobacteria;o__Rhizobiales;f__Beijerinckiaceae,0.0,11.0,17.0,39.0,0.0,0.0,23.0,34.0,21.0,8.0
d__Bacteria;p__Proteobacteria;c__Alphaproteobacteria;o__Rhizobiales;f__Hyphomicrobiaceae,0.0,0.0,0.0,0.0,0.0,10.0,0.0,0.0,12.0,0.0
d__Bacteria;p__Proteobacteria;c__Alphaproteobacteria;o__Rhodobacterales;f__Rhodobacteraceae,0.0,0.0,11.0,26.0,11.0,0.0,0.0,20.0,0.0,11.0
d__Bacteria;p__Proteobacteria;c__Gammaproteobacteria;o__Arenicellales;f__Arenicellaceae,0.0,0.0,0.0,54.0,42.0,0.0,0.0,0.0,17.0,10.0
d__Bacteria;p__Proteobacteria;c__Gammaproteobacteria;o__Burkholderiales;f__A21b,0.0,0.0,0.0,0.0,0.0,0.0,1.0,6.0,2.0,5.0
d__Bacteria;p__Proteobacteria;c__Gammaproteobacteria;o__Burkholderiales;f__Burkholderiaceae,0.0,0.0,19.0,0.0,28.0,0.0,0.0,0.0,33.0,0.0
d__Bacteria;p__Proteobacteria;c__Gammaproteobacteria;o__Burkholderiales;f__Comamonadaceae,128.0,70.0,36.0,148.0,170.0,21.0,100.0,99.0,94.0,34.0
d__Bacteria;p__Proteobacteria;c__Gammaproteobacteria;o__Burkholderiales;f__Gallionellaceae,4.0,0.0,0.0,0.0,17.0,2.0,11.0,6.0,2.0,0.0
d__Bacteria;p__Proteobacteria;c__Gammaproteobacteria;o__Burkholderiales;f__Hydrogenophilaceae,12.0,18.0,11.0,59.0,25.0,10.0,11.0,15.0,45.0,6.0
d__Bacteria;p__Proteobacteria;c__Gammaproteobacteria;o__Burkholderiales;f__Methylophilaceae,11.0,0.0,0.0,0.0,10.0,10.0,10.0,0.0,10.0,0.0
d__Bacteria;p__Proteobacteria;c__Gammaproteobacteria;o__Burkholderiales;f__Nitrosomonadaceae,13.0,18.0,12.0,50.0,10.0,34.0,11.0,30.0,33.0,3.0
d__Bacteria;p__Proteobacteria;c__Gammaproteobacteria;o__Burkholderiales;f__Oxalobacteraceae,4.0,8.0,0.0,0.0,0.0,0.0,5.0,4.0,51.0,0.0
d__Bacteria;p__Proteobacteria;c__Gammaproteobacteria;o__Burkholderiales;f__Rhodocyclaceae,122.0,164.0,339.0,1898.0,1027.0,29.0,381.0,445.0,916.0,604.0
d__Bacteria;p__Proteobacteria;c__Gammaproteobacteria;o__Burkholderiales;f__SC-I-84,35.0,135.0,120.0,489.0,195.0,20.0,83.0,209.0,173.0,42.0
d__Bacteria;p__Proteobacteria;c__Gammaproteobacteria;o__Burkholderiales;f__Sulfuricellaceae,0.0,0.0,0.0,0.0,10.0,1.0,0.0,0.0,0.0,0.0
d__Bacteria;p__Proteobacteria;c__Gammaproteobacteria;o__Burkholderiales;f__Sutterellaceae,111.0,225.0,85.0,368.0,163.0,81.0,164.0,154.0,108.0,69.0
d__Bacteria;p__Proteobacteria;c__Gammaproteobacteria;o__Burkholderiales;f__TRA3-20,0.0,3.0,2.0,0.0,0.0,0.0,0.0,0.0,0.0,5.0
d__Bacteria;p__Proteobacteria;c__Gammaproteobacteria;o__Gammaproteobacteria_Incertae_Sedis;f__Unknown_Family,8.0,0.0,0.0,0.0,0.0,16.0,2.0,6.0,0.0,0.0
d__Bacteria;p__Proteobacteria;c__Gammaproteobacteria;o__Methylococcales;f__Methylococcaceae,0.0,20.0,0.0,8.0,71.0,21.0,0.0,6.0,0.0,11.0
d__Bacteria;p__Proteobacteria;c__Gammaproteobacteria;o__Methylococcales;f__Methylomonadaceae,13.0,32.0,26.0,191.0,136.0,36.0,103.0,60.0,168.0,48.0
d__Bacteria;p__Proteobacteria;c__Gammaproteobacteria;o__R7C24;f__R7C24,0.0,0.0,0.0,0.0,4.0,0.0,0.0,4.0,2.0,2.0
d__Bacteria;p__Proteobacteria;c__Gammaproteobacteria;o__Run-SP154;f__Run-SP154,0.0,0.0,0.0,17.0,10.0,0.0,0.0,0.0,0.0,0.0
d__Bacteria;p__Proteobacteria;c__Gammaproteobacteria;o__SZB30;f__SZB30,0.0,0.0,0.0,38.0,15.0,0.0,0.0,0.0,0.0,0.0
d__Bacteria;p__Proteobacteria;c__Gammaproteobacteria;o__Steroidobacterales;f__Steroidobacteraceae,123.0,259.0,111.0,657.0,310.0,55.0,156.0,241.0,134.0,117.0
d__Bacteria;p__Proteobacteria;c__Gammaproteobacteria;o__WD260;f__WD260,2.0,0.0,0.0,0.0,0.0,0.0,1.0,0.0,0.0,0.0
d__Bacteria;p__Proteobacteria;c__Gammaproteobacteria;o__Xanthomonadales;f__Rhodanobacteraceae,23.0,25.0,3.0,15.0,2.0,14.0,17.0,19.0,15.0,0.0
d__Bacteria;p__Proteobacteria;c__Gammaproteobacteria;o__Xanthomonadales;f__Xanthomonadaceae,39.0,52.0,43.0,86.0,60.0,28.0,55.0,101.0,24.0,32.0
d__Bacteria;p__Spirochaetota;c__Spirochaetia;o__Spirochaetales;f__Spirochaetaceae,2.0,16.0,0.0,0.0,0.0,12.0,12.0,18.0,0.0,10.0
d__Bacteria;p__Sva0485;c__Sva0485;o__Sva0485;f__Sva0485,0.0,0.0,0.0,24.0,31.0,0.0,0.0,0.0,42.0,0.0
d__Bacteria;p__TA06;c__TA06;o__TA06;f__TA06,10.0,27.0,0.0,0.0,0.0,0.0,55.0,16.0,0.0,0.0
d__Bacteria;p__Verrucomicrobiota;c__Verrucomicrobiae;o__Chthoniobacterales;f__Chthoniobacteraceae,0.0,0.0,4.0,0.0,2.0,0.0,0.0,0.0,0.0,9.0
d__Bacteria;p__Verrucomicrobiota;c__Verrucomicrobiae;o__Opitutales;f__Opitutaceae,6.0,0.0,0.0,0.0,0.0,0.0,0.0,11.0,0.0,0.0
d__Bacteria;p__Verrucomicrobiota;c__Verrucomicrobiae;o__Pedosphaerales;f__Pedosphaeraceae,52.0,94.0,50.0,78.0,16.0,58.0,128.0,141.0,52.0,18.0
d__Bacteria;p__Verrucomicrobiota;c__Verrucomicrobiae;o__Verrucomicrobiales;f__Rubritaleaceae,6.0,4.0,18.0,56.0,63.0,23.0,50.0,0.0,76.0,24.0
d__Bacteria;p__Verrucomicrobiota;c__Verrucomicrobiae;o__Verrucomicrobiales;f__Verrucomicrobiaceae,11.0,0.0,0.0,18.0,0.0,11.0,0.0,0.0,11.0,0.0
d__Bacteria;p__Zixibacteria;c__Zixibacteria;o__Zixibacteria;f__Zixibacteria,0.0,16.0,0.0,0.0,0.0,14.0,0.0,14.0,0.0,0.0