# Constructed from biom file
#OTU ID,S8.201.Sed.S8,S14.203.Sed.S14,S18.205.Sed.S18,S24.207.Sed.S24,S29.209.Sed.S29,S12.211.Sed.S12,S16.213.Sed.S16,S19.215.Sed.S19,S23.217.Sed.S23,S26.219.Sed.S26
d__Bacteria;p__Acidobacteriota;c__Acidobacteriae;o__Subgroup_2;f__Subgroup_2,40.0,0.0,34.0,106.0,0.0,10.0,0.0,0.0,0.0,0.0
d__Bacteria;p__Acidobacteriota;c__Aminicenantia;o__Aminicenantales;f__Aminicenantales,0.0,38.0,76.0,0.0,0.0,140.0,27.0,10.0,23.0,130.0
d__Bacteria;p__Acidobacteriota;c__Holophagae;o__Holophagales;f__Holophagaceae,41.0,1.0,91.0,23.0,0.0,10.0,0.0,5.0,1.0,159.0
d__Bacteria;p__Acidobacteriota;c__Holophagae;o__Subgroup_7;f__Subgroup_7,10.0,76.0,0.0,133.0,81.0,42.0,34.0,13.0,11.0,13.0
d__Bacteria;p__Acidobacteriota;c__Subgroup_18;o__Subgroup_18;f__Subgroup_18,10.0,13.0,40.0,0.0,0.0,14.0,0.0,0.0,26.0,25.0
d__Bacteria;p__Acidobacteriota;c__Thermoanaerobaculia;o__Thermoanaerobaculales;f__Thermoanaerobaculaceae,26.0,67.0,75.0,10.0,0.0,65.0,15.0,0.0,0.0,11.0
d__Bacteria;p__Acidobacteriota;c__Vicinamibacteria;o__Subgroup_17;f__Subgroup_17,0.0,0.0,14.0,22.0,10.0,5.0,0.0,9.0,0.0,12.0
d__Bacteria;p__Acidobacteriota;c__Vicinamibacteria;o__Vicinamibacterales;__,0.0,0.0,0.0,0.0,0.0,17.0,0.0,0.0,7.0,0.0
d__Bacteria;p__Acidobacteriota;c__Vicinamibacteria;o__Vicinamibacterales;f__Vicinamibacteraceae,26.0,0.0,6.0,0.0,78.0,30.0,0.0,7.0,0.0,4.0
d__Bacteria;p__Acidobacteriota;c__Vicinamibacteria;o__Vicinamibacterales;f__uncultured,183.0,133.0,159.0,67.0,27.0,78.0,52.0,25.0,30.0,25.0
d__Bacteria;p__Actinobacteriota;c__Acidimicrobiia;o__IMCC26256;f__IMCC26256,28.0,24.0,0.0,10.0,0.0,0.0,20.0,0.0,0.0,0.0
d__Bacteria;p__Actinobacteriota;c__Actinobacteria;o__Corynebacteriales;f__Mycobacteriaceae,0.0,18.0,12.0,0.0,0.0,17.0,15.0,12.0,4.0,0.0
d__Bacteria;p__Actinobacteriota;c__Actinobacteria;o__Frankiales;f__Sporichthyaceae,0.0,0.0,0.0,0.0,0.0,0.0,6.0,0.0,0.0,10.0
d__Bacteria;p__Actinobacteriota;c__Actinobacteria;o__Micrococcales;f__Intrasporangiaceae,0.0,25.0,0.0,20.0,16.0,10.0,0.0,17.0,28.0,10.0
d__Bacteria;p__Actinobacteriota;c__Actinobacteria;o__Micrococcales;f__Microbacteriaceae,12.0,10.0,0.0,10.0,0.0,0.0,0.0,0.0,0.0,0.0
d__Bacteria;p__Actinobacteriota;c__Actinobacteria;o__Micrococcales;f__Micrococcaceae,17.0,31.0,41.0,41.0,74.0,31.0,26.0,10.0,33.0,0.0
d__Bacteria;p__Actinobacteriota;c__Actinobacteria;o__PeM15;f__PeM15,0.0,5.0,0.0,0.0,29.0,9.0,6.0,12.0,3.0,11.0
d__Bacteria;p__Actinobacteriota;c__Actinobacteria;o__Propionibacteriales;f__Nocardioidaceae,166.0,167.0,107.0,397.0,174.0,159.0,243.0,49.0,169.0,19.0
d__Bacteria;p__Actinobacteriota;c__Thermoleophilia;o__Gaiellales;f__Gaiellaceae,62.0,45.0,25.0,99.0,41.0,13.0,32.0,35.0,37.0,29.0
d__Bacteria;p__Actinobacteriota;c__Thermoleophilia;o__Gaiellales;f__uncultured,239.0,159.0,213.0,215.0,90.0,58.0,75.0,36.0,69.0,115.0
d__Bacteria;p__Actinobacteriota;c__Thermoleophilia;o__Solirubrobacterales;f__67-14,14.0,7.0,10.0,0.0,21.0,9.0,6.0,0.0,0.0,14.0
d__Bacteria;p__Actinobacteriota;c__Thermoleophilia;o__Solirubrobacterales;f__Solirubrobacteraceae,14.0,25.0,23.0,9.0,9.0,28.0,23.0,7.0,11.0,19.0
d__Bacteria;p__Bacteroidota;c__Bacteroidia;o__Bacteroidales;f__Bacteroidetes_vadinHA17,195.0,61.0,283.0,261.0,153.0,249.0,147.0,67.0,148.0,444.0
d__Bacteria;p__Bacteroidota;c__Bacteroidia;o__Bacteroidales;f__Paludibacteraceae,13.0,0.0,0.0,0.0,0.0,0.0,0.0,0.0,10.0,0.0
d__Bacteria;p__Bacteroidota;c__Bacteroidia;o__Bacteroidales;f__Prolixibacteraceae,52.0,0.0,0.0,27.0,103.0,3.0,0.0,0.0,12.0,2.0
d__Bacteria;p__Bacteroidota;c__Bacteroidia;o__Bacteroidales;f__SB-5,11.0,30.0,9.0,95.0,52.0,42.0,13.0,29.0,34.0,20.0
d__Bacteria;p__Bacteroidota;c__Bacteroidia;o__Chitinophagales;f__Chitinophagaceae,124.0,170.0,214.0,351.0,116.0,98.0,106.0,39.0,52.0,224.0
d__Bacteria;p__Bacteroidota;c__Bacteroidia;o__Chitinophagales;f__Saprospiraceae,0.0,0.0,0.0,0.0,17.0,2.0,0.0,14.0,0.0,0.0
d__Bacteria;p__Bacteroidota;c__Bacteroidia;o__Cytophagales;f__Cyclobacteriaceae,0.0,0.0,0.0,8.0,26.0,0.0,4.0,17.0,0.0,0.0
d__Bacteria;p__Bacteroidota;c__Bacteroidia;o__Cytophagales;f__Hymenobacteraceae,0.0,13.0,0.0,31.0,0.0,0.0,0.0,0.0,0.0,0.0
d__Bacteria;p__Bacteroidota;c__Bacteroidia;o__Sphingobacteriales;f__Lentimicrobiaceae,40.0,3.0,39.0,41.0,114.0,42.0,3.0,77.0,26.0,48.0
d__Bacteria;p__Bacteroidota;c__Bacteroidia;o__Sphingobacteriales;f__Sphingobacteriaceae,0.0,0.0,0.0,17.0,24.0,65.0,19.0,0.0,18.0,14.0
d__Bacteria;p__Bacteroidota;c__Chlorobia;o__Chlorobiales;f__Chlorobiaceae,188.0,0.0,23.0,0.0,0.0,0.0,0.0,0.0,0.0,21.0
d__Bacteria;p__Bacteroidota;c__Ignavibacteria;o__Ignavibacteriales;__,15.0,0.0,79.0,0.0,0.0,0.0,0.0,0.0,0.0,41.0
d__Bacteria;p__Bacteroidota;c__Ignavibacteria;o__Ignavibacteriales;f__BSV40,0.0,0.0,40.0,42.0,19.0,0.0,0.0,0.0,12.0,0.0
d__Bacteria;p__Bacteroidota;c__Ignavibacteria;o__Ignavibacteriales;f__Ignavibacteriaceae,0.0,13.0,0.0,16.0,25.0,14.0,0.0,36.0,31.0,0.0
d__Bacteria;p__Bacteroidota;c__Ignavibacteria;o__Ignavibacteriales;f__UA-50,0.0,0.0,0.0,2.0,0.0,0.0,6.0,0.0,0.0,0.0
d__Bacteria;p__Bacteroidota;c__Kapabacteria;o__Kapabacteriales;f__Kapabacteriales,0.0,7.0,0.0,0.0,11.0,0.0,0.0,0.0,0.0,0.0
d__Bacteria;p__Bacteroidota;c__Kryptonia;o__Kryptoniales;f__BSV26,0.0,21.0,63.0,32.0,45.0,43.0,15.0,10.0,63.0,15.0
d__Bacteria;p__Bacteroidota;c__SJA-28;o__SJA-28;f__SJA-28,0.0,3.0,0.0,0.0,0.0,0.0,11.0,0.0,0.0,0.0
d__Bacteria;p__Bdellovibrionota;c__Oligoflexia;o__Oligoflexales;f__Oligoflexales,0.0,0.0,0.0,0.0,28.0,0.0,0.0,24.0,0.0,0.0
d__Bacteria;p__Chloroflexi;c__Anaerolineae;o__Anaerolineales;f__Anaerolineaceae,4.0,0.0,37.0,0.0,21.0,20.0,1.0,0.0,4.0,22.0
d__Bacteria;p__Chloroflexi;c__Anaerolineae;o__SJA-15;f__SJA-15,0.0,3.0,12.0,0.0,0.0,0.0,0.0,0.0,3.0,0.0
d__Bacteria;p__Chloroflexi;c__KD4-96;o__KD4-96;f__KD4-96,0.0,3.0,0.0,7.0,11.0,0.0,0.0,0.0,0.0,1.0
d__Bacteria;p__Chloroflexi;c__Ktedonobacteria;o__C0119;f__C0119,39.0,60.0,26.0,13.0,0.0,33.0,13.0,9.0,33.0,10.0
d__Bacteria;p__Cyanobacteria;c__Cyanobacteriia;o__Chloroplast;f__Chloroplast,10.0,0.0,6.0,0.0,63.0,28.0,100.0,0.0,12.0,0.0
d__Bacteria;p__Cyanobacteria;c__Cyanobacteriia;o__Cyanobacteriales;f__Nostocaceae,0.0,1.0,0.0,22.0,0.0,0.0,0.0,0.0,0.0,0.0
d__Bacteria;p__Cyanobacteria;c__Cyanobacteriia;o__Cyanobacteriales;f__Phormidiaceae,2.0,8.0,0.0,2.0,56.0,250.0,12.0,0.0,14.0,0.0
d__Bacteria;p__Cyanobacteria;c__Cyanobacteriia;o__Phormidesmiales;f__Nodosilineaceae,0.0,3.0,0.0,0.0,51.0,12.0,0.0,0.0,0.0,0.0
d__Bacteria;p__Desulfobacterota;c__Desulfobaccia;o__Desulfobaccales;f__Desulfobaccaceae,0.0,35.0,37.0,0.0,31.0,66.0,18.0,0.0,10.0,33.0
d__Bacteria;p__Desulfobacterota;c__Desulfobacteria;o__Desulfobacterales;f__Desulfosarcinaceae,5.0,1.0,47.0,0.0,64.0,65.0,0.0,0.0,10.0,50.0
d__Bacteria;p__Desulfobacterota;c__Desulfobulbia;o__Desulfobulbales;f__Desulfobulbaceae,13.0,0.0,20.0,14.0,0.0,0.0,1.0,14.0,0.0,4.0
d__Bacteria;p__Desulfobacterota;c__Desulfobulbia;o__Desulfobulbales;f__Desulfocapsaceae,42.0,28.0,67.0,57.0,45.0,43.0,9.0,57.0,37.0,10.0
d__Bacteria;p__Desulfobacterota;c__Desulfuromonadia;o__Geobacterales;f__Geobacteraceae,192.0,10.0,71.0,248.0,47.0,45.0,4.0,10.0,29.0,28.0
d__Bacteria;p__Desulfobacterota;c__Syntrophia;o__Syntrophales;f__Syntrophaceae,0.0,9.0,36.0,0.0,0.0,14.0,0.0,0.0,20.0,17.0
d__Bacteria;p__Desulfobacterota;c__Syntrophia;o__Syntrophales;f__uncultured,0.0,21.0,67.0,0.0,32.0,57.0,7.0,16.0,46.0,77.0
d__Bacteria;p__Desulfobacterota;c__Syntrophobacteria;o__Syntrophobacterales;f__Syntrophobacteraceae,29.0,9.0,69.0,0.0,152.0,82.0,4.0,13.0,30.0,89.0
d__Bacteria;p__Desulfobacterota;c__Syntrophorhabdia;o__Syntrophorhabdales;f__Syntrophorhabdaceae,8.0,11.0,37.0,7.0,42.0,75.0,21.0,1.0,14.0,35.0
d__Bacteria;p__Firmicutes;c__Bacilli;o__Alicyclobacillales;f__Alicyclobacillaceae,0.0,11.0,0.0,13.0,10.0,54.0,0.0,0.0,0.0,10.0
d__Bacteria;p__Firmicutes;c__Bacilli;o__Bacillales;f__Bacillaceae,33.0,41.0,39.0,113.0,14.0,0.0,0.0,0.0,0.0,12.0
d__Bacteria;p__Firmicutes;c__Bacilli;o__Bacillales;f__Planococcaceae,0.0,0.0,0.0,0.0,10.0,0.0,11.0,0.0,0.0,5.0
d__Bacteria;p__Firmicutes;c__Clostridia;o__Clostridiales;f__Clostridiaceae,30.0,3.0,8.0,0.0,0.0,7.0,0.0,12.0,0.0,10.0
d__Bacteria;p__Firmicutes;c__Negativicutes;o__Veillonellales-Selenomonadales;f__Sporomusaceae,5.0,0.0,51.0,0.0,0.0,0.0,0.0,0.0,0.0,11.0
d__Bacteria;p__Firmicutes;c__Syntrophomonadia;o__Syntrophomonadales;f__Syntrophomonadaceae,4.0,0.0,8.0,0.0,0.0,0.0,0.0,0.0,2.0,43.0
d__Bacteria;p__Gemmatimonadota;c__Gemmatimonadetes;o__Gemmatimonadales;f__Gemmatimonadaceae,513.0,205.0,125.0,260.0,10.0,70.0,108.0,53.0,101.0,59.0
d__Bacteria;p__Gemmatimonadota;c__Longimicrobia;o__Longimicrobiales;f__Longimicrobiaceae,0.0,36.0,0.0,141.0,35.0,42.0,21.0,14.0,0.0,0.0
d__Bacteria;p__Gemmatimonadota;c__S0134_terrestrial_group;o__S0134_terrestrial_group;f__S0134_terrestrial_group,0.0,0.0,22.0,0.0,0.0,10.0,0.0,0.0,0.0,0.0
d__Bacteria;p__Latescibacterota;c__Latescibacterota;o__Latescibacterota;f__Latescibacterota,10.0,12.0,0.0,0.0,0.0,0.0,0.0,0.0,0.0,0.0
d__Bacteria;p__MBNT15;c__MBNT15;o__MBNT15;f__MBNT15,0.0,116.0,0.0,29.0,16.0,13.0,20.0,13.0,15.0,0.0
d__Bacteria;p__Myxococcota;c__Myxococcia;o__Myxococcales;f__Anaeromyxobacteraceae,47.0,0.0,20.0,127.0,0.0,24.0,0.0,0.0,16.0,12.0
d__Bacteria;p__Myxococcota;c__Myxococcia;o__Myxococcales;f__Myxococcaceae,0.0,0.0,0.0,0.0,32.0,32.0,14.0,9.0,3.0,0.0
d__Bacteria;p__Myxococcota;c__Polyangia;o__Haliangiales;f__Haliangiaceae,57.0,24.0,78.0,25.0,31.0,10.0,0.0,13.0,6.0,29.0
d__Bacteria;p__Myxococcota;c__Polyangia;o__Polyangiales;f__BIrii41,14.0,10.0,13.0,0.0,0.0,0.0,0.0,0.0,12.0,0.0
d__Bacteria;p__Myxococcota;c__Polyangia;o__Polyangiales;f__Polyangiaceae,0.0,56.0,54.0,181.0,158.0,86.0,60.0,68.0,86.0,82.0
d__Bacteria;p__Myxococcota;c__Polyangia;o__Polyangiales;f__Sandaracinaceae,0.0,0.0,27.0,0.0,48.0,0.0,0.0,0.0,0.0,0.0
d__Bacteria;p__Myxococcota;c__Polyangia;o__mle1-27;f__mle1-27,0.0,2.0,0.0,27.0,0.0,0.0,0.0,10.0,18.0,0.0
d__Bacteria;p__Nitrospirota;c__4-29-1;o__4-29-1;f__4-29-1,0.0,19.0,0.0,17.0,0.0,0.0,0.0,0.0,0.0,0.0
d__Bacteria;p__Nitrospirota;c__Nitrospiria;o__Nitrospirales;f__Nitrospiraceae,88.0,29.0,66.0,57.0,55.0,51.0,54.0,30.0,51.0,0.0
d__Bacteria;p__Planctomycetota;c__Planctomycetes;o__Isosphaerales;f__Isosphaeraceae,27.0,7.0,13.0,0.0,0.0,0.0,5.0,0.0,0.0,32.0
d__Bacteria;p__Planctomycetota;c__Planctomycetes;o__Pirellulales;f__Pirellulaceae,0.0,0.0,0.0,0.0,11.0,9.0,0.0,8.0,4.0,0.0
d__Bacteria;p__Proteobacteria;c__Alphaproteobacteria;o__Rhizobiales;f__Beijerinckiaceae,0.0,14.0,26.0,0.0,45.0,26.0,0.0,6.0,0.0,0.0
d__Bacteria;p__Proteobacteria;c__Alphaproteobacteria;o__Rhizobiales;f__Xanthobacteraceae,145.0,30.0,47.0,64.0,0.0,43.0,0.0,0.0,0.0,39.0
d__Bacteria;p__Proteobacteria;c__Gammaproteobacteria;o__Burkholderiales;f__A21b,0.0,27.0,0.0,52.0,41.0,44.0,11.0,8.0,15.0,0.0
d__Bacteria;p__Proteobacteria;c__Gammaproteobacteria;o__Burkholderiales;f__Comamonadaceae,8.0,69.0,212.0,104.0,121.0,88.0,42.0,50.0,4.0,188.0
d__Bacteria;p__Proteobacteria;c__Gammaproteobacteria;o__Burkholderiales;f__Gallionellaceae,10.0,11.0,0.0,124.0,30.0,26.0,14.0,17.0,0.0,197.0
d__Bacteria;p__Proteobacteria;c__Gammaproteobacteria;o__Burkholderiales;f__Hydrogenophilaceae,2.0,72.0,147.0,12.0,25.0,154.0,19.0,15.0,10.0,174.0
d__Bacteria;p__Proteobacteria;c__Gammaproteobacteria;o__Burkholderiales;f__Methylophilaceae,0.0,0.0,43.0,0.0,0.0,13.0,0.0,0.0,0.0,24.0
d__Bacteria;p__Proteobacteria;c__Gammaproteobacteria;o__Burkholderiales;f__Nitrosomonadaceae,61.0,127.0,246.0,173.0,37.0,97.0,32.0,0.0,38.0,109.0
d__Bacteria;p__Proteobacteria;c__Gammaproteobacteria;o__Burkholderiales;f__Oxalobacteraceae,1.0,15.0,0.0,80.0,11.0,36.0,0.0,29.0,31.0,22.0
d__Bacteria;p__Proteobacteria;c__Gammaproteobacteria;o__Burkholderiales;f__Rhodocyclaceae,15.0,15.0,62.0,10.0,175.0,24.0,29.0,19.0,24.0,53.0
d__Bacteria;p__Proteobacteria;c__Gammaproteobacteria;o__Burkholderiales;f__SC-I-84,158.0,81.0,195.0,9.0,283.0,149.0,101.0,42.0,99.0,134.0
d__Bacteria;p__Proteobacteria;c__Gammaproteobacteria;o__Burkholderiales;f__Sulfuricellaceae,0.0,0.0,19.0,10.0,6.0,11.0,0.0,0.0,11.0,95.0
d__Bacteria;p__Proteobacteria;c__Gammaproteobacteria;o__Burkholderiales;f__Sutterellaceae,0.0,35.0,0.0,13.0,180.0,47.0,18.0,96.0,66.0,0.0
d__Bacteria;p__Proteobacteria;c__Gammaproteobacteria;o__Burkholderiales;f__TRA3-20,0.0,0.0,12.0,16.0,0.0,0.0,0.0,0.0,0.0,11.0
d__Bacteria;p__Proteobacteria;c__Gammaproteobacteria;o__Gammaproteobacteria_Incertae_Sedis;f__Unknown_Family,76.0,0.0,36.0,0.0,4.0,0.0,4.0,0.0,0.0,0.0
d__Bacteria;p__Proteobacteria;c__Gammaproteobacteria;o__JG36-TzT-191;f__JG36-TzT-191,42.0,0.0,22.0,0.0,0.0,0.0,0.0,0.0,0.0,0.0
d__Bacteria;p__Proteobacteria;c__Gammaproteobacteria;o__Methylococcales;f__Methylomonadaceae,6.0,23.0,27.0,18.0,34.0,40.0,3.0,0.0,10.0,24.0
d__Bacteria;p__Proteobacteria;c__Gammaproteobacteria;o__Steroidobacterales;f__Steroidobacteraceae,30.0,75.0,17.0,36.0,274.0,141.0,72.0,118.0,88.0,35.0
d__Bacteria;p__Proteobacteria;c__Gammaproteobacteria;o__WD260;f__WD260,99.0,17.0,91.0,0.0,0.0,59.0,10.0,0.0,0.0,37.0
d__Bacteria;p__Proteobacteria;c__Gammaproteobacteria;o__Xanthomonadales;f__Rhodanobacteraceae,230.0,93.0,541.0,76.0,12.0,37.0,62.0,79.0,153.0,1334.0
d__Bacteria;p__Proteobacteria;c__Gammaproteobacteria;o__Xanthomonadales;f__Xanthomonadaceae,0.0,111.0,209.0,267.0,165.0,152.0,134.0,129.0,147.0,368.0
d__Bacteria;p__Spirochaetota;c__Spirochaetia;o__Spirochaetales;f__Spirochaetaceae,57.0,3.0,20.0,0.0,0.0,22.0,4.0,0.0,0.0,2.0
d__Bacteria;p__Sva0485;c__Sva0485;o__Sva0485;f__Sva0485,0.0,2.0,0.0,0.0,0.0,4.0,0.0,0.0,13.0,0.0
d__Bacteria;p__TA06;c__TA06;o__TA06;f__TA06,0.0,0.0,5.0,0.0,0.0,0.0,2.0,7.0,12.0,0.0
d__Bacteria;p__Verrucomicrobiota;c__Verrucomicrobiae;o__Chthoniobacterales;f__Chthoniobacteraceae,48.0,0.0,0.0,11.0,0.0,0.0,0.0,0.0,0.0,0.0
d__Bacteria;p__Verrucomicrobiota;c__Verrucomicrobiae;o__Opitutales;f__Opitutaceae,0.0,0.0,0.0,10.0,10.0,0.0,0.0,0.0,0.0,0.0
d__Bacteria;p__Verrucomicrobiota;c__Verrucomicrobiae;o__Pedosphaerales;f__Pedosphaeraceae,23.0,28.0,54.0,13.0,55.0,81.0,9.0,13.0,11.0,18.0
d__Bacteria;p__Verrucomicrobiota;c__Verrucomicrobiae;o__Verrucomicrobiales;f__Rubritaleaceae,2.0,8.0,0.0,25.0,13.0,33.0,0.0,0.0,0.0,0.0
d__Bacteria;p__Verrucomicrobiota;c__Verrucomicrobiae;o__Verrucomicrobiales;f__Verrucomicrobiaceae,0.0,0.0,0.0,0.0,7.0,9.0,0.0,0.0,5.0,0.0