pond,ko05340,ko00564,ko00680,ko00562,ko00563,ko03030,ko00561,ko00440,ko00250,ko00740,ko04940,ko00010,ko00195,ko03450,ko00760,ko00920,ko00311,ko00310,ko04146,ko00600,ko04141,ko04142,ko00604,ko04260,ko05142,ko04540,ko00909,ko00513,ko04973,ko00510,ko05110,ko04974,ko04976,ko00450,ko01051,ko00565,ko00524,ko00300,ko05222,ko05416,ko00260,ko00190,ko03440,ko00750,ko00950,ko00592,ko00591,ko00590,ko00062,ko00061,ko03070,ko00253,ko03060,ko00380,ko00500,ko05120,ko04666,ko05322,ko04964,ko04962,ko04960,ko00625,ko00624,ko00627,ko00626,ko00621,ko00620,ko00623,ko00622,ko00270,ko00940,ko00941,ko01053,ko00943,ko00100,ko00945,ko05016,ko04145,ko00071,ko00072,ko05219,ko05215,ko05211,ko05210,ko01055,ko00902,ko04910,ko00531,ko00360,ko00633,ko00630,ko00363,ko00364,ko05130,ko04115,ko00121,ko04914,ko00430,ko02010,ko00130,ko04330,ko03050,ko00361,ko00040,ko00730,ko00362,ko01040,ko00603,ko03018,ko00281,ko00280,ko03013,ko04626,ko05200,ko00312,ko05020,ko05143,ko00523,ko00520,ko00521,ko05146,ko05145,ko00052,ko00053,ko00051,ko00401,ko00400,ko04020,ko00350,ko00480,ko00643,ko00642,ko00640,ko00720,ko00960,ko02020,ko00120,ko00965,ko03008,ko00290,ko04614,ko03410,ko05010,ko05012,ko00980,ko00410,ko00983,ko05150,ko00791,ko00790,ko00020,ko00710,ko00196,ko02060,ko00340,ko00785,ko00550,ko00650,ko05220,ko02030,ko03320,ko04612,ko04621,ko04622,ko00910,ko04971,ko00460,ko04970,ko00830,ko00780,ko00511,ko00970,ko00030,ko04972,ko00232,ko00230,ko04122,ko00540,ko05014,ko00660,ko03020,ko00982,ko03010,ko00140,ko05100,ko00860,ko05410,ko00330,ko00908,ko04930,ko03430,ko00906,ko00900,ko00901,ko00903,ko00471,ko00472,ko00473,ko05111,ko04210,ko00240,ko04011,ko00944,ko04113,ko04070,ko04640,ko04310,ko03420,ko00770,ko02040,ko04912,ko00670,ko04920,ko04144,ko00930,ko04112,ko05140,ko04370,ko04916,ko01056,ko04650,ko04662,ko04660,ko04360,ko04114,ko04010,ko04720,ko05412,ko00905,ko03015,ko05414,ko04320,ko04740,ko05214,ko04745,ko04012,ko04722
S8.201.Sed,2483.06,46002.51,73354.01,12921.62,55.0,52097.75,23289.22,2725.06,76990.24,18090.1,4320.39,79210.42,31111.65,3867.1,40059.86,27340.9,1936.67,28648.93,24173.07,6713.84,7973.33,4613.0,1963.5,2990.34,868.17,25.0,57.0,20.34,275.83,4254.28,205.0,1397.5,3.33,39021.94,6611.1,1330.56,5398.01,51728.65,1902.31,1902.31,75229.36,135416.64,71055.53,17274.01,5507.06,3270.59,2323.88,6535.22,85.17,51391.97,67461.53,12427.89,55961.92,38194.55,53597.17,2401.93,0.0,4.67,2359.83,4.0,3.33,15097.36,2953.5,20532.02,10649.43,2111.01,89082.86,16875.86,1663.59,65733.43,6182.83,1113.84,1110.34,75.0,1235.67,1709.0,9369.05,25.0,45312.36,13387.22,474.5,2204.72,3215.34,1902.31,4689.48,0.0,5879.11,2249.5,27018.23,9043.77,58029.56,4022.05,3747.18,25.0,1902.31,57.5,2204.72,12225.37,183393.21,24808.4,9.0,969.0,5553.35,27466.15,24768.86,28615.19,22522.26,3546.0,44340.82,15928.27,65568.99,5195.56,12425.21,7331.37,438.64,206.0,990.17,15953.08,89723.61,29519.15,1192.06,1902.31,35098.17,12045.73,38492.31,12462.49,70741.44,2.0,24072.71,33843.53,8979.14,3754.13,70892.74,100635.77,11503.11,146199.85,401.17,428.67,5136.38,62751.18,325.34,39394.17,9110.09,5017.32,9152.04,24958.32,19786.14,881.55,1382.83,28560.35,77689.68,48646.64,146.0,9236.33,47360.44,8470.88,60925.66,67233.6,9.0,48476.37,20117.0,2204.72,2204.72,113.0,53299.39,3.33,20860.0,3.33,3729.68,12327.6,9965.5,95887.66,59907.33,3.33,238.0,180151.69,27578.02,40868.4,3822.98,24623.16,53878.58,9891.54,198021.67,1681.67,93.67,65778.6,114.17,90997.9,4045.22,3770.94,62189.96,2725.33,46286.28,428.67,11076.23,11205.49,954.83,9619.32,7779.6,2168.98,137374.24,2140.21,147.0,3816.5,9901.94,0.0,9.0,34465.92,54417.69,65061.18,0.0,41181.42,10828.73,0.0,6393.56,46555.7,0.0,0.0,0.0,0.0,0.0,0.0,0.0,0.0,0.0,0.0,0.0,0.0,0.0,0.0,0.0,0.0,0.0,0.0,0.0,0.0,0.0
S8.202.Sed,3736.83,57196.57,102558.53,16078.17,0.0,67388.46,31995.86,3786.0,100060.8,23414.87,5939.17,101745.79,73103.22,1311.66,51768.56,39221.9,1947.83,28268.17,26823.02,6346.66,12326.18,3192.0,1351.5,3646.87,908.33,0.0,0.0,39.67,891.34,5901.0,26.0,1862.34,98.34,50842.54,7690.01,839.32,5976.0,64430.93,2769.38,2769.38,91330.43,181915.62,94144.98,21456.2,7892.5,3246.68,1848.0,6963.0,5.33,62321.22,86484.02,15832.85,73057.43,36505.01,66257.34,5679.52,77.0,34.33,4832.68,11.0,77.34,19504.01,2564.5,18286.33,11643.02,2645.02,115064.67,20280.19,1751.34,90514.78,6177.34,1718.16,2637.84,19.0,1349.83,1406.5,12345.42,14.0,45768.68,12019.17,413.0,3718.84,3565.84,2769.38,5916.84,97.0,10406.01,1499.5,31951.24,13156.21,72558.82,3639.83,4371.49,0.0,2769.38,225.0,3718.84,15366.53,267819.71,42517.43,0.0,629.0,5830.32,29336.34,35413.38,27096.39,24258.0,2733.0,63964.08,13348.03,65653.38,7977.51,16715.2,10054.06,155.5,532.17,952.83,21739.38,115605.79,38153.72,1366.82,2769.38,39158.68,12477.0,51022.05,15966.86,93222.48,463.0,29731.36,43015.37,6576.01,3739.86,79856.95,129416.2,14391.18,192464.9,476.33,557.33,6985.02,76490.96,259.16,45656.55,11949.76,6359.91,11095.3,28038.53,21816.34,553.83,3486.68,36288.9,98628.66,66183.6,7075.0,8673.35,56869.39,11114.34,80918.79,74160.46,0.0,62140.58,21064.84,3732.84,3718.84,197.0,83254.04,77.34,20473.17,77.34,4625.82,18630.7,8471.5,123302.15,73108.56,77.34,146.0,235316.03,37686.59,58366.51,4519.38,29885.22,63060.55,11949.8,263036.85,1936.33,479.33,115459.09,75.83,118823.82,5378.84,5685.01,80220.8,8081.84,58762.08,460.33,10772.16,16481.53,744.84,11525.85,10760.9,3216.21,179339.61,2710.51,50.0,5130.34,13683.03,77.0,0.0,40323.7,66211.42,69692.67,77.0,55039.75,12337.17,77.0,5254.66,59906.09,0.0,0.0,0.0,0.0,0.0,0.0,0.0,0.0,0.0,0.0,0.0,0.0,0.0,0.0,0.0,0.0,0.0,0.0,0.0,0.0,0.0
S9.231.Sed,2464.17,45408.79,72940.07,12974.68,0.0,52935.25,23597.27,2433.42,76317.49,18046.09,4196.42,80266.84,33023.0,2435.84,39579.6,25883.94,2076.25,27009.95,22049.03,5343.24,7862.75,3178.32,1332.33,3069.25,843.83,130.0,25.0,0.0,512.33,3808.16,29.0,1680.83,59.33,39080.11,6415.33,793.68,4740.67,51817.51,1903.08,1899.08,75912.58,136695.86,70877.01,17008.58,6215.66,3601.84,1570.33,6542.09,63.17,50435.04,70602.05,12597.51,56356.18,34942.92,48954.67,2898.67,0.0,38.67,2592.0,3.0,42.0,12416.1,1514.5,15674.02,9089.68,1774.75,88401.21,16247.01,1120.58,68158.68,5285.4,676.34,1711.0,437.0,1021.17,622.5,9804.17,130.0,41185.99,12401.35,414.5,2047.75,3094.75,1899.08,4711.33,10.0,6193.83,1452.33,26889.08,9464.0,59496.68,2099.42,3549.34,130.0,1899.08,0.0,2047.75,11072.25,182694.65,27904.25,0.0,1119.0,4745.84,25288.72,25661.78,26403.61,20702.59,2444.33,43071.18,12997.78,61041.39,5492.08,11944.09,7045.58,202.5,425.92,975.5,16118.06,85567.19,28875.9,1182.76,1899.08,31396.68,11231.67,37692.74,13260.41,72756.81,25.0,24492.26,30652.04,6929.91,4012.59,66880.3,100412.2,11641.25,153985.88,171.67,734.67,4970.75,61179.66,263.67,38749.17,9451.33,5168.33,7469.63,21695.04,18251.58,547.17,1641.75,27163.5,78111.59,47854.23,686.0,10458.26,47320.84,8203.25,61701.25,64446.71,0.0,51770.49,16314.2,2047.75,2047.75,182.0,52458.35,42.0,18198.99,42.0,3648.93,13979.93,7718.65,96750.1,56018.16,42.0,155.0,178269.09,29913.51,46270.29,3908.25,23626.0,54167.61,7952.96,197244.18,1340.17,464.67,64343.49,152.0,88455.81,4018.25,4040.75,61488.01,2358.99,46045.75,592.67,8616.35,11952.58,1130.5,9438.42,8075.51,2248.74,138171.06,2066.42,56.0,3010.34,9763.33,0.0,0.0,33507.68,53196.17,65924.76,0.0,41593.33,8928.85,0.0,4502.93,44858.1,4.0,4.0,132.0,0.0,0.0,0.0,0.0,0.0,0.0,0.0,0.0,0.0,0.0,0.0,0.0,0.0,0.0,0.0,0.0,0.0,0.0
S9.232.Sed,5169.91,53418.09,98344.53,15092.31,0.0,65909.03,29807.71,3249.49,98762.58,24255.98,5390.41,94523.08,54544.47,1057.16,51596.87,37049.54,1347.33,27637.69,26488.03,5387.41,9867.24,3130.0,1565.0,6616.75,700.83,24.0,56.0,0.0,801.5,3174.41,76.5,1471.33,53.0,45262.1,5949.91,311.32,4037.33,64008.36,4094.0,4088.0,88269.16,168076.85,92475.17,21818.9,6421.74,3984.91,1052.75,8527.82,76.33,56853.49,89711.41,14627.31,68223.94,35506.02,55044.51,8072.99,0.0,33.33,2671.41,14.0,53.0,12742.14,1271.5,16539.05,12975.98,3255.25,111014.46,20896.22,1308.5,87332.99,5252.5,440.41,2094.83,213.5,787.83,563.5,16104.49,24.0,46507.81,12196.22,500.0,3758.08,3836.33,4088.0,4761.83,0.0,7607.24,1659.0,28921.22,9540.33,73924.1,1633.58,3610.15,24.0,4088.0,6.5,3758.08,16333.82,290085.42,42597.8,0.0,340.0,4411.73,26008.22,30552.38,31307.2,23602.88,2533.5,60099.77,15941.04,69629.03,7479.08,18852.82,11688.41,354.0,432.83,783.83,18464.66,100288.98,31581.06,806.57,4144.0,33095.71,11893.9,42397.72,15632.24,88970.19,246.0,30905.21,49684.0,6358.66,6460.91,77545.22,120006.38,13073.32,246524.04,56.83,146.33,7589.58,72726.78,244.66,44789.78,16270.58,10698.75,13976.37,30842.19,20218.89,260.83,2503.66,34178.8,94183.5,58186.54,5051.0,17086.74,55817.28,9880.41,75042.36,78621.56,0.0,100993.15,20176.29,3758.08,3758.08,182.0,83957.77,53.0,20494.73,53.0,3833.07,18839.15,7928.0,112175.48,66217.76,53.0,93.5,229772.95,39588.88,62491.24,6798.16,28960.48,59963.34,14384.87,235839.39,784.33,424.83,96327.62,99.33,117156.64,4982.83,5496.08,76184.76,4921.5,55217.12,140.33,10849.14,14522.07,570.5,10684.99,16988.82,4454.08,171578.69,3768.83,10.0,5392.41,13794.91,0.0,0.0,36114.12,61626.53,100367.07,0.0,53331.88,9348.73,0.0,4670.48,54895.44,6.0,6.0,6.0,0.0,0.0,0.0,0.0,0.0,0.0,0.0,0.0,0.0,0.0,0.0,0.0,0.0,0.0,0.0,0.0,0.0,0.0
S10.222.Sed,1532.0,26319.19,46407.43,7309.02,0.0,32166.21,14235.97,1371.59,48799.16,10628.79,2729.59,48889.98,29881.72,884.5,25000.83,17252.49,880.25,15388.31,13634.06,3733.25,5325.43,2378.0,983.0,2012.11,365.0,31.0,0.0,0.0,450.34,2302.0,0.0,1145.34,36.34,24284.15,3692.18,505.0,3186.5,30642.44,1358.63,1358.63,44698.89,82427.3,43935.82,10973.29,3724.34,1885.02,869.5,4287.93,5.0,28885.78,44159.7,6786.86,33727.44,19044.65,31784.38,2729.86,0.0,87.0,1740.52,0.0,36.34,7685.11,945.5,9014.86,5963.7,1271.27,54507.72,9399.2,695.59,42542.32,3469.09,315.0,1337.34,103.0,395.0,379.0,6588.08,31.0,23991.69,6792.7,165.0,1650.09,1893.09,1358.63,2661.84,0.0,3948.68,1197.0,15862.51,5648.36,35720.52,1318.75,2122.34,31.0,1358.63,16.0,1650.09,7317.95,126705.53,19365.19,0.0,177.0,2867.84,14754.11,14871.31,15248.19,11044.45,1718.0,28254.6,8206.15,35626.34,4015.09,8017.45,4901.81,58.0,306.59,342.5,10124.79,54139.16,17931.97,845.25,1358.63,19878.7,6795.18,23594.97,7710.11,44000.98,160.0,14647.31,21238.44,3913.43,2049.45,38749.77,61241.22,6915.27,97261.56,69.0,267.0,3165.27,37567.8,117.5,22206.24,6093.58,3443.4,5220.43,13968.58,10712.11,361.0,1657.77,17777.74,47930.07,29910.35,2743.0,5015.61,28287.08,5225.43,37913.21,39852.52,0.0,31705.19,10729.38,1650.09,1650.09,22.0,36320.32,36.34,11593.68,36.34,2028.25,8744.95,5729.0,57824.25,35423.6,36.34,29.0,110098.15,17239.92,28014.46,2247.97,14480.22,33087.85,5591.43,119719.2,771.5,319.5,45967.74,88.5,57582.36,2671.09,2562.59,37748.8,2468.34,28116.51,267.0,4770.02,7388.45,465.84,5867.77,5627.9,1547.13,86162.87,1513.93,145.0,2033.68,6337.86,0.0,0.0,19537.72,31777.1,40553.49,0.0,25731.42,6071.02,0.0,2799.93,27471.19,0.0,0.0,0.0,17.0,0.0,0.0,0.0,0.0,0.0,0.0,0.0,0.0,0.0,0.0,0.0,0.0,0.0,0.0,0.0,0.0,0.0
S10.221.Sed,3827.08,48154.75,73830.0,15729.52,0.0,54512.56,26598.82,3042.58,80159.46,19055.88,4781.36,83603.33,36665.88,3631.22,42616.26,30344.07,2836.72,33831.96,27991.76,6099.22,7371.72,3853.0,1605.0,3731.44,1425.86,82.0,94.0,0.0,388.72,3853.5,54.0,2208.53,5.0,42425.77,6142.72,1864.44,5247.44,52449.48,2182.94,2168.94,80041.22,140767.92,74214.17,18375.3,6103.72,4522.72,2846.72,8209.44,208.0,53224.78,71780.28,12377.3,56031.34,46347.73,50602.83,2807.72,0.0,100.86,3326.44,0.0,5.0,15872.52,3234.5,23153.85,13426.0,2704.36,95922.02,17785.74,2404.5,71827.22,6515.38,618.72,2271.44,448.0,1309.36,1569.5,11215.74,82.0,55307.76,17325.88,490.86,2342.86,3423.86,2168.94,4590.72,72.0,6396.72,1801.0,32792.93,7854.72,64373.94,4745.72,4645.58,82.0,2168.94,135.0,2342.86,13032.94,207689.9,30017.82,0.0,1134.0,6702.58,26469.46,24936.85,36039.18,24099.74,3083.86,46978.93,20909.64,79568.2,5295.72,13049.76,7949.66,467.36,988.0,1300.36,15789.38,87128.35,29696.57,1671.0,2168.94,33086.85,13508.88,38421.9,12540.44,70724.42,111.0,28846.96,40825.22,9803.39,5312.22,75850.92,103133.22,12830.08,167964.42,683.86,573.0,5673.22,61999.06,788.5,42769.32,10293.24,6080.38,12753.68,29896.82,20595.74,705.5,2468.58,30751.04,82047.42,47813.82,2442.5,8623.58,51927.56,8058.22,63805.53,75553.5,0.0,49105.5,23000.6,2342.86,2342.86,104.0,59131.64,5.0,21786.29,5.0,4773.08,14284.66,8537.0,95078.75,58377.51,5.0,259.5,190152.7,28646.32,40695.76,5392.74,22904.88,59544.78,13598.54,196123.08,2014.5,432.0,73200.76,482.5,99427.48,4190.86,3960.36,63820.59,3503.36,49176.85,546.0,13675.94,12003.88,1238.0,9756.22,8481.96,2432.3,143785.33,2663.22,154.0,3858.58,10243.66,36.0,0.0,35786.68,52136.45,61878.56,0.0,43403.46,11948.3,0.0,7970.94,46013.42,14.0,14.0,27.0,5.0,0.0,0.0,0.0,0.0,0.0,0.0,0.0,0.0,0.0,0.0,0.0,0.0,0.0,0.0,0.0,0.0,0.0
S11.242.Sed,1253.51,20198.49,34533.72,5643.55,0.0,25578.18,10531.61,812.35,37992.25,8192.89,2185.85,37600.58,20145.29,669.34,19287.14,13008.45,805.34,11695.6,11010.1,4045.34,4120.86,2243.0,957.0,1245.18,477.84,16.0,59.0,0.0,336.34,1994.02,59.0,1275.67,26.67,19050.8,2722.35,106.68,2611.18,25080.99,674.19,664.19,36163.72,64512.48,34698.07,8778.23,2924.02,1371.85,415.0,2994.19,70.67,23004.03,33288.23,5497.05,27690.83,14058.28,24884.18,1915.53,0.0,16.34,1267.36,0.0,26.67,5324.09,330.17,6059.23,3785.87,619.18,40670.33,7474.07,466.17,32153.09,3045.01,360.85,1179.01,173.0,718.01,317.51,4386.89,16.0,17804.01,4285.88,200.5,1186.51,1516.51,664.19,2406.51,0.0,2723.03,1071.0,11096.77,3128.36,26440.87,737.84,1639.7,16.0,664.19,26.0,1186.51,5459.71,77235.18,13993.48,0.0,294.0,1826.55,11644.57,11965.44,9293.94,8754.91,1646.0,22932.83,5279.57,26397.9,2909.69,5326.04,3377.21,84.5,198.34,551.34,8383.38,43931.97,14895.25,627.85,719.19,17064.92,4540.37,19395.94,5945.2,35096.89,85.67,9635.93,15412.69,2700.18,1408.19,29814.92,48148.8,5336.37,64763.52,69.67,322.67,2486.02,28876.02,264.84,17930.11,3902.55,1948.7,3656.75,10137.79,9473.55,152.34,931.36,14318.61,38141.54,23084.49,1141.05,3601.36,23228.81,3977.36,30287.52,27208.23,0.0,19549.75,8525.08,1186.51,1186.51,36.0,25960.34,26.67,9226.04,26.67,1473.02,6418.88,5847.67,47219.77,27784.02,26.67,51.0,87390.64,12923.79,22612.09,1252.2,11277.24,27500.85,3821.25,97801.23,776.67,172.34,29315.69,112.17,45373.16,2311.51,2044.18,30117.22,1595.53,23189.8,314.67,3365.05,5781.55,312.67,4703.36,4122.07,856.03,69429.43,1063.18,22.0,1542.7,4701.2,0.0,12.0,16160.6,24950.32,23104.3,0.0,20892.12,5278.7,0.0,1520.86,21528.66,10.0,22.0,8.0,11.0,12.0,12.0,12.0,12.0,12.0,12.0,12.0,0.0,0.0,0.0,0.0,0.0,0.0,0.0,0.0,0.0,0.0
S11.241.Sed,1020.34,23391.74,36685.22,7098.19,0.0,27038.22,11305.04,1236.01,38575.92,9200.02,2237.34,39646.75,15930.03,1643.34,20216.88,13367.54,932.17,14543.06,12051.72,2420.84,3809.51,1456.0,596.0,2309.0,543.17,11.0,31.0,0.0,130.0,1596.84,8.0,773.0,0.0,18962.39,2978.84,619.68,2407.17,26141.89,1169.0,1169.0,37143.75,70229.65,36378.41,8792.35,2882.51,1781.84,899.0,3393.18,120.67,25593.76,35881.59,6276.69,29046.06,18928.56,23461.07,1306.01,0.0,16.67,1285.84,0.0,0.0,6258.86,1061.0,8659.03,5278.68,997.0,45337.29,8616.03,632.5,33457.26,2455.5,327.84,474.67,69.0,511.67,623.0,5957.51,11.0,23058.6,7202.53,156.5,1147.17,1595.67,1169.0,2349.17,0.0,2955.51,639.0,13899.86,4141.17,31461.4,1706.67,2021.35,11.0,1169.0,12.0,1147.17,5481.68,89245.33,13761.2,0.0,387.0,2764.02,11974.03,12342.54,13839.05,10863.87,1260.0,22996.06,8119.87,32582.13,2480.17,6532.18,3911.84,233.5,381.67,534.67,7744.84,41471.6,14319.02,640.68,1169.0,15700.37,5679.35,17672.03,6485.01,36265.06,12.0,12192.54,18150.75,3986.67,2001.84,34645.28,50555.62,5988.18,79784.12,146.67,250.67,2901.17,31533.72,202.84,19650.38,5598.17,3555.0,5123.88,12482.56,9043.36,316.67,521.34,14599.7,39565.75,24084.21,0.0,4882.01,24283.72,3908.84,31941.06,34587.6,0.0,25874.1,9755.71,1147.17,1147.17,34.0,25553.23,0.0,8966.85,0.0,2065.68,7036.35,3408.0,49065.1,28136.07,0.0,75.0,91491.71,14839.37,23102.01,2375.34,12716.52,27293.41,5434.88,100704.86,510.67,49.67,31262.88,111.17,44895.27,2088.67,1884.17,31287.07,1180.5,23581.71,242.67,4992.86,5849.18,632.5,5029.51,4496.68,1216.67,70095.64,1281.67,37.0,1784.34,5158.34,0.0,0.0,16996.38,27126.39,38327.68,0.0,21819.87,5207.52,0.0,2793.52,23526.06,0.0,0.0,8.0,0.0,0.0,0.0,0.0,0.0,0.0,0.0,0.0,0.0,0.0,0.0,0.0,0.0,0.0,0.0,0.0,0.0,0.0
S12.212.Sed,1487.42,28466.03,49388.91,7909.47,0.0,34579.21,15404.32,1261.75,51191.96,11442.6,3016.47,51973.43,33572.76,778.28,27081.7,17884.06,967.78,15683.51,13998.21,3923.28,5594.44,2368.0,813.5,2177.38,520.14,5.0,9.0,0.0,443.61,2673.5,17.0,1133.8,45.33,25713.03,3686.94,243.06,3419.06,33134.3,1364.37,1350.37,47573.21,90518.93,47190.42,11981.18,3795.11,1854.77,761.78,4402.22,17.0,31847.83,46627.12,7863.52,37650.94,19602.07,33329.48,2596.6,0.0,33.64,1714.55,0.0,45.33,7849.8,833.5,8998.97,5690.15,1198.63,57623.87,10571.91,821.33,44419.87,3362.45,478.28,998.39,57.0,596.14,570.0,6636.72,8.0,24811.52,6473.27,299.64,1639.47,1983.47,1350.37,3024.61,0.0,4219.94,1101.5,15796.19,5818.1,37634.8,1303.78,2377.75,5.0,1350.37,17.5,1639.47,7433.21,124397.46,20754.96,0.0,405.0,2878.75,15102.36,16638.62,14149.1,12449.91,1438.64,31203.52,7502.16,35423.38,3880.61,8071.89,4987.31,56.14,180.83,542.14,11292.1,58050.57,19905.57,833.0,1359.37,20823.3,6834.78,25005.24,8496.38,48406.84,207.0,14567.01,22782.06,3888.27,2009.93,40750.32,65783.17,7506.91,98234.05,111.64,293.0,3615.77,40837.54,195.0,23858.81,6322.72,3564.42,5477.98,13882.14,11277.58,107.0,1778.41,19393.59,50970.17,32068.63,3079.0,4717.24,30187.9,5589.44,40427.24,39396.24,0.0,29157.53,11330.21,1642.47,1639.47,32.0,36654.7,45.33,12081.37,45.33,2084.92,9444.49,5072.5,63956.0,37683.94,45.33,53.0,119203.6,19450.47,31365.01,2042.4,16100.26,35550.67,5787.12,131707.07,1222.0,471.0,47734.12,97.0,60341.59,2842.47,2799.47,40777.01,2767.97,30440.77,293.0,5004.05,7707.77,432.83,6111.77,5839.34,1478.01,93239.86,1400.44,60.0,2438.08,6993.66,0.0,0.0,21310.96,34744.5,38774.32,0.0,28319.83,6550.19,0.0,2805.72,29779.36,14.0,14.0,0.0,15.0,0.0,0.0,0.0,0.0,0.0,0.0,0.0,0.0,0.0,0.0,0.0,0.0,0.0,0.0,0.0,0.0,0.0
S12.211.Sed,2411.86,45094.06,76862.06,13133.13,0.0,52041.84,23651.83,2241.27,78340.14,17956.4,4837.5,78822.33,47359.88,2459.68,40808.87,28843.62,2231.02,26986.86,23195.19,5875.43,8403.59,3163.5,1437.5,3516.47,915.59,10.0,42.0,0.0,888.36,4097.07,46.0,1704.43,24.0,38528.1,5534.43,750.36,4986.88,50016.71,2570.72,2332.72,72797.44,135206.41,70823.18,17296.7,6234.09,3155.43,1648.61,7246.36,82.66,49702.62,68527.21,12275.27,55793.05,35475.66,50249.44,3067.34,0.0,32.09,3100.79,0.0,24.0,11848.79,2330.0,16997.28,9808.72,1906.68,90183.93,16253.56,1361.0,68409.34,5483.44,607.43,1748.38,248.0,1048.59,1475.0,10771.35,20.0,41938.01,12914.13,416.93,2370.84,2907.59,2332.72,4522.52,17.0,6384.59,1631.5,27083.91,9302.52,60910.67,3305.27,4041.59,10.0,2332.72,13.0,2370.84,11366.36,194713.04,30790.26,0.0,879.0,5244.0,23524.92,25785.68,25949.74,21384.38,2412.43,46569.26,14481.16,59924.92,5777.77,12528.02,7849.15,226.93,659.66,1003.59,15972.26,87006.89,28913.16,1309.89,2364.72,31206.6,10889.99,36726.14,12974.95,71176.59,265.0,24102.4,37007.36,7005.02,3543.43,66111.9,100793.37,12161.43,153807.05,349.09,505.66,5740.27,60310.09,536.32,38117.98,10024.78,5900.19,10469.08,23789.79,17569.9,179.66,2460.11,28121.62,77577.71,48185.49,3986.0,7369.02,47056.09,8340.93,61826.23,65114.63,0.0,47147.55,18441.88,2380.84,2370.84,62.0,55167.11,24.0,18191.86,24.0,3534.18,14610.88,8235.5,95564.59,55103.03,24.0,152.0,180162.26,29265.17,45787.11,4598.19,23725.9,53936.82,11172.51,194069.82,1587.66,1794.66,73298.87,242.16,92543.28,4045.59,3821.34,61503.32,3878.93,46751.67,488.66,9648.0,11710.33,1036.0,9635.34,8386.87,2590.06,138280.3,2558.02,61.0,4008.36,10228.65,0.0,0.0,33367.33,51834.78,58132.17,0.0,43033.24,9887.86,0.0,5452.18,46211.84,238.0,238.0,0.0,0.0,0.0,0.0,0.0,0.0,0.0,0.0,0.0,0.0,0.0,0.0,0.0,0.0,0.0,0.0,0.0,0.0,0.0
S13.233.Sed,4248.42,51583.99,78254.22,16277.71,0.0,58937.28,29205.86,3177.09,88106.88,19934.9,4924.2,90573.08,39839.41,4089.06,45678.14,32905.61,3225.89,35973.52,29249.48,7251.06,8289.73,4411.0,2040.5,3185.44,1354.53,191.0,137.0,0.0,858.72,4590.34,100.0,2497.53,48.0,46578.16,6724.56,1408.12,5820.11,57377.87,2062.44,1958.44,88218.47,150011.57,78959.58,19954.15,6759.23,4586.56,2339.22,9247.62,198.67,58139.04,75860.87,13462.99,60524.9,48372.79,59764.9,3149.73,0.0,117.53,3840.28,0.0,48.0,14346.38,2261.5,23414.88,12531.68,1965.36,101517.31,18796.27,1970.5,79251.48,8148.88,768.56,3586.61,923.0,1909.53,1339.5,11003.25,191.0,55586.86,17076.91,645.86,2289.53,3660.03,1958.44,5053.89,14.0,7077.23,2220.5,33667.79,7414.89,66502.84,3756.39,4799.93,191.0,1958.44,0.0,2289.53,13407.12,207000.23,33192.52,0.0,1811.0,6515.1,30179.99,27852.89,35177.23,26922.11,3546.36,50260.49,20815.51,82627.33,6208.39,12828.94,8012.0,256.86,826.67,1756.53,17054.22,97146.45,32167.59,1905.18,2058.44,36962.72,13568.23,43405.43,13848.95,77860.48,133.5,30075.5,40542.47,9942.56,4914.56,80445.2,111800.84,13716.76,171260.04,546.53,700.67,5990.89,66435.78,980.34,47900.2,10039.91,5441.88,11078.06,29891.88,23156.6,752.67,2340.92,33464.24,87914.67,51120.03,1849.0,10326.09,55770.28,9065.56,68153.59,78038.6,0.0,50625.1,23488.31,2289.53,2289.53,182.0,62791.87,48.0,24200.14,48.0,4506.26,14299.01,10942.0,101857.85,63853.08,59.0,284.0,202825.41,31776.19,43082.77,5081.58,24690.4,63662.69,11903.92,210517.44,1845.67,1286.67,76408.14,419.67,110135.25,4438.03,4179.03,69047.66,3909.86,52731.56,660.67,13407.3,13257.56,1432.0,10712.23,8674.14,2366.97,156198.97,2590.39,97.0,3892.42,10668.0,0.0,0.0,39816.06,55528.84,58278.24,0.0,46703.33,12101.82,0.0,7913.96,48395.48,104.0,104.0,26.0,0.0,0.0,0.0,0.0,0.0,0.0,0.0,0.0,11.0,13.0,11.0,11.0,11.0,0.0,0.0,0.0,0.0,0.0
S13.234.Sed,2975.26,42018.07,70647.45,12159.02,0.0,53035.78,24297.62,2565.51,75191.09,16244.18,4540.93,80616.61,44073.53,1436.84,39518.3,27748.62,1816.34,23231.8,21434.45,6172.61,7671.76,3507.01,1546.5,3016.57,756.34,48.0,70.0,0.0,863.33,3545.77,69.0,1906.67,110.33,38002.42,5257.42,350.68,4738.18,50226.3,2214.31,2181.31,72404.03,127303.65,71306.47,17047.6,5149.1,3173.75,1211.25,6523.35,96.67,47702.37,65624.05,11999.69,54294.89,30283.97,53485.53,4104.5,0.0,30.67,3168.75,0.0,110.33,11221.7,1298.17,14480.79,9080.85,2429.91,88064.85,14751.28,1689.5,67964.0,5603.33,471.26,2252.5,335.0,1130.68,774.0,9905.64,48.0,37084.5,10014.1,386.0,2280.92,3140.17,2181.31,4565.34,6.0,6173.59,1773.5,23831.43,6228.99,53472.69,1940.42,3474.52,48.0,2181.31,0.0,2280.92,11619.51,190781.09,30064.18,3.67,527.0,4304.61,24220.64,25218.78,22842.6,18834.64,2577.5,46656.24,12725.1,55410.42,5992.59,11423.51,7639.07,262.0,463.5,867.67,15925.17,89474.88,28648.78,1238.43,2247.31,34260.32,10402.78,39092.47,11428.43,69147.81,239.0,21537.8,34152.64,6255.0,3454.08,60731.24,92629.41,9970.35,143026.65,189.67,449.67,5364.08,59434.72,428.01,37452.22,9373.05,5193.55,8154.63,21246.46,18818.61,924.67,2623.33,28034.03,72924.34,47336.12,3650.0,16596.76,43930.55,7963.93,62896.93,58656.39,3.67,43120.11,16976.53,2280.92,2280.92,65.0,57005.63,110.33,18155.44,110.33,3061.77,12449.35,8820.68,93401.69,57901.42,114.33,156.5,181608.52,27695.95,39989.93,3604.48,22446.35,51706.86,8642.63,194603.77,1318.85,561.17,66469.15,186.34,92530.35,4197.17,4396.92,62118.56,3942.67,45295.87,435.67,7737.03,12334.75,780.83,9449.17,9248.82,2579.73,141485.62,2799.33,64.0,3344.59,9926.42,0.0,3.67,32154.06,49607.98,46642.05,0.0,41907.11,9124.26,0.0,4170.86,43033.04,33.0,33.0,8.0,54.0,0.0,0.0,0.0,0.0,0.0,0.0,0.0,4.0,4.0,4.0,4.0,4.0,0.0,0.0,0.0,0.0,0.0
S14.203.Sed,1981.65,34767.88,53110.9,10947.29,0.0,39051.04,18265.41,2046.82,55860.58,13730.79,3224.48,59797.07,23535.53,2595.5,30351.88,19832.23,1910.99,23777.46,18059.8,3453.28,5176.29,2354.64,972.83,2586.5,884.99,99.0,24.0,0.0,320.5,2947.29,15.33,1241.66,15.0,29758.51,4552.65,1043.0,3582.81,38249.2,1490.85,1482.85,57143.92,100815.67,52725.31,12827.78,4460.63,3291.67,1680.66,5599.15,48.0,38352.32,49561.35,8934.96,41272.18,32312.91,34659.94,1626.15,0.0,30.33,2113.66,0.0,10.67,10601.11,1920.82,15562.77,8669.33,1633.0,67416.11,12805.95,1354.16,50433.41,3977.98,328.33,1438.33,386.0,852.98,934.66,7608.0,99.0,37518.29,11659.0,450.66,1297.49,2407.66,1482.85,3513.15,18.0,4554.13,1062.83,22500.26,6654.15,46574.22,2702.32,3099.98,99.0,1482.85,10.0,1297.49,8491.97,137033.32,20322.05,5.33,1011.0,4443.14,19484.87,18499.6,24486.83,17224.75,1820.83,31826.33,13833.34,54355.76,3488.14,8853.8,5201.33,255.0,528.5,1016.33,11523.11,61142.51,21329.22,1108.49,1482.85,22466.71,9171.29,27469.33,9582.46,52714.78,20.66,19739.76,25108.05,7015.48,3738.67,54699.73,75244.97,9141.46,112714.94,333.0,497.0,3996.82,45958.33,357.66,30424.55,7255.84,4199.68,6860.97,19517.8,13990.44,477.0,1094.8,20756.22,58476.29,34007.5,164.95,7262.33,36205.7,5701.3,45739.7,53386.09,5.33,33590.56,14952.49,1297.49,1297.49,74.0,37907.97,10.67,14770.93,10.67,3160.99,9907.63,5332.13,70827.23,41678.59,10.67,224.0,133560.58,22016.4,30375.19,3432.68,17638.6,41172.65,7492.63,144125.64,1263.81,378.0,48533.55,166.66,68356.46,2816.49,2773.65,45186.49,1661.13,35541.89,467.0,9064.14,8493.97,932.33,7116.98,5905.14,1579.67,101876.59,1613.0,45.0,2626.32,7297.13,0.0,5.33,25652.07,38938.69,45650.13,0.0,30676.38,7690.17,0.0,4959.15,32876.21,8.0,8.0,12.0,3.0,0.0,0.0,0.0,0.0,0.0,0.0,0.0,0.0,0.0,0.0,0.0,0.0,0.0,0.0,0.0,0.0,0.0
S14.204.Sed,2449.32,48040.43,84004.08,12796.85,0.0,56249.04,25634.66,2413.32,84201.23,19075.15,4904.29,86079.27,52279.82,1225.44,44148.27,29498.48,1900.94,27090.13,23391.41,6009.85,9439.83,3392.16,1233.0,3637.3,779.47,20.0,0.0,0.0,799.28,4326.31,19.58,1647.14,82.0,42604.18,6212.68,537.88,5305.46,54745.62,2593.89,2585.89,79301.58,150481.25,77022.36,19389.9,6321.59,3511.27,1491.61,7433.79,42.33,52931.37,79137.25,13350.15,61139.58,33522.1,53621.15,4262.34,0.0,115.8,3405.13,0.0,82.0,13784.49,1494.16,14819.01,9813.32,2076.89,97881.61,17084.7,1153.25,75623.86,4928.78,556.44,1699.47,154.25,841.46,724.66,11392.31,20.0,41810.28,11967.09,415.22,2816.38,3366.55,2585.89,4929.52,7.0,7459.91,1577.0,26971.83,10675.09,64702.14,2258.35,3911.73,20.0,2585.89,30.0,2816.38,12717.86,223147.54,34893.22,5.0,399.0,5009.06,25180.14,27906.21,25785.6,20752.61,2309.39,51202.9,13772.41,61775.06,6473.76,14666.86,8781.82,134.14,542.83,736.47,18184.92,94910.68,31838.94,1411.98,2585.89,33149.73,11544.51,40252.73,13852.53,78664.05,290.16,25117.21,39025.27,6754.35,3758.52,69556.4,111236.86,12184.47,176707.69,220.47,498.33,5912.01,67332.86,274.66,38750.83,10891.82,6249.19,9547.49,24018.26,18395.29,394.58,2991.73,31112.27,85575.87,52542.94,4854.95,9293.99,49802.38,9258.17,67184.87,68825.18,5.0,58567.58,18260.09,2816.38,2816.38,22.0,63061.41,82.0,18934.33,82.0,3426.15,15445.71,7572.74,105317.56,61043.12,82.0,106.5,196447.21,32702.98,52414.9,4320.0,26317.72,57658.71,9988.46,214361.54,1841.58,432.83,81589.83,189.33,99248.05,4456.88,4613.79,66124.97,4187.62,49037.62,491.33,8412.44,13348.58,874.33,10414.67,10836.56,2904.94,151346.19,2549.02,85.0,4150.23,11402.39,0.0,5.0,34573.64,56808.4,70484.8,0.0,46114.67,10075.26,0.0,4512.04,49730.51,8.0,8.0,0.0,27.0,0.0,0.0,0.0,0.0,0.0,0.0,0.0,0.0,0.0,0.0,12.0,0.0,0.0,0.0,0.0,0.0,0.0
S15.244.Sed,1710.5,35942.34,63481.73,9083.47,0.0,41198.81,18137.42,1607.99,60203.26,13906.94,3398.49,63389.78,28804.42,1048.0,31330.88,21485.89,1163.5,20722.91,17753.41,4257.0,6823.98,2225.0,840.0,3016.46,623.5,11.0,52.0,0.0,472.99,2559.5,26.0,1182.49,142.99,29986.9,4422.48,316.5,3700.0,39953.84,2246.43,2237.43,57398.29,108201.55,56097.27,13817.94,4364.49,2779.47,951.0,4914.48,68.5,37919.33,59557.7,9241.96,44796.84,24707.9,36966.93,3149.96,0.0,43.0,2541.47,0.0,142.99,9233.96,811.5,10378.96,7194.95,1431.47,72767.67,11947.45,760.99,51357.77,3545.49,418.0,1124.49,162.0,946.0,433.5,8858.88,11.0,32487.34,9474.95,275.0,1953.99,2408.99,2237.43,3482.99,0.0,4973.98,1087.0,19942.36,9598.96,48464.22,1463.0,2338.99,11.0,2237.43,23.5,1953.99,8590.95,157099.08,24184.34,0.0,618.0,3041.49,16749.96,19686.41,19994.84,14640.45,1545.0,36913.35,10980.4,47614.24,4241.49,10091.95,6609.41,85.0,397.49,653.5,12788.94,66004.76,22373.42,832.5,2263.43,23146.45,7781.48,27821.42,10443.96,58454.28,63.0,17403.91,26478.34,4873.98,3064.95,52316.22,84493.67,9023.97,128521.91,187.5,278.0,4355.97,49170.3,352.0,28925.39,8604.38,5241.9,6108.48,17707.38,12998.46,173.0,2027.97,22378.89,66030.27,36817.85,945.5,6448.96,35380.88,6358.98,48295.31,53186.72,0.0,42516.59,14073.43,1953.99,1953.99,78.0,46124.52,142.99,12336.98,142.99,2434.5,12085.45,4784.0,76073.75,42443.35,142.99,78.5,142412.4,23624.37,39096.81,3535.42,19259.92,41305.85,6301.48,155297.45,1438.0,154.0,55092.64,179.5,69090.71,3229.49,3359.99,47769.3,2246.99,36210.86,270.0,5996.47,9408.45,721.99,7623.47,7838.9,2451.93,108226.57,1768.48,61.0,2707.48,7997.96,0.0,0.0,25265.42,42152.85,53062.64,0.0,33870.37,7998.97,0.0,3694.98,35931.34,9.0,9.0,8.0,34.0,0.0,0.0,0.0,0.0,0.0,0.0,0.0,0.0,10.0,0.0,0.0,0.0,0.0,0.0,0.0,0.0,0.0
S15.243.Sed,1787.66,38575.13,60861.88,11612.99,0.0,43036.34,19884.97,2348.66,62283.68,15134.83,3584.33,65966.32,25339.0,3394.32,33658.49,21333.0,1872.33,25729.13,20472.8,3562.01,5960.34,2489.68,994.67,3029.18,928.17,95.0,21.0,0.0,318.34,3342.84,36.0,1286.18,61.34,32575.33,5091.84,1190.82,3862.83,42733.98,2037.86,2035.86,62973.01,112742.52,58176.84,14200.34,4930.84,3569.5,1946.17,6012.83,66.83,41885.62,55380.34,9798.65,45574.65,35370.32,38851.35,1896.67,0.0,30.33,2263.01,0.0,37.67,12851.98,2867.5,18865.32,9970.18,2042.34,74663.3,14489.83,1503.84,55235.64,4285.02,505.66,1375.5,335.0,922.66,1334.5,9002.53,95.0,42729.78,13031.81,416.0,1452.17,2705.5,2035.86,4008.84,0.0,4981.84,1104.67,25903.71,8376.68,53117.69,3491.16,3797.33,95.0,2035.86,17.5,1452.17,9920.18,160270.9,22410.02,0.0,888.0,5584.16,21407.86,20866.96,28608.17,18760.49,1893.67,34748.83,15742.84,60971.79,4140.5,10156.83,6195.53,334.0,559.83,1084.5,13082.21,68172.85,23876.38,1201.82,2035.86,25059.67,10779.99,30377.18,10706.51,58834.53,2.0,22352.01,28080.5,8587.35,4098.34,61496.47,84361.15,10074.0,129401.27,393.83,483.33,4194.84,52032.52,406.33,33345.51,8512.37,5211.37,8340.96,22140.14,15215.16,538.14,1333.01,22710.5,64914.16,38655.2,28.0,7488.33,40376.14,6234.83,50980.82,60751.34,0.0,41810.8,17677.14,1452.17,1452.17,27.0,43013.59,37.67,16870.68,37.67,3591.82,10613.33,5308.35,79004.81,47603.68,37.67,146.0,148064.52,24369.51,32859.27,4077.18,20012.34,46202.11,9062.13,160191.48,1039.33,340.33,53377.69,189.5,76391.02,3142.0,3137.5,50521.83,2079.68,39359.84,430.33,10064.48,9496.51,1033.0,8142.49,6615.68,2173.7,112764.02,2028.0,96.0,3228.5,8280.01,0.0,0.0,28378.98,44664.49,56487.17,0.0,33613.01,8962.15,0.0,5585.66,38115.33,2.0,2.0,53.0,0.0,0.0,0.0,0.0,0.0,0.0,0.0,0.0,0.0,0.0,0.0,0.0,0.0,0.0,0.0,0.0,0.0,0.0
S16.213.Sed,1923.89,24057.68,39254.13,8105.26,0.0,27719.82,13588.89,1529.77,41613.15,9688.74,2350.89,43516.67,20029.9,1871.44,22119.83,15605.61,1494.89,18186.66,14116.15,3227.02,3531.16,1912.01,863.0,1863.64,692.67,64.0,14.0,14.0,214.16,2086.18,66.0,1001.33,22.66,21392.3,3094.21,841.0,2609.01,26535.12,951.62,939.62,41282.68,71146.67,37670.63,9478.58,2893.39,2330.87,1253.5,3928.55,34.0,26785.15,34071.22,5745.64,28983.35,24852.09,26595.51,1230.25,0.0,20.0,1757.15,0.0,22.66,7256.76,1355.17,11636.04,6571.2,1332.87,49117.3,8984.81,1403.33,35169.52,3915.66,368.67,1272.38,325.0,980.23,737.0,5457.53,64.0,28455.67,8833.01,399.0,940.83,1773.05,939.62,2339.5,15.0,3502.21,907.0,16321.65,4528.64,32279.77,2170.22,2221.0,64.0,939.62,14.0,940.83,5937.2,100774.31,15480.46,1.67,1149.0,3154.39,13885.28,12570.83,18016.62,13032.49,1548.0,23511.54,10889.6,41252.75,2655.94,5911.36,3667.17,188.5,458.38,898.5,7889.31,44404.36,15056.2,684.22,953.62,16640.12,6098.72,19465.87,6376.65,36557.16,17.5,14330.64,19466.8,5360.54,2651.36,39483.04,53025.34,6647.82,76778.62,365.0,296.0,3186.37,32265.12,465.17,22549.05,5035.03,2904.6,5267.66,14990.37,10609.36,207.54,950.48,15372.38,41881.99,24217.53,1313.0,3658.26,26206.75,4220.66,32320.68,39111.93,1.67,20307.67,11735.73,940.83,940.83,78.0,28825.76,22.66,11371.49,22.66,2258.84,6970.59,4728.18,47943.8,29780.93,22.66,198.0,96689.09,15525.66,19642.16,2471.66,12029.79,29360.93,5733.16,100107.85,1093.68,301.5,38390.19,168.17,51748.04,2057.05,2036.55,31962.82,1425.5,25675.69,269.0,7276.04,5997.13,711.88,5051.75,4032.6,1041.62,73231.12,1198.54,35.0,1944.66,5385.09,0.0,1.67,18419.52,26667.76,27481.54,0.0,22585.7,5938.14,0.0,4071.0,22788.9,12.0,12.0,12.0,0.0,0.0,0.0,0.0,0.0,0.0,0.0,0.0,0.0,0.0,14.0,0.0,0.0,0.0,0.0,0.0,0.0,0.0
S16.214.Sed,1356.4,28798.0,48000.59,7801.81,0.0,33117.45,14543.64,1249.29,47259.82,11035.62,2629.73,48515.98,20680.96,1102.12,25748.92,17352.03,879.06,18103.79,14859.61,3168.68,4972.18,1606.0,679.5,3085.32,495.84,7.0,13.0,0.0,295.83,1900.18,13.0,1094.83,153.33,23766.06,3494.06,287.36,2745.34,31836.24,2061.31,2051.31,46729.49,86027.47,44563.81,11451.28,3117.57,2582.89,722.5,4306.24,37.84,29978.81,45399.94,7189.02,35325.14,22301.22,28847.11,2319.28,0.0,9.34,1781.17,0.0,153.33,8109.14,998.0,10330.26,6322.23,1457.21,56183.57,10519.37,881.83,40643.05,3031.83,297.18,978.89,81.0,406.06,540.5,7850.42,7.0,28487.06,8368.25,392.5,1472.17,2118.89,2051.31,2724.17,6.0,3560.4,717.5,17033.22,6371.16,39658.28,1290.06,2477.03,7.0,2051.31,10.0,1472.17,6854.73,117338.96,19482.38,3.0,609.0,2991.59,14229.98,15178.75,18541.42,12046.21,1166.5,29078.65,10365.7,41548.06,3052.61,7867.89,5655.37,47.0,357.89,582.84,9761.66,52049.7,17368.9,617.08,2064.31,18551.83,6021.24,21756.74,8144.5,45315.78,20.0,14896.21,22348.66,4750.22,2924.55,43857.14,65026.29,7177.01,98711.17,216.34,326.34,3736.05,39279.06,228.68,23596.81,7661.74,5013.3,4956.42,15730.34,10826.08,50.38,1450.67,17778.45,50822.15,28598.79,376.0,4305.28,29078.36,4925.5,38765.01,43204.68,3.0,31108.11,12237.33,1472.17,1472.17,58.0,38015.82,153.33,11134.52,153.33,2053.36,8496.29,4331.5,59485.83,33753.89,153.33,116.0,111912.54,18993.57,28683.51,3132.2,15672.5,33244.55,5106.42,122942.91,968.34,110.34,43968.68,78.84,56122.59,2575.89,2496.39,38022.14,1390.33,28442.12,320.34,5973.59,7285.17,671.05,5939.11,6253.32,2157.15,86472.59,1625.22,9.0,1995.84,6543.44,0.0,3.0,20164.6,33101.53,41742.28,0.0,26735.45,6483.19,0.0,3399.2,28101.54,10.0,10.0,0.0,0.0,0.0,0.0,0.0,0.0,0.0,0.0,0.0,0.0,0.0,0.0,0.0,0.0,0.0,0.0,0.0,0.0,0.0
S17.236.Sed,2626.25,36661.37,61993.12,10122.56,0.0,45625.41,19922.35,2626.74,61204.2,14306.69,3449.99,63774.48,26640.42,483.0,32258.57,22857.07,704.0,18112.77,17243.18,2210.25,5449.57,851.5,477.5,5619.89,283.5,3.0,0.0,0.0,730.66,1050.83,6.25,739.66,342.66,26346.15,4001.23,121.0,2245.25,41110.42,5104.62,5091.62,55760.31,104359.16,61678.03,13821.87,3195.15,3068.48,711.83,5582.07,0.0,38840.2,60196.34,10227.64,43860.43,23479.51,35971.11,5530.55,0.0,10.0,2187.06,0.0,320.66,8905.22,867.5,11604.89,8656.3,3465.73,75346.98,12436.13,1252.41,55026.93,2463.66,133.5,963.41,44.25,73.5,391.0,13992.5,3.0,30856.05,9205.63,318.25,2131.41,2431.24,5091.62,2885.74,0.0,4826.82,495.5,20698.56,6007.3,50531.03,1179.58,2618.16,3.0,5091.62,6.0,2131.41,10407.46,196007.39,25438.89,4.0,242.0,3414.66,16492.46,19680.91,23538.21,14652.38,807.75,38092.7,12293.35,46266.72,4194.16,12203.96,9671.27,343.0,536.66,299.5,11327.28,65972.13,19409.85,391.5,5091.62,22052.12,8132.9,27274.84,10041.29,57052.95,86.5,19501.51,33533.38,4886.07,4583.05,52267.62,72426.53,7934.05,170238.73,139.0,96.0,5327.56,47889.57,100.0,29518.48,14260.5,10422.85,7966.07,19830.24,12798.71,1308.25,2597.48,22428.49,55761.28,37071.11,827.0,20226.55,33005.13,5550.57,51268.24,53445.44,4.0,64244.89,13241.7,2131.41,2131.41,28.0,62559.98,320.66,11442.98,320.66,2124.75,11216.2,2511.75,72970.5,43596.02,320.66,46.0,151735.62,25680.48,37657.4,6639.03,18887.93,37037.71,8046.57,154637.79,509.25,276.5,60020.43,51.0,72729.23,3084.24,3360.49,50811.06,2241.66,35500.12,96.0,6518.23,9867.62,1061.66,7627.39,13248.18,5176.37,114303.67,3262.4,18.0,2952.82,9248.72,0.0,4.0,22905.5,39251.19,69243.76,0.0,34617.46,5792.56,0.0,3573.82,36740.61,13.0,13.0,0.0,0.0,0.0,0.0,0.0,0.0,0.0,0.0,0.0,0.0,0.0,0.0,0.0,0.0,0.0,0.0,0.0,0.0,0.0
S17.235.Sed,270.0,3909.28,6403.41,1134.99,0.0,4254.27,1977.64,256.33,6139.42,1663.48,360.83,6608.76,2528.14,331.0,3390.96,2268.63,235.0,3116.97,2191.97,137.0,469.66,84.0,50.0,298.82,109.0,26.0,0.0,0.0,22.33,309.5,0.0,77.33,9.33,3105.8,460.66,124.0,362.5,4159.28,173.31,170.31,6179.93,11089.35,5723.59,1363.48,361.33,506.99,234.5,500.66,0.0,4146.11,5582.4,784.32,4454.28,4244.3,3875.81,186.82,0.0,0.0,289.49,0.0,9.33,1123.82,265.0,2296.82,1124.15,272.49,7663.39,1418.15,285.33,5327.09,470.83,26.0,238.33,99.0,172.0,147.0,806.96,26.0,4981.28,1497.15,65.0,116.83,267.83,170.31,332.83,0.0,601.66,50.0,2688.12,1008.82,5364.24,438.5,328.83,26.0,170.31,4.0,116.83,796.15,17314.86,2347.28,0.0,264.0,533.83,1767.82,1806.97,3421.28,2233.15,54.0,3348.95,2029.3,7095.08,336.33,954.15,557.97,21.0,49.33,186.0,1034.98,6534.92,2066.14,120.0,170.31,2084.65,838.16,3052.14,944.32,5469.26,3.0,2096.47,2650.28,1088.66,572.65,6570.24,8594.39,1005.99,14380.47,79.0,39.0,496.99,4923.6,86.0,3590.63,793.46,496.8,671.16,2438.96,1563.82,44.0,125.99,2360.63,6743.09,3479.95,42.0,888.32,3802.46,597.66,4831.27,6680.24,0.0,4884.53,1992.81,116.83,116.83,0.0,4469.34,9.33,1542.66,9.33,341.5,1129.65,151.0,7216.75,4364.45,9.33,60.0,14663.8,2639.29,2659.77,418.14,1815.14,4480.95,738.16,14902.15,214.0,99.0,6370.38,21.0,7550.07,283.83,295.83,4767.1,191.33,4086.62,39.0,1292.99,858.15,156.33,800.99,717.3,174.31,10751.69,132.66,0.0,278.16,792.82,0.0,0.0,2891.14,4072.95,6300.88,0.0,3392.29,1017.49,0.0,710.16,3559.28,3.0,3.0,0.0,0.0,0.0,0.0,0.0,0.0,0.0,0.0,0.0,0.0,0.0,0.0,0.0,0.0,0.0,0.0,0.0,0.0,0.0
S18.206.Sed,771.0,10818.84,20575.23,3258.47,0.0,14604.81,6812.42,649.49,21665.76,4942.94,1340.49,21385.78,21178.92,338.0,11936.88,7943.89,419.0,5972.91,5863.41,1118.5,2511.48,690.0,306.5,922.96,179.0,0.0,0.0,0.0,380.99,1314.5,0.0,517.99,69.99,10419.9,1595.48,76.0,1210.5,13501.34,1050.93,1033.93,19124.79,37238.05,19757.27,4995.44,1590.99,902.97,253.0,1588.48,10.0,12811.33,17563.7,3161.96,15236.34,7688.9,14913.43,1537.46,0.0,3.0,975.97,7.0,69.99,2948.46,471.5,3741.96,2303.45,782.47,24853.67,4286.95,468.49,20894.77,1407.49,99.0,647.49,3.0,132.0,329.0,3178.88,0.0,9506.84,2566.45,87.0,824.99,870.49,1033.93,1106.99,0.0,2342.48,321.5,6872.86,2105.46,15892.72,554.5,1022.99,0.0,1033.93,0.0,824.99,3150.95,59526.58,10669.84,0.0,174.0,1227.49,5573.96,7278.91,6371.84,5133.45,518.5,13920.35,3176.9,14267.24,2033.49,3435.95,2746.41,7.5,134.49,186.5,4752.44,25463.26,8193.92,343.0,1033.93,8736.45,2342.98,10692.42,3227.96,19361.78,200.5,6274.41,10697.84,1600.98,1104.45,16219.22,26225.17,2908.47,44873.41,33.0,52.0,1702.97,16749.8,72.5,9988.39,3143.38,1901.9,2448.98,6286.38,4736.96,16.0,1391.97,8439.89,20016.77,14415.85,3378.0,1777.96,12167.88,2546.48,17569.81,16392.22,0.0,14534.09,4673.93,824.99,824.99,56.0,19571.52,69.99,4853.48,69.99,673.0,3943.45,2073.0,25287.75,15685.85,69.99,84.0,51513.9,8544.87,11567.81,1331.42,6475.42,14246.85,2706.48,53766.95,179.0,353.0,26036.64,32.5,26841.21,1183.99,1247.99,17358.8,2002.99,12747.86,52.0,2210.97,3612.95,243.49,2607.47,3401.9,1096.43,39567.57,753.48,15.0,1566.48,3178.46,0.0,0.0,8644.42,13792.35,14926.14,0.0,11846.87,2566.47,0.0,958.48,12747.84,17.0,17.0,0.0,0.0,0.0,0.0,0.0,0.0,0.0,0.0,0.0,0.0,0.0,0.0,0.0,0.0,0.0,0.0,0.0,0.0,0.0
S18.205.Sed,3223.75,58863.78,92218.54,16609.16,20.0,65939.93,29358.1,3393.33,95321.69,22954.04,5201.74,99118.43,38905.16,3578.2,50992.25,35606.7,3161.82,35322.13,29882.89,7387.46,9691.82,5501.16,2296.5,5744.65,1283.66,18.0,81.33,0.0,486.09,4140.26,429.0,2149.82,118.59,49759.97,7438.25,1497.58,6417.08,63418.5,2976.31,2966.31,94511.34,174969.21,90036.2,21770.45,7767.16,4809.48,2243.02,8890.08,137.5,63128.83,96137.45,15759.73,69938.49,48964.44,59761.16,3594.34,0.0,85.33,3668.81,8.0,20.33,16454.5,2430.98,20243.11,13678.73,2537.02,114041.73,20703.21,2002.49,85976.32,7488.65,735.32,1251.16,160.0,898.32,871.65,14831.22,18.0,53439.48,17787.27,503.83,2966.25,3979.25,2966.31,5756.84,12.0,7702.76,2565.5,35517.04,9666.72,77371.09,3271.5,4619.14,18.0,2966.31,25.0,2966.25,14220.94,220418.23,35370.71,4.33,678.0,6723.3,30455.19,29534.88,34366.25,26680.94,4289.0,56701.78,20817.0,80856.68,6206.58,17139.28,9926.14,753.78,923.49,1063.33,19921.18,102886.3,35902.71,1762.91,2966.31,39474.86,15005.39,42795.16,16266.83,89388.62,39.0,31276.21,49947.23,9011.33,4863.56,85066.67,126244.17,15428.24,209830.0,244.33,622.33,7290.24,76440.02,589.99,49487.49,14011.47,8906.63,15216.37,29333.02,23124.52,1053.33,1770.63,36402.54,99169.25,58722.44,72.0,11096.07,60763.1,10626.9,77244.23,84787.11,4.33,63345.24,21991.96,2966.25,2966.25,113.0,70839.14,20.33,23414.48,20.33,4674.15,17488.62,11195.49,117848.85,70881.28,30.33,190.0,226543.53,32874.61,58183.81,7025.89,29578.14,68255.82,15905.44,241241.8,1546.64,94.33,80633.81,424.16,111860.42,5026.25,4679.86,77351.11,3224.64,57338.45,599.33,11440.86,14117.93,1429.42,12011.01,11965.56,3191.4,173227.82,3407.79,165.0,4110.15,12590.82,0.0,4.33,41257.84,64091.47,88884.83,0.0,53280.04,12033.49,0.0,6584.88,55339.15,10.0,10.0,11.0,0.0,0.0,0.0,0.0,0.0,0.0,0.0,0.0,10.0,0.0,10.0,10.0,10.0,0.0,0.0,0.0,0.0,0.0
S19.216.Sed,768.5,15153.28,24248.91,4170.99,0.0,17903.77,8196.64,827.33,25303.42,5806.48,1438.83,26340.76,16868.64,544.0,14220.96,9566.63,583.0,8002.97,7279.47,1425.5,2743.16,1009.0,469.0,1589.82,299.5,29.0,6.0,0.0,232.83,1271.0,11.0,603.33,26.33,13268.8,1867.66,177.5,1630.5,16847.78,818.81,818.81,24612.93,46995.35,24375.59,6033.48,2002.83,1107.99,488.0,2585.66,9.0,16731.61,25773.4,4322.32,19039.28,10867.8,15930.31,1259.82,0.0,15.0,883.49,0.0,26.33,4389.82,292.0,4360.82,2937.65,666.99,29745.39,5765.15,413.33,23829.09,1560.83,204.5,724.33,124.0,152.5,270.0,4156.46,29.0,12931.78,3607.65,103.0,897.83,1056.33,818.81,1432.83,0.0,2244.16,507.0,8754.12,3000.82,19158.24,562.5,1459.33,29.0,818.81,6.5,897.83,3677.15,63806.36,11223.28,0.0,93.0,1864.33,7592.32,8115.47,7106.78,6655.15,745.0,16222.45,4126.3,19029.08,1968.33,4386.15,2772.97,87.5,188.83,277.0,5515.98,27844.92,9659.64,607.0,823.81,9534.15,3546.16,11735.14,4421.82,24510.26,100.5,7828.47,12502.28,2273.66,1147.15,20801.24,32907.39,3832.99,54526.47,44.5,155.0,1954.99,20719.6,131.5,12693.13,3820.46,2438.3,3270.16,7081.96,5398.82,79.0,1089.99,9863.13,25665.09,16448.95,1639.0,2596.82,15600.46,2718.66,21301.27,20513.24,0.0,16869.53,5759.31,897.83,897.83,2.0,19304.84,26.33,6307.66,26.33,1179.5,5027.15,2356.5,32352.25,18336.45,26.33,31.0,61100.3,9873.79,16134.77,1352.14,7988.14,18176.45,3488.16,66990.65,391.0,273.0,24677.88,91.5,30862.57,1374.83,1445.83,21033.1,1519.83,14906.62,155.0,2632.49,3943.65,265.83,3083.49,3420.8,865.31,47449.69,765.16,26.0,1133.16,3671.32,0.0,0.0,10871.64,17523.45,23927.88,0.0,14253.29,3125.49,0.0,1278.16,15244.28,0.0,0.0,0.0,0.0,0.0,0.0,0.0,0.0,0.0,0.0,0.0,0.0,0.0,0.0,0.0,0.0,0.0,0.0,0.0,0.0,0.0
S19.215.Sed,1262.32,18957.41,28744.88,5769.6,0.0,21500.1,9678.2,1172.14,31119.0,7093.92,1705.98,32218.85,12276.22,963.32,16502.66,11836.51,1031.66,12015.82,9843.5,2177.82,3002.8,1514.0,632.0,1911.64,621.66,30.0,22.0,0.0,80.66,1421.32,20.0,864.99,16.66,16207.81,2200.64,512.64,1884.16,20107.78,773.62,773.62,30656.52,54853.9,29232.19,7122.76,2398.64,1572.8,817.5,3144.96,54.66,20893.2,31015.62,4893.26,22552.44,16344.81,18521.81,1201.62,0.0,25.66,1141.3,0.0,16.66,5599.42,604.0,6967.91,4155.1,733.48,36380.2,6966.24,696.16,27637.66,2204.16,227.82,804.32,190.0,451.66,344.0,4731.4,30.0,18718.52,5749.74,153.0,1016.32,1403.82,773.62,1691.82,12.0,2438.8,696.0,11338.85,3239.3,23696.18,1113.16,1814.46,30.0,773.62,3.0,1016.32,4465.44,69535.56,11784.66,0.0,423.0,2514.12,9329.58,9078.03,11557.96,9062.56,1137.0,19115.61,6775.02,27798.06,2083.32,5389.44,3193.76,206.5,353.82,567.16,6153.28,32421.47,11159.07,728.64,782.62,11945.39,4718.62,13625.72,5173.62,28466.9,0.0,10441.86,15695.56,3195.31,1662.62,27674.92,40377.04,4913.62,65753.36,157.66,181.66,2396.64,23741.26,316.82,16211.66,4340.08,2764.6,4453.56,10107.8,7456.92,169.66,808.3,12212.86,32477.68,18631.98,0.0,2835.62,19898.98,3142.14,25231.09,27309.94,0.0,19924.36,7758.2,1016.32,1016.32,20.0,22680.72,16.66,7604.95,16.66,1682.64,5901.1,3077.0,37935.13,21524.09,16.66,75.0,73630.34,10908.84,18490.02,1802.6,9019.74,22458.58,4688.56,78732.08,674.66,124.66,25786.5,206.16,36543.76,1684.82,1620.32,24964.39,884.66,18255.15,169.66,4338.26,4456.44,373.66,3723.96,3538.74,887.78,56345.93,926.48,43.0,1213.64,4069.96,0.0,0.0,13645.02,20039.79,27590.9,0.0,17396.84,4197.44,0.0,2406.78,17680.94,0.0,0.0,0.0,0.0,0.0,0.0,0.0,0.0,0.0,0.0,0.0,0.0,0.0,0.0,0.0,0.0,0.0,0.0,0.0,0.0,0.0
S20.237.Sed,1023.32,18593.02,31574.56,5663.62,0.0,21524.56,9487.92,1005.98,31422.16,7335.96,1780.32,33274.5,13686.94,975.32,16928.24,10687.42,796.66,11846.88,9452.56,1916.32,3310.98,1233.0,500.0,1739.0,408.66,11.0,18.0,0.0,155.0,1292.82,28.0,652.5,44.0,15623.72,2442.82,415.14,2007.16,20783.72,783.0,783.0,30567.5,55603.7,29255.18,7197.3,2419.98,1545.32,555.0,2521.14,40.16,20235.98,29439.82,4912.62,23486.38,15117.88,19423.86,1227.48,0.0,8.66,1091.32,0.0,44.0,4683.78,580.0,6389.94,3980.14,772.0,38128.42,6686.44,625.5,27121.48,2039.0,268.82,510.16,42.0,407.66,287.0,4406.48,11.0,17998.8,5774.44,190.5,855.16,1287.66,783.0,1808.16,0.0,2494.98,561.0,10935.28,4083.66,25577.2,935.16,1385.3,11.0,783.0,5.5,855.16,4265.14,73510.34,11192.1,0.0,621.0,1891.96,9246.44,9854.92,11607.4,8467.76,1011.0,18361.38,6357.26,26142.24,2116.16,5101.14,2925.82,113.5,245.16,439.16,6325.82,34302.8,11626.46,529.64,787.0,12785.76,4260.3,14432.44,5384.48,29823.38,14.0,9582.92,14057.0,2829.16,1632.82,28385.94,42949.26,4953.64,65865.26,116.16,215.66,2327.66,25479.06,187.82,15884.74,4275.66,2585.0,3506.24,9551.38,7352.28,177.16,623.32,11788.1,33317.5,18914.58,160.0,3338.48,19456.56,3340.32,25388.88,28895.8,0.0,21119.3,7358.08,855.16,855.16,92.0,21711.04,44.0,6961.8,44.0,1435.14,5981.8,2806.0,39311.3,22610.86,44.0,104.0,73948.58,12096.26,18952.48,1656.32,10156.46,22218.68,3711.24,80721.28,469.66,45.66,26097.74,97.66,35966.96,1687.66,1570.16,24846.86,810.5,19453.58,209.66,3738.28,4661.14,496.0,4058.48,3831.64,822.66,56472.22,875.66,46.0,1298.82,4065.82,0.0,0.0,13584.24,21691.22,30494.14,0.0,17716.26,4186.96,0.0,2062.46,18338.88,0.0,0.0,6.0,0.0,0.0,0.0,0.0,0.0,0.0,0.0,0.0,0.0,0.0,0.0,0.0,0.0,0.0,0.0,0.0,0.0,0.0
S20.238.Sed,1582.0,27766.72,46902.59,7694.51,0.0,34260.23,14568.86,1240.67,48894.58,10943.52,2790.17,49165.74,25463.86,888.0,25865.04,17490.37,952.0,16723.03,14174.03,3335.0,5228.34,2012.0,850.5,2619.68,537.0,0.0,9.0,0.0,418.17,2124.5,14.0,1254.67,88.67,24428.2,3996.34,181.0,2905.0,31983.22,1903.19,1886.19,46811.57,85757.15,45964.91,11585.52,3419.17,2123.01,757.5,4375.84,25.0,30216.39,44069.6,7379.68,35835.72,20457.7,30899.19,2606.68,0.0,15.0,1735.01,0.0,88.67,7404.68,696.0,8699.18,5464.35,1283.01,55754.11,10270.35,701.17,41922.91,3420.17,228.5,997.67,44.0,426.0,387.0,7328.54,0.0,25662.22,7329.85,301.0,1620.67,2126.17,1886.19,2824.67,0.0,3919.84,928.5,15675.88,4950.68,37741.76,1132.5,2246.67,0.0,1886.19,18.0,1620.67,7030.85,116765.14,19778.72,0.0,462.0,2753.17,14653.68,15338.53,15947.72,11693.85,1463.5,29900.05,8514.7,37946.92,3399.17,7802.85,5650.03,21.0,238.67,573.0,10385.52,53930.58,18278.86,727.0,1895.19,19490.85,6096.84,23232.36,8062.18,45714.24,90.0,14002.03,21925.22,4046.34,2314.35,41054.76,63670.61,7096.01,93827.03,156.0,277.0,3585.01,39066.9,193.0,23776.87,7213.04,4471.2,4697.84,14336.04,11415.68,64.0,1698.51,18669.87,49702.91,30527.05,1373.0,4154.68,29344.54,5096.34,39245.23,40172.76,0.0,28533.97,11424.19,1620.67,1620.67,82.0,37839.16,88.67,11413.34,88.67,1798.5,8532.35,5156.5,60517.75,35308.55,88.67,117.0,114733.2,18571.71,29894.23,2629.86,15473.86,34163.55,4882.84,126331.85,759.0,178.0,44010.62,84.0,56937.43,2744.17,2542.17,39449.4,2069.67,29209.38,273.0,5150.51,7547.35,592.17,6052.51,6105.7,2097.19,90444.31,1460.84,48.0,1833.84,6732.68,0.0,0.0,20549.86,33167.55,38973.62,0.0,27441.71,6507.01,0.0,2825.34,28761.22,17.0,17.0,4.0,11.0,0.0,0.0,0.0,0.0,0.0,0.0,0.0,0.0,0.0,0.0,0.0,0.0,0.0,0.0,0.0,0.0,0.0
S21.223.Sed,2919.06,43796.87,73085.55,14051.64,10.0,49626.69,23767.82,2624.12,74421.56,17877.14,4496.73,77889.38,38241.65,3243.78,41048.12,27597.9,2319.39,31224.79,23879.95,4776.84,7092.35,3379.0,1370.5,3608.68,1024.67,72.0,12.0,0.0,415.67,3801.84,25.0,1500.84,19.67,38761.58,5729.9,2084.18,5230.67,48732.79,1607.19,1588.19,72486.22,130317.12,68652.89,16794.47,5587.4,4314.57,2077.5,6485.24,56.17,46470.83,62906.05,10250.69,51381.02,41957.23,48356.09,2518.13,0.0,44.67,3045.85,0.0,19.67,12664.14,2896.0,21734.76,11628.59,2228.23,88254.5,16131.54,2035.67,63941.11,5885.17,348.34,2230.56,298.0,1516.39,1187.5,9416.99,72.0,49229.74,15164.42,515.5,1852.84,3117.56,1588.19,4323.84,0.0,6443.57,1803.5,28897.29,9574.35,59083.4,3742.89,3687.52,72.0,1588.19,11.5,1852.84,10680.75,189849.41,28267.62,0.0,1425.0,5811.91,23632.81,22027.6,33719.31,21757.04,2410.5,42542.86,19803.07,71758.11,5254.28,11681.91,6577.59,231.0,485.56,1299.67,14623.86,81502.93,28013.27,1274.4,1588.19,29806.33,11068.07,36165.43,11500.85,65740.2,182.5,24565.73,33780.85,9801.9,4769.91,69294.88,97010.89,11749.35,146629.95,487.17,430.67,5422.9,59442.14,667.34,39380.01,9191.15,5381.2,9359.72,26691.86,18002.08,414.71,2262.35,27713.99,76593.72,44766.18,2474.0,7154.13,47195.22,7664.84,59531.74,71862.94,0.0,45828.95,21057.5,1852.84,1852.84,66.0,50112.91,19.67,18987.52,19.67,3867.18,13786.64,6889.0,87902.9,54357.59,19.67,391.0,175087.57,27490.62,35901.46,3797.08,22630.2,55099.74,10714.72,182151.75,1940.67,488.17,69296.54,240.17,91061.02,3810.56,3640.06,57445.54,3192.67,46434.34,424.67,12038.75,10835.19,1200.89,9477.62,7698.04,1775.36,131404.74,2132.23,342.0,3671.18,10107.96,0.0,0.0,32717.44,49672.57,63837.34,0.0,40182.0,10890.19,0.0,7023.36,42028.92,19.0,19.0,6.0,4.0,0.0,0.0,0.0,0.0,0.0,0.0,0.0,0.0,0.0,0.0,0.0,0.0,0.0,0.0,0.0,0.0,0.0
S21.224.Sed,2255.33,39983.12,68295.93,11659.66,0.0,48127.96,21791.81,2039.33,71879.25,16318.82,4347.99,72499.57,48886.64,1577.0,38573.29,26286.47,1625.33,22354.98,19899.99,5314.98,8060.16,2917.99,1256.0,3294.0,578.33,37.0,34.0,0.0,784.5,3820.32,23.0,1597.33,59.0,36091.28,5119.33,494.5,4691.99,47036.62,1899.5,1794.5,67478.24,126137.35,65716.45,16275.48,5293.99,2862.83,1142.5,6411.99,60.0,44198.25,63579.94,10849.32,51790.95,28873.81,47850.77,3221.33,0.0,31.0,2625.33,0.0,59.0,10798.98,1316.33,13072.48,8088.32,1522.33,80285.58,14754.65,1007.33,64142.1,4988.0,395.33,1857.0,198.0,856.99,878.5,9386.83,37.0,35991.97,9715.83,299.5,2292.33,2952.33,1794.5,4176.66,0.0,6501.33,1405.0,22627.47,7409.0,52182.95,2019.0,3665.66,37.0,1794.5,5.5,2292.33,10437.82,174350.85,30138.3,3.33,612.0,4456.49,21105.46,23506.31,21012.48,17995.63,2169.0,44252.44,11446.16,51875.63,5664.66,11340.32,7147.49,84.5,317.0,682.5,15353.15,80802.56,27638.8,1224.5,1817.5,29202.62,9186.98,34307.45,11551.65,66933.76,350.5,20950.96,32894.64,5785.5,3038.16,56626.28,90367.6,10231.82,135677.78,170.5,379.0,5136.33,57362.1,303.83,34679.63,8985.83,5126.5,8476.16,20338.31,15588.82,185.0,2652.0,26709.3,70207.75,45105.79,4867.0,6606.32,42740.63,7806.82,57968.48,56141.79,3.33,42356.77,16646.99,2292.33,2292.33,53.0,51347.44,59.0,17131.49,59.0,3170.16,12896.15,7528.82,88049.58,52496.77,59.0,111.0,165880.33,27488.96,40305.6,2891.5,22409.31,49845.75,9077.66,183225.99,1390.32,1056.0,69980.11,122.83,86065.58,3915.83,3876.83,56686.28,4365.66,42258.63,374.0,7384.32,11224.83,631.5,8642.33,7951.16,2070.5,128633.88,2146.5,51.0,3162.66,9844.49,0.0,3.33,30364.46,48328.44,52286.26,0.0,39475.8,8991.5,0.0,3976.32,41274.3,105.0,105.0,5.0,16.0,0.0,0.0,0.0,0.0,0.0,0.0,0.0,0.0,0.0,0.0,0.0,0.0,0.0,0.0,0.0,0.0,0.0
S22.246.Sed,2567.35,45801.41,77346.67,12786.54,0.0,54273.36,25075.07,2085.35,79379.6,18143.52,4637.85,80326.78,51041.73,1660.68,42989.57,29600.88,1821.01,26449.07,23270.73,5561.35,8797.85,2885.0,1183.0,3906.14,805.34,21.0,75.0,37.0,787.66,3869.03,174.0,1831.83,127.66,40576.6,5982.67,569.86,5044.35,52573.89,2996.12,2996.12,75830.27,142508.51,73410.4,18541.18,5829.02,3473.16,1310.5,7148.85,136.84,50879.79,73849.02,12641.7,57827.73,33672.91,51963.68,4311.5,0.0,46.84,3396.17,0.0,127.66,12599.06,1701.67,15605.56,9635.01,2162.65,92511.79,16739.38,1379.16,71657.62,5044.66,704.85,1998.17,197.0,1045.68,1145.17,11588.78,21.0,41595.79,11756.86,421.5,2681.67,3311.17,2996.12,4603.17,0.0,7064.52,1385.5,26587.32,8922.16,61992.49,2475.01,4040.87,21.0,2996.12,53.0,2681.67,11951.51,205501.07,33819.02,2.5,651.0,4956.05,23601.39,26544.05,25265.33,20627.9,2105.0,50001.92,14622.35,60979.28,6238.68,12898.17,8991.46,89.5,506.0,885.34,17160.99,90391.51,30470.69,1350.53,3058.12,31764.42,10369.7,37560.06,12935.67,74236.72,334.17,24040.88,38032.61,6906.0,3703.98,66433.75,103435.09,11571.02,164907.06,251.34,492.34,5930.16,63906.54,516.68,38826.22,11254.43,6863.6,9603.94,24086.23,17673.7,307.34,3137.67,30245.53,79570.23,49942.55,4448.72,7635.33,47636.91,8563.68,64291.39,65426.39,2.5,53200.62,18731.22,2681.67,2681.67,91.0,61546.91,127.66,18716.54,127.66,3311.2,14219.68,7241.17,98214.79,58223.28,127.66,143.0,188104.73,30864.86,46349.91,4589.96,25089.68,55930.94,10211.44,202535.53,1803.51,483.34,78255.53,234.84,96664.48,4286.17,4326.84,63702.91,4658.35,47279.04,492.34,9025.88,12602.68,964.66,9846.34,10350.48,3218.13,144477.13,2788.33,54.0,4376.02,10916.0,0.0,2.5,33357.9,54031.39,62556.62,0.0,44330.86,10154.19,0.0,4908.86,46724.56,0.0,0.0,0.0,9.0,0.0,0.0,0.0,0.0,0.0,0.0,0.0,0.0,0.0,37.0,0.0,0.0,0.0,0.0,0.0,0.0,0.0
S22.245.Sed,3349.01,62825.48,101502.2,17415.64,0.0,71854.88,31150.33,3400.43,104006.94,24545.2,5657.34,107837.55,43972.28,2721.52,54620.3,35088.56,2334.17,37205.64,30883.38,5519.59,10926.01,3428.0,1502.0,4991.57,1228.17,41.0,19.0,28.25,553.0,4785.35,13.0,2369.66,89.0,51759.93,8274.7,1092.85,6292.09,69902.92,2922.31,2911.31,101582.63,185217.02,97250.41,23121.11,8078.18,4936.08,1899.34,8765.1,114.67,67856.51,96794.81,16817.27,76809.56,46652.05,63708.46,4520.51,0.0,81.67,3595.58,0.0,87.33,16078.42,1865.0,20488.64,13037.75,2372.67,122142.48,21694.94,1341.58,89719.14,6474.33,1012.09,1729.5,212.0,1302.17,756.5,14300.73,41.0,57559.32,17455.62,465.0,2947.17,4341.92,2911.31,6659.59,0.0,8272.43,1699.0,35451.59,14007.6,82968.52,2800.51,4526.18,41.0,2911.31,74.5,2947.17,14673.27,257413.67,36988.76,4.0,1494.0,5942.6,31143.11,34982.56,36148.29,26959.2,2675.0,60474.63,19586.25,84285.69,7354.42,17349.52,10215.4,211.51,799.5,1238.67,22313.09,113744.64,39255.37,1944.6,2912.31,40929.54,15299.74,48504.24,17420.76,97805.82,34.0,31773.2,45078.89,9044.0,5329.91,92130.31,140046.51,15722.93,218777.42,389.17,903.92,7189.83,83343.5,454.84,51127.05,13836.22,8119.55,11305.71,31598.96,24814.54,424.67,2346.83,37450.52,108374.09,63850.52,304.0,11958.06,64954.98,10633.92,85104.68,90051.71,4.0,71194.87,23841.95,2947.17,2947.17,158.0,75150.64,87.33,23007.27,87.33,4330.18,19135.53,8026.0,131253.53,74411.35,98.33,145.0,244988.64,39628.43,62553.1,5674.4,33420.87,74986.26,11745.04,269834.85,1334.67,319.67,88677.47,291.17,118957.54,5559.92,5592.68,83523.16,2992.83,63619.05,799.92,11729.27,16393.18,1350.0,12846.68,11823.99,3160.4,188586.74,3054.68,111.0,3928.0,13509.75,0.0,4.0,44817.81,72804.83,92426.78,0.0,57307.38,13428.6,0.0,6011.85,61366.47,11.0,11.0,104.0,13.0,0.0,0.0,0.0,0.0,0.0,0.0,0.0,11.0,0.0,12.0,11.0,11.0,0.0,0.0,0.0,0.0,0.0
S23.217.Sed,1786.07,25649.19,41791.81,8463.62,0.0,29645.31,13320.17,1465.48,43739.66,10215.46,2471.57,45449.17,18565.94,1824.82,23271.99,15548.84,1564.66,17416.63,14042.31,3316.07,4095.73,2234.0,970.0,2158.25,800.66,62.0,9.0,0.0,244.0,2163.57,25.0,1135.67,17.0,22318.73,3202.07,936.64,2869.16,28033.97,748.5,734.5,42905.59,75933.7,40530.6,10047.05,3325.23,2304.07,1073.25,3822.64,67.66,27997.73,39300.82,6384.62,31343.88,23421.8,27672.78,1370.98,0.0,52.66,1576.57,2.0,17.0,6893.28,865.0,9951.36,5980.48,1045.25,50940.17,9230.19,1106.0,37940.23,3781.0,337.07,1138.66,268.0,698.16,480.0,5581.48,62.0,26628.39,8404.69,311.0,1123.91,1832.16,734.5,2456.66,4.0,3558.23,1044.0,15728.2,4787.16,33262.7,1588.91,2229.8,62.0,734.5,4.0,1123.91,6145.14,95086.59,15816.6,0.0,891.0,3089.21,13214.69,12538.5,16515.65,12626.51,1845.0,25212.05,9827.35,39588.58,2811.91,6751.14,3704.57,293.0,380.16,860.66,8503.32,46900.72,15948.38,816.39,737.5,17896.18,6014.55,20355.19,7044.23,39535.63,14.0,13982.67,20149.25,4595.33,2499.57,39574.94,57627.76,6901.64,86531.1,240.66,258.66,3230.41,33579.06,450.32,23135.08,5250.41,3031.75,5366.99,14119.13,11130.53,282.66,820.82,16598.6,45579.75,25491.83,340.0,4480.73,27403.56,4494.57,34450.96,39380.64,0.0,25929.05,11014.08,1123.91,1123.91,66.0,30064.54,17.0,10902.72,17.0,2236.89,8263.8,4944.0,51884.22,31014.53,17.0,191.0,101755.92,15519.01,23561.23,2232.82,12776.46,31193.93,5781.99,108070.03,852.66,316.66,36769.74,230.66,51626.55,2302.66,2112.91,34338.53,1162.5,26733.25,254.66,6165.28,6150.89,575.5,5309.98,4902.64,823.91,78031.39,1098.16,54.0,1821.57,5470.07,0.0,0.0,19380.24,28142.8,37458.39,0.0,24072.51,6111.71,0.0,3429.46,24469.38,14.0,14.0,0.0,3.0,0.0,0.0,0.0,0.0,0.0,0.0,0.0,0.0,0.0,0.0,0.0,0.0,0.0,0.0,0.0,0.0,0.0
S23.218.Sed,1724.91,32711.31,55161.62,9365.82,0.0,38419.76,16839.57,1176.66,55406.16,12697.5,3345.08,57448.32,27551.83,1465.16,29538.91,19286.41,1221.83,19439.72,16666.56,3790.41,6098.08,1983.0,902.5,2444.93,616.33,0.0,97.0,0.0,485.67,2668.41,79.0,1308.5,46.67,27810.3,4324.75,256.32,3453.83,37306.08,1613.19,1566.19,54284.23,95581.0,51734.08,12748.42,4210.91,2534.42,797.25,4706.16,128.83,35102.38,50480.51,8696.99,41447.16,24289.22,34588.2,2559.17,0.0,20.33,2047.42,12.0,46.67,8170.82,843.0,10218.73,6375.33,1155.26,64886.07,11235.57,779.17,48134.4,3682.17,427.91,1490.5,216.0,738.33,586.0,7371.03,0.0,30821.03,9000.07,335.5,1635.25,2225.0,1566.19,3393.0,10.0,4217.08,958.5,18074.6,6397.01,43002.86,1291.58,2488.32,0.0,1566.19,10.0,1635.25,7526.17,131104.56,21176.52,0.0,537.0,3058.9,16597.4,17957.41,18608.42,13717.73,1572.5,33678.82,10074.24,43981.95,3864.75,8433.17,5473.44,67.0,350.0,690.33,11793.18,62898.56,21026.42,853.57,1645.19,22770.56,6925.24,27430.08,9353.92,52905.43,78.0,16218.74,24010.22,4547.0,2681.76,47925.98,75062.49,8214.83,105992.07,157.33,389.33,4043.59,44675.68,442.66,27658.65,7112.62,3986.45,5984.21,16859.23,13053.07,150.83,1676.17,20540.67,57824.41,34199.59,1051.0,5607.42,33566.82,5811.75,45703.59,47281.32,0.0,33770.12,13589.98,1635.25,1635.25,146.0,38979.43,46.67,12457.57,46.67,2474.07,9657.0,5610.0,70732.23,39641.31,46.67,104.0,130891.15,20365.59,32987.97,2742.02,17719.84,39369.39,6252.71,145309.24,744.33,377.83,46346.74,186.83,64738.07,3066.0,2991.75,44716.66,2486.17,33999.5,379.33,6099.15,8781.92,486.67,7073.0,6296.02,1753.77,101703.0,1586.67,23.0,2456.25,7320.59,0.0,2.5,24495.48,38524.58,41585.69,0.0,31187.59,7648.24,0.0,3312.82,32525.16,47.0,49.5,0.0,18.0,2.5,2.5,2.5,2.5,2.5,2.5,2.5,0.0,10.0,0.0,0.0,0.0,0.0,0.0,0.0,0.0,0.0
S24.207.Sed,4594.74,56238.39,87578.13,16846.3,0.0,64221.56,30237.69,3800.65,94018.15,22533.3,5163.24,97505.67,35791.44,5233.16,49582.34,35610.94,3181.66,38951.33,32026.84,7441.56,8552.73,4668.32,2181.33,3477.75,1729.99,135.0,25.0,0.0,613.83,4866.98,14.0,2578.16,31.33,49705.32,7743.4,1952.32,6118.83,62598.48,2658.33,2656.33,94353.49,163059.81,86244.02,20602.88,7073.39,5092.41,3137.08,8823.48,192.83,62394.77,82710.12,14020.63,65761.81,52524.13,63908.86,3462.15,0.0,111.33,3871.07,0.0,21.0,16688.13,3263.0,26997.54,14313.48,3002.75,109664.63,20247.95,2499.33,83844.91,8810.15,789.41,2301.16,589.0,1618.83,1461.0,11992.15,135.0,60524.45,18857.54,805.5,2435.91,3843.16,2656.33,5567.49,0.0,7827.56,2288.33,37233.19,9760.66,73785.88,4681.08,5000.14,135.0,2656.33,13.0,2435.91,14386.64,229739.99,34150.1,0.0,1727.0,7389.55,33299.16,29626.87,40751.26,27881.85,3786.33,53187.39,23124.7,89554.79,6280.24,14329.98,8937.4,484.0,787.83,1901.66,18560.13,103141.57,34652.69,1705.4,2656.33,39567.77,15091.72,46189.43,14825.89,83300.94,23.0,31962.93,41694.79,11590.15,6001.91,86813.74,121643.46,14643.64,193814.3,645.33,588.33,6378.91,72849.22,1031.99,51452.82,11443.74,6365.08,10851.37,32176.17,25152.36,866.83,2030.82,35509.35,96840.09,56239.31,149.0,12075.49,59489.4,9536.57,72761.05,85508.42,0.0,63757.04,25436.28,2435.91,2435.91,106.0,69317.39,21.0,25798.87,21.0,4609.07,14976.98,11326.15,109934.23,70159.6,21.0,399.0,219423.83,34428.77,46561.77,6023.82,27251.46,67748.29,11777.2,227628.71,2017.33,504.83,82314.73,508.16,115793.43,4874.66,4415.91,75014.95,2643.99,57547.41,577.33,14807.13,14041.22,1622.0,11351.65,9934.15,3007.4,167529.61,2702.83,69.0,4050.41,11571.9,0.0,5.5,42768.42,61151.81,73814.4,0.0,50498.84,13802.56,0.0,8464.64,53388.23,2.0,7.5,11.0,10.0,5.5,5.5,5.5,5.5,5.5,5.5,5.5,0.0,0.0,0.0,0.0,0.0,0.0,0.0,0.0,0.0,0.0
S24.208.Sed,1875.66,25714.71,47086.36,8151.49,0.0,33483.35,15055.3,1383.5,50954.99,10983.17,3069.99,51165.8,36049.43,1268.5,27011.97,18317.33,1238.16,15846.54,14262.86,4571.83,5552.16,2664.0,1262.0,1556.86,571.83,0.0,0.0,0.0,602.67,3007.47,2.5,1572.34,50.34,25645.98,3905.84,280.0,3464.48,32252.51,942.38,889.38,47833.67,84099.61,45441.34,11728.66,3814.66,1764.02,704.0,4185.84,17.5,29786.35,39604.62,6866.0,35411.34,20055.36,36268.21,2229.18,0.0,21.33,1792.0,0.0,50.34,7412.61,1022.66,9391.65,5474.85,1064.18,55052.36,9837.99,849.34,45111.48,4314.0,217.82,1392.0,30.0,358.32,666.82,5467.9,0.0,24130.06,6539.7,302.0,1503.0,2045.5,889.38,2861.5,0.0,4310.32,1321.0,15457.04,4467.67,34768.6,1294.66,2548.15,0.0,889.38,5.0,1503.0,7309.17,115307.38,20896.82,0.0,666.0,2976.63,16548.31,16115.49,14660.1,11892.65,2089.0,30548.65,7265.73,35985.47,4140.81,6857.68,4490.88,59.5,190.84,607.33,10729.17,59944.57,19532.15,863.16,889.38,23327.79,6252.32,26401.45,7682.84,45756.81,279.66,14599.84,21403.17,4022.34,1968.2,39066.93,62177.08,7076.66,83337.15,143.0,306.0,3430.34,39444.5,187.5,23960.52,5187.07,2445.9,4771.79,14192.2,12323.51,130.83,1706.5,18955.83,48869.39,31648.64,3743.23,4003.52,30344.98,5584.82,40169.33,38094.28,0.0,23393.4,11352.52,1503.0,1503.0,121.0,36741.6,50.34,12901.98,50.34,2002.32,8113.34,7573.66,59672.16,37889.13,50.34,128.0,114898.3,17641.67,26182.26,1615.22,15327.0,34585.49,5160.79,125740.17,734.33,585.33,48106.04,84.0,62371.44,2904.0,2678.66,39742.65,2998.29,29845.84,306.0,5418.66,7817.66,343.34,5982.84,4951.19,1016.04,91031.84,1345.84,47.0,2252.14,6403.0,0.0,0.0,21205.0,33036.84,28138.74,0.0,27387.34,6556.68,0.0,2744.18,27950.68,53.0,53.0,0.0,0.0,0.0,0.0,0.0,0.0,0.0,0.0,0.0,0.0,0.0,0.0,0.0,0.0,0.0,0.0,0.0,0.0,0.0
S25.247.Sed,2562.17,37396.07,61518.72,11274.86,0.0,44737.41,19500.71,2121.67,66197.57,15260.69,3625.0,68814.54,26355.53,2493.34,33743.04,22628.52,1752.66,24260.07,20245.24,5074.15,6210.01,3223.99,1496.5,2321.18,942.5,122.0,25.33,0.0,390.17,3284.16,22.0,1597.33,26.67,33242.67,5513.01,902.68,4243.66,43375.22,1191.19,1191.19,65064.04,110769.11,60527.77,14802.85,5106.0,2907.68,1401.0,5752.34,55.34,42638.72,56579.89,10039.19,46903.73,32306.06,43560.68,2725.02,0.0,63.67,2099.01,12.0,26.67,10960.02,1775.15,15622.0,8543.51,1573.84,76196.3,13417.19,1444.0,58280.4,5186.49,465.0,1974.84,477.0,856.66,845.15,7822.88,122.0,36945.12,11514.21,387.5,1660.67,2627.67,1191.19,3779.5,0.0,4969.18,1653.5,23853.69,7522.68,49144.27,2323.49,3120.18,122.0,1191.19,19.5,1660.67,9824.68,152924.24,21769.72,4.33,1114.5,4415.18,22299.67,21218.38,23991.42,17768.01,2549.5,36528.88,12418.39,55851.67,4747.0,9440.35,5483.86,294.0,463.34,1003.67,13119.01,72926.72,24055.01,1196.51,1195.19,28217.83,9697.17,32898.33,10862.17,60156.72,18.5,21534.69,26064.43,7120.17,3373.35,58545.31,85263.65,10158.51,125335.56,259.67,537.67,4174.34,52009.22,470.17,33601.03,7250.54,3722.7,6260.88,20050.07,16968.19,644.67,1212.35,24232.87,66733.57,39273.21,105.0,8688.01,40900.72,7105.5,51856.6,57534.96,4.33,39547.16,15218.05,1660.67,1665.67,157.0,44907.99,26.67,17121.66,26.67,3118.84,11096.85,7919.32,79407.09,48308.87,26.67,185.5,152145.05,23398.54,34994.67,2936.2,19565.19,46754.54,6694.21,164656.7,1009.49,410.17,53446.44,275.0,79250.25,3497.67,3170.0,52286.41,1719.65,39790.88,530.67,8500.51,9706.19,888.17,7957.68,6879.54,1362.36,118021.99,1716.51,111.0,2777.34,7823.01,0.0,4.33,28779.7,44278.88,49559.89,0.0,34990.38,8658.03,0.0,4495.01,37415.91,0.0,0.0,7.0,0.0,0.0,0.0,0.0,0.0,0.0,0.0,0.0,0.0,0.0,0.0,0.0,0.0,0.0,0.0,0.0,0.0,0.0
S25.248.Sed,1758.5,40785.45,69498.2,10006.52,0.0,48496.46,20458.72,2003.18,68892.34,16094.21,3846.84,68952.0,32871.72,948.5,34943.75,25100.1,1194.34,22713.06,20649.06,5082.67,7553.18,2907.0,1215.0,4327.86,443.0,42.0,36.67,0.0,708.34,2574.5,39.0,1617.01,258.34,33246.1,5006.68,341.0,3905.5,45956.45,4096.88,4096.88,63814.16,122520.84,65570.32,15562.04,4796.51,3327.02,842.0,5525.85,53.33,43216.96,69993.44,10515.36,50292.44,27061.41,41103.23,4735.86,0.0,59.0,2987.19,9.0,258.34,10377.36,626.68,11477.55,8155.54,2146.52,80923.9,14070.04,778.34,60352.19,4405.02,428.17,1559.34,244.5,853.5,333.35,12574.08,42.0,35648.11,10205.7,335.5,2488.34,2756.84,4096.88,3872.84,0.0,5619.18,1425.0,23808.28,8438.03,57587.86,1191.18,2959.34,42.0,4096.88,36.0,2488.34,10435.87,177413.36,29238.94,4.0,249.0,3619.84,18718.36,22578.56,22716.77,15800.04,2046.0,42628.77,12686.24,52078.85,5184.34,11927.2,9346.06,98.0,596.34,516.0,14681.04,75732.18,25299.39,789.67,4132.88,25916.21,8398.18,31322.23,11862.53,65543.82,51.5,19714.4,31545.12,5218.02,3823.2,58172.53,91895.4,9842.02,163790.93,193.0,317.0,5162.19,55243.8,258.0,32460.59,12305.08,8258.4,7254.68,20736.42,14667.03,142.0,2819.02,26859.24,71054.16,42315.44,1184.0,7552.86,40331.25,7088.68,55135.13,57954.21,4.0,59409.12,16236.22,2488.34,2488.84,4.0,60340.16,258.34,14526.7,258.34,2630.5,13179.7,6511.5,85002.84,47952.62,258.34,26.0,162806.09,27520.92,46034.13,5462.22,21951.72,47640.77,7454.35,175718.7,1187.0,187.5,66075.91,115.0,80661.89,3815.84,3548.01,55540.64,2607.02,41576.6,314.0,6335.7,11005.87,1106.34,8612.69,11432.9,4294.38,125667.46,2636.18,50.0,3408.18,9665.36,0.0,4.0,28111.22,46890.6,68850.91,0.0,38677.42,9061.02,0.0,3828.35,41787.61,0.0,0.0,3.0,10.0,0.0,0.0,0.0,0.0,0.0,0.0,0.0,0.0,0.0,0.0,0.0,0.0,0.0,0.0,0.0,0.0,0.0
S26.219.Sed,3511.84,63406.26,95312.85,15324.35,0.0,72881.59,30738.54,4017.35,100692.56,25874.86,5342.83,112797.2,41016.86,2254.68,54500.72,43272.87,4277.0,35059.43,31836.11,10652.12,10104.66,9832.32,4130.0,8006.34,904.0,35.0,29.0,0.0,440.67,5262.32,1308.0,2073.33,1069.67,55612.52,8258.68,1790.36,8569.32,70311.24,3691.69,3691.69,101572.37,193678.43,100357.13,24137.18,8704.67,6004.85,2516.5,9794.68,68.34,68100.39,123383.12,16886.7,75513.56,53529.42,74551.21,3827.68,0.0,45.34,3787.85,43.0,12.67,17614.54,1369.32,17365.34,13595.53,1969.99,123399.01,22416.71,2596.49,103880.41,11592.67,364.84,1070.51,168.0,346.32,410.0,17914.04,35.0,51916.36,18209.07,264.66,3807.67,4136.67,3691.69,5837.33,0.0,8192.02,4250.0,35225.86,8504.34,77617.46,1944.5,5731.69,35.0,3691.69,10.0,3807.67,13621.35,212769.48,40421.7,10.66,186.0,7890.19,32961.48,31665.39,30464.26,30115.51,7680.0,63823.39,20763.42,79483.92,6419.83,22247.19,11646.69,1572.5,685.67,784.84,21305.66,117869.88,40172.98,2446.36,3691.69,51354.97,16630.82,43982.12,16709.0,97653.88,66.0,32359.21,66854.32,9502.84,4588.01,87178.02,131331.01,16453.67,250909.47,293.34,469.34,9361.51,84716.54,492.84,54198.21,17166.7,11761.36,24623.76,28878.44,25926.2,1551.84,1366.65,40556.35,107144.91,64022.39,0.0,10250.84,66877.74,13868.16,86250.81,86189.7,10.66,68515.21,21985.93,3807.67,3807.67,0.0,75443.94,12.67,27444.68,12.67,5242.52,20301.01,19517.98,124274.77,80220.87,12.67,42.0,249140.74,28799.71,64436.27,8789.7,31416.68,75023.37,23969.76,260657.05,585.96,132.34,81039.08,323.5,123547.71,5474.17,4977.17,83404.76,3685.15,61751.06,469.34,10678.53,14293.37,1361.83,11935.85,14804.88,3986.03,189750.17,4080.18,88.0,5050.68,13751.5,0.0,10.66,42197.54,70228.39,80231.76,0.0,58451.37,12143.05,0.0,5904.68,59315.76,0.0,0.0,0.0,0.0,0.0,0.0,0.0,0.0,0.0,0.0,0.0,0.0,0.0,0.0,0.0,0.0,0.0,0.0,0.0,0.0,0.0
S26.220.Sed,2053.16,32410.7,61754.96,8876.33,0.0,40964.24,16693.68,1289.83,61265.24,13344.52,3505.0,61793.23,33443.19,988.66,30851.7,21407.2,1015.83,19190.5,17696.84,5486.66,6479.67,3297.0,1550.5,2461.86,478.33,29.0,2.0,0.0,567.84,2770.66,50.0,1751.34,101.34,29204.01,4351.34,224.32,3879.83,38827.55,1557.88,1546.88,57074.89,100248.65,55727.41,13948.19,4627.83,2328.68,721.5,4524.5,62.33,35311.02,54183.61,8118.67,43623.38,22613.84,40217.31,3462.85,0.0,46.33,2247.68,0.0,96.34,8600.0,913.5,10014.83,6762.52,1223.02,68909.93,11083.67,768.84,51720.06,4652.34,416.66,1728.67,123.0,670.83,434.5,7817.07,29.0,29063.84,8135.17,274.0,1962.17,2416.67,1546.88,3391.17,0.0,4706.67,1714.5,19142.4,7318.69,44876.12,1259.33,2320.99,29.0,1546.88,36.0,1962.17,8476.02,144616.45,23662.24,6.0,381.0,2857.82,17326.33,18541.52,18373.39,13061.83,2503.5,36371.54,9360.03,43504.71,4710.67,8968.52,5942.72,93.0,376.67,396.33,12836.2,69134.56,22674.2,802.32,1546.88,26406.33,7377.33,29794.19,9750.85,55058.92,139.0,16788.02,25648.19,4273.51,2573.36,48153.74,80209.1,8645.84,111479.44,120.33,363.33,4111.35,47107.08,269.66,28312.86,7362.41,4015.4,5902.8,17039.02,14182.0,213.33,1763.18,22747.54,63814.57,37247.39,2151.0,5886.35,35482.36,6768.34,47943.4,48258.42,6.0,34326.34,13405.67,1962.17,1962.17,124.0,46039.59,96.34,13692.33,96.34,2282.32,10818.85,8642.5,73277.4,43495.03,96.34,157.0,139305.69,20482.55,36562.45,2646.88,18166.7,41662.69,6078.3,153233.34,939.33,234.33,51954.86,190.33,71292.59,3582.67,3168.67,47686.73,2182.34,36799.55,347.33,5419.66,9247.52,567.34,7316.01,6934.72,1719.71,109384.48,1864.01,72.0,2370.84,7532.02,0.0,6.0,25033.34,40422.21,43730.06,0.0,33727.55,8260.0,0.0,2861.66,34359.38,11.0,11.0,16.0,11.0,0.0,0.0,0.0,0.0,0.0,0.0,0.0,0.0,0.0,0.0,0.0,0.0,0.0,0.0,0.0,0.0,0.0
S27.239.Sed,2583.34,31551.45,56757.79,9223.2,0.0,39629.95,16950.4,1614.34,59810.32,12837.87,3118.01,58952.47,27948.89,1565.84,30413.75,21386.05,1347.83,19929.09,18564.25,6374.17,5964.35,4084.5,1893.5,1797.18,742.17,65.0,20.33,0.0,254.17,2893.34,14.0,1990.5,40.67,29697.89,4241.18,623.68,4029.67,37482.6,978.19,978.19,56782.8,97004.26,53739.82,13614.87,4551.51,2314.35,992.5,4819.85,69.84,35605.47,48711.45,8056.87,41099.28,24903.25,40222.91,2904.19,0.0,44.67,1998.68,0.0,40.67,8376.54,912.32,11240.02,6473.19,1167.01,65432.22,11556.04,980.17,50777.8,5130.99,446.17,1747.84,248.5,988.67,488.15,6856.55,65.0,29017.65,8186.88,332.0,1970.84,2515.34,978.19,3204.84,0.0,4346.35,2041.5,19412.22,5854.18,41124.82,1546.99,2677.02,65.0,978.19,9.0,1970.84,8676.36,126074.89,21883.92,10.0,721.5,3059.69,18913.21,17077.07,17271.94,14157.88,3026.0,34619.44,9736.23,46111.54,4495.84,8673.53,5474.37,114.5,460.34,843.67,11951.86,67619.16,21905.71,1074.01,992.19,26394.71,7420.19,29912.38,9258.52,52010.96,29.0,17017.23,24596.79,5034.67,2499.19,47655.03,75125.05,8519.69,100690.28,232.17,506.67,3868.01,44702.12,443.84,28494.4,5928.71,2887.7,4970.22,16815.76,15577.37,292.17,1245.85,22443.57,60473.82,35393.92,1546.0,5300.19,35636.59,6611.68,45613.62,45589.67,10.0,30646.39,13423.06,1970.84,1974.34,47.0,43395.05,40.67,14682.17,40.67,2227.18,9661.7,9951.5,69095.51,42589.6,40.67,141.5,134636.72,19348.08,31919.07,2443.2,16566.38,41529.29,5228.05,145654.21,1347.17,262.67,50289.83,209.67,70935.17,3437.34,3052.67,46559.63,1923.49,34952.75,506.67,6376.69,8636.86,733.17,6940.85,5930.88,1153.86,107090.61,1620.01,75.0,1995.18,6977.52,0.0,10.0,25185.74,38074.94,38813.63,0.0,31940.08,8070.53,0.0,3484.19,32625.11,0.0,0.0,0.0,0.0,0.0,0.0,0.0,0.0,0.0,0.0,0.0,0.0,0.0,0.0,0.0,0.0,0.0,0.0,0.0,0.0,0.0
S27.240.Sed,1639.34,33797.53,55916.15,9050.68,0.0,38485.99,16938.18,1395.68,55477.52,12823.17,3266.17,55520.53,32469.67,1018.84,29760.01,21217.53,910.51,19158.53,17049.69,2788.51,5957.67,1445.0,601.0,4059.32,484.67,0.0,61.67,0.0,684.33,2027.84,32.0,1027.5,185.33,27082.39,3849.5,261.18,3037.17,36754.18,2910.81,2833.81,52014.7,99288.04,51911.0,13033.33,3723.51,2799.83,693.5,5181.01,79.5,35353.55,54866.73,8688.01,40716.84,24221.37,33369.73,3358.83,0.0,30.67,2204.5,0.0,185.33,9214.18,1092.68,11323.04,7126.17,1872.99,65957.86,12508.02,877.83,49307.22,2881.51,402.51,1254.5,112.5,758.17,764.35,10101.47,0.0,31333.55,9360.68,364.0,1994.5,2361.0,2833.81,2849.5,0.0,4806.17,671.0,19724.5,6837.16,47202.98,1486.85,3152.68,0.0,2833.81,6.5,1994.5,8141.5,150909.27,24563.98,0.0,390.0,3913.85,14778.85,18097.51,20054.16,14153.36,964.0,35343.68,11470.01,44355.22,3964.5,9854.83,7266.31,52.0,514.0,550.67,10785.32,60277.04,19405.33,844.35,2865.81,19905.03,6682.51,25002.68,9525.5,52570.66,142.5,17414.85,29115.71,5365.17,3103.99,48244.53,72642.19,8276.67,126493.46,192.17,296.67,4639.33,45236.32,310.34,26917.86,9832.13,6717.8,7423.04,17769.86,11347.85,112.67,2749.33,21073.83,55768.18,34263.0,2603.5,5394.33,32574.35,5702.0,45450.0,49056.03,0.0,41704.31,14302.86,1994.5,1996.0,57.0,47075.41,185.33,12308.53,185.33,2438.18,10459.5,3725.5,68490.69,38746.54,185.33,134.5,131863.7,22876.16,33767.95,4076.98,18090.16,37949.53,7671.21,140875.01,850.67,598.17,56080.43,122.17,66811.87,2899.0,2894.17,44241.01,2778.51,32635.67,296.67,6165.03,8679.0,815.33,6985.17,8542.98,2969.48,100163.67,2188.83,17.0,2781.5,8074.66,0.0,0.0,22946.02,37519.34,53561.73,0.0,31291.16,7327.51,0.0,3390.85,33143.51,77.0,77.0,0.0,0.0,0.0,0.0,0.0,0.0,0.0,0.0,0.0,0.0,16.0,0.0,0.0,0.0,0.0,0.0,0.0,0.0,0.0
S28.225.Sed,3636.17,40885.64,71026.29,11732.0,0.0,51780.99,23934.16,2361.83,75542.17,16404.99,4158.5,76283.82,39181.67,2984.0,38630.82,27493.29,1798.83,25025.33,23303.16,9042.18,7877.67,5392.68,2461.67,1671.32,743.34,38.0,34.33,0.0,802.0,4077.18,10.0,2195.0,16.0,38566.64,6257.67,824.0,5373.0,49349.65,2067.48,2048.48,73356.67,124198.6,69099.16,16858.0,6111.01,2630.99,1913.67,7104.83,92.67,47764.15,58337.7,11559.0,51963.66,32775.85,55544.53,3315.16,0.0,46.0,2890.66,5.0,12.33,11437.83,1682.82,15801.31,8263.15,1734.49,84466.79,14393.83,1158.0,65606.3,7440.0,694.33,1554.5,173.0,1447.0,869.65,8793.3,48.0,36802.31,10916.33,482.5,2672.0,3252.0,2048.48,4440.17,0.0,6502.84,2652.67,25945.8,7512.32,52269.12,2734.82,3172.34,38.0,2048.48,4.0,2672.0,11832.66,172594.71,26790.98,0.0,892.0,4013.01,28148.38,25118.81,22074.14,19078.84,4273.67,44358.83,12093.64,57849.65,5922.17,11028.99,7991.48,97.5,559.83,911.17,16048.01,86670.98,29450.01,1044.5,2052.48,34490.5,10606.84,38794.17,12138.5,67331.17,125.0,22731.16,30921.31,7074.5,3069.15,60435.46,93692.13,11096.67,119856.68,319.0,533.0,4843.49,60122.16,463.17,38693.83,7997.8,3791.47,6529.66,20729.14,19874.68,426.5,1888.33,27704.83,74108.66,47198.34,2897.5,6857.82,44775.17,8692.5,57645.49,57356.28,0.0,33907.71,17388.48,2682.0,2672.0,108.0,54537.38,16.33,21119.67,12.33,2852.0,11464.82,13471.35,88957.83,56484.01,12.33,199.5,174216.32,26398.15,39525.82,3972.98,21925.66,52416.83,7126.16,186536.33,1813.5,309.0,66411.6,173.17,89674.34,4022.0,3887.83,61320.99,3382.66,44050.16,533.0,8645.32,11860.83,1057.83,8826.16,7061.97,2544.49,136673.35,2079.16,57.0,3012.66,9176.33,0.0,4.0,33387.34,50411.0,37030.88,4.0,39945.83,9695.16,0.0,5067.83,42139.32,19.0,19.0,4.0,0.0,0.0,0.0,0.0,0.0,4.0,0.0,4.0,0.0,23.0,0.0,0.0,0.0,4.0,4.0,4.0,4.0,4.0
S28.226.Sed,1752.4,27155.48,49635.67,8443.3,0.0,33801.52,15809.04,1320.82,52207.15,11151.17,3151.24,51746.96,37996.62,1071.82,26652.39,19193.32,1000.99,15135.71,14343.55,4571.57,5688.24,2297.0,1074.0,2128.29,453.49,0.0,27.0,0.0,883.84,2788.14,66.0,1345.84,128.01,24834.85,3665.92,113.64,3234.65,32350.75,1874.57,1695.57,47733.97,85984.22,45500.49,11750.75,4001.9,1759.6,639.25,4397.99,58.16,30834.02,43994.83,7481.98,36028.24,19428.04,35749.34,2922.18,0.0,16.99,2017.09,9.0,128.01,7753.27,1008.33,8763.54,5446.51,1091.61,57709.82,10399.3,600.01,45960.04,4038.17,508.06,1552.5,76.0,660.82,788.49,7087.26,0.0,23025.18,6482.24,275.0,1681.25,1933.5,1695.57,2794.5,0.0,4386.07,1161.0,16844.47,5119.69,38076.77,1307.24,2619.63,0.0,1695.57,21.5,1681.25,7720.01,128910.3,22013.2,0.0,537.0,3187.86,15229.87,16729.06,14489.39,12333.37,1824.0,31258.14,7216.27,34380.81,4256.57,7785.68,5489.32,65.0,353.67,486.49,10825.36,59218.33,19298.25,817.22,1721.07,22008.44,6431.39,25960.47,8403.76,47082.26,300.33,15138.65,24258.69,3693.34,2009.12,39387.09,63618.52,7483.99,98823.14,95.16,260.66,3656.6,39756.86,242.32,23784.4,6560.69,3750.85,6386.48,13743.06,11513.56,147.99,2482.84,19105.42,49605.6,32400.25,4505.95,4804.85,30243.13,5863.91,40052.01,39278.12,0.0,29705.53,10737.47,1681.25,1681.25,166.0,41711.57,129.51,12044.05,128.01,1972.05,8869.17,6520.83,60501.71,37448.69,128.01,163.0,116680.86,18796.18,28837.32,2666.4,15292.18,34433.19,6733.48,125546.06,872.66,1356.99,50774.41,114.16,62240.95,2789.5,2647.08,40132.39,3360.15,29792.34,260.66,4923.63,7937.92,510.51,5935.67,6242.05,1918.81,91030.25,1707.51,16.0,2404.57,6693.43,0.0,1.5,21036.46,32984.91,32925.75,1.5,28054.1,6132.57,0.0,2525.48,29133.66,179.0,179.0,1.5,0.0,0.0,0.0,0.0,0.0,1.5,0.0,1.5,0.0,3.0,14.0,0.0,0.0,1.5,1.5,1.5,1.5,1.5
S29.209.Sed,3215.78,47213.81,78891.06,13590.11,0.0,54260.78,25070.01,2392.69,80243.68,18042.02,4609.64,82488.0,40191.5,2399.96,42345.61,30980.05,1879.3,29899.9,25358.93,6099.21,8266.87,3368.0,1482.0,4256.03,1094.73,10.0,56.0,0.0,630.14,3471.07,36.0,1801.9,70.0,40995.33,5735.71,925.92,4934.44,51489.23,2530.28,2474.28,77448.22,139321.49,73368.51,18528.9,5725.87,3692.71,1576.89,7843.42,163.66,50540.84,72741.93,12053.47,57211.71,37762.93,51689.61,3657.62,0.0,66.23,2953.35,0.0,70.0,12527.77,1473.0,16367.43,10127.22,2052.82,94804.41,16746.82,1306.5,69914.12,5618.06,661.21,1762.94,226.0,1231.73,753.0,11779.61,10.0,46057.75,14444.75,482.07,2604.98,3456.23,2474.28,4300.3,0.0,6669.37,1649.0,27581.48,9200.8,63243.23,2484.55,3820.01,10.0,2474.28,52.0,2604.98,11548.42,199485.14,31664.94,0.0,1140.0,5082.92,24322.96,25023.83,28567.06,21105.14,2557.57,48806.33,16497.52,67511.72,5586.55,12967.76,8591.49,167.07,678.66,1095.23,15587.38,86919.54,28574.09,1419.89,2499.28,31454.75,10807.11,36908.24,13212.01,73160.67,107.0,24759.94,39556.64,7217.63,4003.71,69100.98,105008.65,12164.35,159110.13,385.23,458.66,6017.55,63047.03,675.82,40258.66,11089.04,6776.31,10148.9,25076.97,18683.16,329.66,2590.03,30336.08,83319.29,48500.17,2356.0,7718.94,48419.03,8652.71,63512.7,70602.63,0.0,47553.05,19889.78,2604.98,2604.98,158.0,59432.97,70.0,18924.07,70.0,3591.1,14458.72,8471.0,96005.34,56491.52,70.0,221.0,186885.06,30296.35,45184.85,4831.45,24179.52,55687.04,10592.47,198826.24,1571.66,474.66,73781.11,353.16,93589.3,4209.73,4073.98,62926.73,3163.07,47241.82,458.66,9707.06,11966.45,1171.5,9858.12,8854.41,2762.26,142775.47,2513.8,81.0,3437.78,10669.49,0.0,0.0,34284.15,52868.33,63185.11,0.0,44391.78,10608.06,0.0,5882.74,46372.42,56.0,56.0,0.0,0.0,0.0,0.0,0.0,0.0,0.0,0.0,0.0,0.0,0.0,0.0,0.0,0.0,0.0,0.0,0.0,0.0,0.0
S29.210.Sed,915.0,19846.16,33434.77,5299.53,0.0,23941.69,10495.08,1019.01,33905.24,7703.06,1919.01,34519.22,21680.08,482.0,18445.12,13031.11,405.0,10591.59,9704.09,2037.5,3710.02,1277.0,521.0,2452.54,238.0,0.0,9.0,0.0,385.01,1323.5,5.0,736.01,108.01,16614.6,2406.52,118.0,1974.5,22226.66,1622.07,1615.07,31748.21,61810.95,31929.73,8022.06,2405.01,1486.53,481.0,3112.52,17.0,21137.67,32498.3,5527.04,25141.66,13317.1,21414.57,2002.04,0.0,0.0,1237.53,0.0,108.01,5276.54,431.0,5578.04,3641.55,1007.03,40004.83,7562.55,444.51,30340.23,2014.01,301.5,642.01,28.0,367.0,357.0,6138.62,0.0,16697.66,4674.05,165.0,1274.01,1430.01,1615.07,1828.51,0.0,3029.02,583.0,11352.64,4147.04,26536.28,678.0,1748.01,0.0,1615.07,2.0,1274.01,4859.05,86734.42,15078.66,0.0,264.0,2039.51,9563.04,11006.59,10005.16,8148.05,853.0,21884.15,5580.6,24470.26,2578.51,5895.05,4326.09,17.0,241.01,259.0,7013.06,36857.24,12410.58,515.5,1619.07,12520.55,4142.52,15232.08,5932.04,32654.72,115.0,10009.09,17272.16,2779.02,1635.55,27529.28,43533.83,5017.03,72721.59,42.0,140.0,2726.03,27921.7,63.0,16247.11,5918.12,3997.6,4041.52,9606.62,6793.54,22.0,1601.03,13151.61,34195.23,21677.15,2030.0,2907.04,20020.62,3702.02,27912.19,27616.28,0.0,22622.41,7683.07,1274.01,1274.01,28.0,28233.48,108.01,7659.02,108.01,1299.5,6797.05,3046.0,42264.25,24247.65,108.01,74.0,80647.1,14182.13,21841.69,2236.08,11055.08,23375.65,4233.52,87822.55,509.0,225.0,34070.86,29.0,40489.79,1814.51,1844.01,27542.7,1838.01,19424.64,140.0,3217.53,5300.05,500.01,4208.03,5096.1,1719.57,62406.93,1314.52,15.0,1525.52,4997.54,0.0,0.0,13857.58,23319.65,31398.36,0.0,19169.63,4001.03,0.0,1632.02,20199.66,7.0,7.0,0.0,0.0,0.0,0.0,0.0,0.0,0.0,0.0,0.0,0.0,0.0,0.0,0.0,0.0,0.0,0.0,0.0,0.0,0.0
S30.227.Sed,2161.42,35071.91,57784.47,10377.18,0.0,40668.16,18789.45,1874.51,58608.07,13259.69,3285.75,61165.89,29029.36,1824.84,31375.63,22654.79,1393.5,21598.48,17787.82,4843.56,6025.25,2969.16,1227.0,3256.26,620.0,61.0,0.0,0.0,455.17,2683.91,0.0,1434.17,40.67,30536.37,4542.26,658.18,3804.16,38088.48,1759.69,1759.69,57985.31,104952.79,54411.69,13753.1,4634.92,2744.43,1394.25,5896.01,60.17,38097.64,54953.61,9224.69,42073.39,28255.98,38968.12,2501.18,0.0,55.67,2183.93,0.0,34.67,10407.36,1074.66,12029.93,7402.03,1444.25,69038.06,13115.28,906.83,51730.66,4478.67,521.92,1414.34,240.0,828.66,595.0,8744.54,61.0,32943.88,10198.46,377.83,1878.42,2607.17,1759.69,3335.5,5.0,5127.43,1355.0,21115.29,6874.01,45733.61,1848.75,3306.18,61.0,1759.69,22.0,1878.42,8462.35,146282.56,23921.71,2.33,723.0,4477.93,19558.08,17538.79,20359.49,15893.43,2252.0,35931.39,11753.15,49962.51,4310.75,9640.02,6247.61,132.0,451.67,700.67,11816.84,63258.65,21752.09,1166.43,1759.69,23013.08,8360.58,27129.24,10112.09,54350.81,79.0,19270.62,28028.52,5807.01,2757.93,50957.64,76895.81,9133.84,115888.09,276.67,378.67,4288.26,47075.22,393.67,30213.88,8366.62,5125.28,7043.8,17881.49,13340.94,278.67,2109.83,22242.86,60686.16,36539.47,1595.0,5250.26,36170.89,6310.75,46444.35,50636.82,2.33,34574.59,13908.06,1878.42,1878.42,50.0,43729.3,34.67,14854.93,34.67,2798.76,10723.18,7000.99,71426.68,42373.38,34.67,187.0,137367.06,21958.46,34661.25,3326.53,17916.02,41522.46,7468.3,147405.95,1221.48,221.17,53958.6,192.5,70398.16,3066.17,3030.42,46891.75,2357.16,34146.89,373.67,7291.02,8825.11,787.0,6916.18,6627.54,2111.61,106165.66,1810.51,67.0,2081.26,8141.59,0.0,2.33,25360.7,39566.3,49958.69,0.0,32602.79,7106.28,0.0,4119.51,33675.74,0.0,0.0,0.0,21.0,0.0,0.0,0.0,0.0,0.0,0.0,0.0,0.0,0.0,0.0,0.0,0.0,0.0,0.0,0.0,0.0,0.0
S30.228.Sed,2342.18,74590.35,122209.32,18575.19,0.0,84877.62,35642.51,3227.35,117855.92,27788.99,6643.16,119266.74,55270.98,1333.02,63032.81,44053.98,1536.17,41070.74,34947.41,5455.97,13034.16,2910.15,1087.0,10212.97,761.67,3.0,39.0,0.0,1139.16,3439.66,39.0,2138.99,570.66,55992.83,8453.5,279.04,6027.99,79233.97,7902.12,7887.12,110399.59,218284.49,114045.48,27702.97,7899.17,6222.66,1491.5,10504.34,61.01,76592.99,125580.93,19428.85,88928.8,49241.06,65296.21,7856.49,0.0,19.01,4622.16,0.0,546.66,19107.52,1382.49,20325.18,14933.66,3990.3,144640.64,26112.69,1361.15,103387.3,5028.16,622.18,2010.17,222.0,963.99,830.5,24701.77,3.0,65031.14,19545.05,561.83,4456.83,5162.33,7887.12,6362.49,13.5,9695.01,1402.0,41347.09,16709.31,103261.08,2263.34,5669.53,3.0,7887.12,37.5,4456.83,17357.98,315388.9,52188.25,4.66,532.5,7092.2,29822.31,38868.84,41753.66,28459.5,1782.0,75936.3,24370.2,93832.64,8016.49,22302.65,17525.94,120.0,1070.0,757.01,24388.61,124807.92,42233.6,1382.04,7926.12,39447.64,14051.49,49495.92,21233.97,114713.72,82.0,35607.32,59430.25,10280.83,7212.97,105392.2,161782.82,17593.99,291525.02,256.51,578.51,9940.65,97313.56,384.68,56192.16,24892.92,17666.43,13519.45,37184.55,22812.19,120.51,5302.48,45853.95,123613.93,73702.78,1512.0,13357.81,68759.84,11915.98,97953.51,106358.03,4.66,101947.9,28380.4,4456.83,4456.83,26.0,105302.72,546.66,23216.35,546.66,4719.53,23926.98,6395.31,149470.46,79917.14,546.66,126.5,283754.21,50885.78,82462.43,10152.63,39771.79,81142.63,13787.45,308118.86,2110.64,199.51,116342.11,204.67,136596.74,6277.33,6133.33,95852.97,3915.81,69837.3,565.01,11998.53,18600.5,2050.49,15148.0,21156.46,8140.63,215976.39,4914.83,101.0,5730.33,17947.97,0.0,4.66,47802.34,81793.12,133703.2,0.0,68259.95,15003.54,0.0,6843.85,73083.5,15.0,15.0,0.0,7.0,0.0,0.0,0.0,0.0,0.0,0.0,0.0,0.0,0.0,0.0,0.0,0.0,0.0,0.0,0.0,0.0,0.0
S31.249.Sed,459.5,13378.0,23186.0,3248.0,0.0,16692.5,6284.5,528.0,23707.0,5736.0,1329.5,24417.5,10661.0,361.0,12248.0,6934.5,337.5,7334.0,6137.0,1140.0,2722.0,631.0,310.0,915.5,141.5,0.0,2.0,0.0,66.0,1098.0,0.0,291.0,5.0,10570.5,2043.5,88.0,1386.5,16210.0,425.0,425.0,21610.5,40935.0,22581.0,4986.5,1874.5,808.5,306.0,1230.5,5.0,15049.5,22165.0,3959.0,18548.0,8440.5,13386.0,1006.0,0.0,5.0,660.5,0.0,5.0,2637.0,154.0,3168.5,1979.0,359.5,27388.5,4545.5,188.0,18943.5,956.0,217.0,172.0,16.0,335.0,109.0,2686.5,0.0,10630.5,3057.0,49.5,594.5,850.5,425.0,1473.5,0.0,1925.5,332.0,6816.0,3770.0,17196.5,403.0,628.5,0.0,425.0,0.0,594.5,2718.0,51589.5,7412.0,0.0,450.0,793.5,6163.0,8262.0,6365.0,5335.0,514.0,13088.0,2954.5,15395.5,1590.5,3512.5,1870.0,41.0,42.5,149.5,5161.0,25252.0,8633.5,204.0,425.0,8800.0,2796.0,10613.0,4253.0,23500.5,3.0,5918.5,7914.0,1147.0,901.0,19736.5,32226.5,3445.5,45569.0,25.0,154.0,1599.5,19383.5,38.0,11012.5,2743.0,1394.5,1442.0,6084.5,5041.0,68.0,415.0,7910.5,24214.0,15042.0,48.0,3202.5,13508.0,2656.0,19468.0,19092.0,0.0,16208.5,4312.5,594.5,594.5,46.0,14683.0,5.0,3711.5,5.0,751.5,4821.5,1542.0,31825.5,16070.0,5.0,29.0,55484.0,9148.5,16532.5,797.0,8045.0,15748.5,1508.0,65765.5,331.0,15.0,18442.0,15.0,24748.0,1325.5,1309.5,19173.0,368.5,14753.0,110.0,2010.5,3895.0,273.5,2926.5,2477.5,454.0,42589.5,497.5,0.0,880.5,2997.0,0.0,0.0,10184.5,17945.0,22086.5,0.0,13248.0,2773.0,0.0,948.0,14456.0,0.0,0.0,44.0,1.0,0.0,0.0,0.0,0.0,0.0,0.0,0.0,0.0,2.0,0.0,0.0,0.0,0.0,0.0,0.0,0.0,0.0
S31.250.Sed,1422.0,27340.0,49381.5,7561.5,0.0,33267.5,14820.5,1170.0,50391.0,11044.0,3194.5,49716.0,38593.5,781.0,25814.0,18124.5,977.5,14947.0,14204.0,3034.0,5799.0,1613.0,741.0,2258.5,462.0,0.0,67.0,0.0,1017.5,2569.0,54.0,1141.0,189.0,24060.0,3641.5,130.0,2798.5,31742.5,2295.5,2175.5,44454.0,84678.5,45083.0,11026.0,3794.0,2037.0,578.0,4074.0,77.0,31178.0,45299.5,7659.0,35587.0,18641.0,31704.0,3129.5,0.0,28.0,2203.5,0.0,189.0,7277.5,740.0,8266.5,5471.0,1408.5,57652.5,9892.5,799.5,44723.5,3082.0,520.5,1493.5,162.0,952.0,638.5,7429.5,0.0,23959.5,6697.5,204.0,1657.0,1760.5,2175.5,2664.0,0.0,4652.5,809.0,16623.0,6329.5,38703.0,1064.0,2212.0,0.0,2175.5,0.0,1657.0,7353.5,135758.0,22093.5,0.0,246.0,2688.0,13055.5,16874.0,14908.0,12089.5,1210.0,30725.5,8210.0,34750.0,4364.0,7885.5,5713.0,38.0,392.0,474.0,10402.0,56936.5,18113.5,765.5,2229.5,18970.5,5611.5,24285.5,8127.5,46638.5,272.5,14476.5,23884.0,3643.5,2409.0,40694.0,64583.5,7020.0,108699.0,36.0,223.0,3715.0,39104.5,272.0,22724.5,7175.0,4301.0,6220.0,14591.5,10509.5,148.0,2527.5,18236.5,47908.0,31496.5,4609.0,5167.5,28178.0,5304.0,39706.5,40687.0,0.0,36612.5,11390.0,1657.0,1657.0,55.0,43144.0,189.0,10296.5,189.0,1811.5,9583.5,4411.5,60804.0,35585.0,189.0,117.0,115353.5,19520.0,30263.0,3001.5,15285.5,32855.5,6582.0,123746.0,672.0,996.0,51924.0,135.0,60693.5,2646.0,2652.5,39322.5,3216.0,29174.0,223.0,4702.0,8048.5,542.5,6227.5,7691.5,2389.0,88172.0,1760.0,26.0,2841.0,6793.0,0.0,0.0,20035.5,32689.5,37652.0,0.0,27084.0,6218.0,0.0,2384.5,29444.0,120.0,120.0,0.0,9.0,0.0,0.0,0.0,0.0,0.0,0.0,0.0,0.0,13.0,0.0,0.0,0.0,0.0,0.0,0.0,0.0,0.0
S32.230.Sed,1820.25,46199.21,76141.41,11300.99,0.0,52692.48,21890.05,2015.66,72979.34,17544.13,4278.74,72902.18,32815.32,775.5,38606.18,27118.52,1365.5,24985.18,21645.53,2766.73,7926.24,1814.99,870.0,5838.39,639.0,22.0,36.0,0.0,701.33,2260.25,40.0,1336.99,288.66,34634.09,5583.57,139.0,3574.5,48792.81,4537.12,4526.12,67723.25,131803.23,71518.13,16737.05,5228.74,3660.06,955.25,6215.98,43.0,48012.1,79030.78,12165.64,54884.56,30704.18,39482.56,5077.81,0.0,5.67,3022.57,0.0,288.66,11509.67,1279.5,13515.39,9439.46,2687.23,88799.04,16149.89,1299.99,64530.45,2928.0,394.59,1483.33,219.0,868.83,553.51,14342.59,22.0,39833.47,12208.88,471.0,2782.41,2962.66,4526.12,3861.49,12.0,6241.58,999.0,26661.49,10253.15,64897.64,1534.42,3200.5,22.0,4526.12,40.0,2782.41,10927.3,200199.03,31967.42,3.33,285.0,4458.26,18198.71,24545.87,26619.46,18015.37,1275.0,46764.56,15389.51,57053.14,5114.42,13711.13,10285.52,189.0,626.66,657.67,14755.13,78000.94,25436.2,888.42,4562.12,24199.87,8874.73,31848.03,13161.55,70101.12,36.67,22905.01,35532.17,6227.99,4254.71,65459.14,100030.95,11003.98,182348.59,159.0,411.0,6097.4,58828.2,278.33,34429.75,14834.84,10154.85,8243.76,23424.17,14782.72,177.67,3005.99,28279.6,75199.56,45777.67,482.05,9670.88,42270.6,7063.57,59986.0,65755.64,3.33,66310.26,17409.29,2782.41,2782.41,22.0,65907.07,288.66,13686.41,288.66,2671.25,14690.13,3878.99,92283.75,49306.07,288.66,68.0,176614.16,30919.5,52781.74,6024.28,24207.95,48622.29,8430.26,188772.06,1018.32,151.67,69719.56,144.33,84452.43,3895.16,3779.08,59735.73,2080.68,43670.08,399.0,7389.48,11646.9,1190.16,9359.65,13783.45,4770.04,134115.74,2925.49,50.0,3680.25,10561.06,0.0,6.33,29227.1,50041.47,83178.27,0.0,41757.17,9337.4,0.0,4432.14,44955.74,11.0,14.0,0.0,0.0,3.0,3.0,3.0,3.0,3.0,3.0,3.0,0.0,0.0,0.0,0.0,0.0,0.0,0.0,0.0,0.0,0.0
S32.229.Sed,2379.5,33712.0,54351.5,9593.0,0.0,38608.5,17385.0,1867.0,56000.5,13414.0,3002.0,57827.5,23426.5,1988.5,29190.5,19870.5,1789.5,19946.0,18005.5,4060.0,5451.0,2384.5,1080.0,2476.5,948.5,46.0,16.0,0.0,674.0,2592.0,18.5,1578.0,18.0,27933.5,4436.0,1346.0,3838.0,36237.5,1614.0,1606.0,55277.5,93784.0,52385.0,12392.0,4207.5,2721.0,1510.5,4929.5,36.5,35160.5,55600.5,8548.0,39482.0,27146.0,37714.0,2382.0,0.0,198.0,2138.5,13.0,18.0,9240.5,1026.0,12830.5,7455.5,1362.0,65027.0,11328.5,886.5,48673.0,5449.0,370.0,1133.0,245.0,609.0,437.5,7382.0,46.0,31552.0,10327.5,504.0,1684.0,2299.0,1606.0,3177.0,0.0,4389.5,1126.0,19982.0,6204.0,44441.5,1933.5,2564.0,46.0,1606.0,20.0,1684.0,8505.5,133739.5,20183.0,0.0,633.0,3550.0,17433.0,17316.0,19666.5,14221.5,2107.5,32172.5,10572.5,47550.5,4110.5,9663.0,5597.0,362.5,389.0,1042.0,11236.5,62087.0,20650.0,720.0,1610.0,22942.0,8513.0,27328.5,8994.0,49485.0,33.0,17662.0,25909.5,5316.5,3051.5,48388.0,72149.0,8364.0,116238.5,394.0,283.0,3821.5,43364.0,332.5,28432.0,7167.5,4131.5,7293.5,17324.5,14424.5,192.5,1452.5,21163.0,56561.5,33781.0,648.0,5865.5,35004.5,5636.5,43965.0,49114.5,0.0,37382.5,13371.5,1684.0,1684.0,54.0,42137.5,18.0,15046.5,18.0,2656.0,10173.5,5655.0,66793.5,39718.5,18.0,124.0,131919.5,20314.5,31161.5,3648.5,16393.5,40338.0,7734.5,138715.0,1009.0,243.0,49902.5,148.0,66734.5,2946.5,2953.0,44797.5,1815.5,33581.5,283.0,6683.0,8718.0,558.5,6293.0,6747.0,1966.5,102374.0,1786.0,20.0,2582.0,7055.5,0.0,0.0,24603.0,37094.5,50422.0,0.0,30306.5,7394.5,0.0,3984.0,32654.5,8.0,8.0,0.0,0.0,0.0,0.0,0.0,0.0,0.0,0.0,0.0,0.0,0.0,0.0,0.0,0.0,0.0,0.0,0.0,0.0,0.0
