KEGG	S8.201.Sed	S8.202.Sed	S9.231.Sed	S9.232.Sed	S10.222.Sed	S10.221.Sed	S11.242.Sed	S11.241.Sed	S12.212.Sed	S12.211.Sed	S13.233.Sed	S13.234.Sed	S14.203.Sed	S14.204.Sed	S15.244.Sed	S15.243.Sed	S16.213.Sed	S16.214.Sed	S17.236.Sed	S17.235.Sed	S18.206.Sed	S18.205.Sed	S19.216.Sed	S19.215.Sed	S20.237.Sed	S20.238.Sed	S21.223.Sed	S21.224.Sed	S22.246.Sed	S22.245.Sed	S23.217.Sed	S23.218.Sed	S24.207.Sed	S24.208.Sed	S25.247.Sed	S25.248.Sed	S26.219.Sed	S26.220.Sed	S27.239.Sed	S27.240.Sed	S28.225.Sed	S28.226.Sed	S29.209.Sed	S29.210.Sed	S30.227.Sed	S30.228.Sed	S31.249.Sed	S31.250.Sed	S32.230.Sed	S32.229.Sed
ko05340	2483.06	3736.83	2464.17	5169.91	1532	3827.08	1253.51	1020.34	1487.42	2411.86	4248.42	2975.26	1981.65	2449.32	1710.5	1787.66	1923.89	1356.4	2626.25	270	771	3223.75	768.5	1262.32	1023.32	1582	2919.06	2255.33	2567.35	3349.01	1786.07	1724.91	4594.74	1875.66	2562.17	1758.5	3511.84	2053.16	2583.34	1639.34	3636.17	1752.4	3215.78	915	2161.42	2342.18	459.5	1422	1820.25	2379.5
ko00564	46002.51	57196.57	45408.79	53418.09	26319.19	48154.75	20198.49	23391.74	28466.03	45094.06	51583.99	42018.07	34767.88	48040.43	35942.34	38575.13	24057.68	28798	36661.37	3909.28	10818.84	58863.78	15153.28	18957.41	18593.02	27766.72	43796.87	39983.12	45801.41	62825.48	25649.19	32711.31	56238.39	25714.71	37396.07	40785.45	63406.26	32410.7	31551.45	33797.53	40885.64	27155.48	47213.81	19846.16	35071.91	74590.35	13378	27340	46199.21	33712
ko00680	73354.01	102558.53	72940.07	98344.53	46407.43	73830	34533.72	36685.22	49388.91	76862.06	78254.22	70647.45	53110.9	84004.08	63481.73	60861.88	39254.13	48000.59	61993.12	6403.41	20575.23	92218.54	24248.91	28744.88	31574.56	46902.59	73085.55	68295.93	77346.67	101502.2	41791.81	55161.62	87578.13	47086.36	61518.72	69498.2	95312.85	61754.96	56757.79	55916.15	71026.29	49635.67	78891.06	33434.77	57784.47	122209.32	23186	49381.5	76141.41	54351.5
ko00562	12921.62	16078.17	12974.68	15092.31	7309.02	15729.52	5643.55	7098.19	7909.47	13133.13	16277.71	12159.02	10947.29	12796.85	9083.47	11612.99	8105.26	7801.81	10122.56	1134.99	3258.47	16609.16	4170.99	5769.6	5663.62	7694.51	14051.64	11659.66	12786.54	17415.64	8463.62	9365.82	16846.3	8151.49	11274.86	10006.52	15324.35	8876.33	9223.2	9050.68	11732	8443.3	13590.11	5299.53	10377.18	18575.19	3248	7561.5	11300.99	9593
ko00563	55	0	0	0	0	0	0	0	0	0	0	0	0	0	0	0	0	0	0	0	0	20	0	0	0	0	10	0	0	0	0	0	0	0	0	0	0	0	0	0	0	0	0	0	0	0	0	0	0	0
ko03030	52097.75	67388.46	52935.25	65909.03	32166.21	54512.56	25578.18	27038.22	34579.21	52041.84	58937.28	53035.78	39051.04	56249.04	41198.81	43036.34	27719.82	33117.45	45625.41	4254.27	14604.81	65939.93	17903.77	21500.1	21524.56	34260.23	49626.69	48127.96	54273.36	71854.88	29645.31	38419.76	64221.56	33483.35	44737.41	48496.46	72881.59	40964.24	39629.95	38485.99	51780.99	33801.52	54260.78	23941.69	40668.16	84877.62	16692.5	33267.5	52692.48	38608.5
ko00561	23289.22	31995.86	23597.27	29807.71	14235.97	26598.82	10531.61	11305.04	15404.32	23651.83	29205.86	24297.62	18265.41	25634.66	18137.42	19884.97	13588.89	14543.64	19922.35	1977.64	6812.42	29358.1	8196.64	9678.2	9487.92	14568.86	23767.82	21791.81	25075.07	31150.33	13320.17	16839.57	30237.69	15055.3	19500.71	20458.72	30738.54	16693.68	16950.4	16938.18	23934.16	15809.04	25070.01	10495.08	18789.45	35642.51	6284.5	14820.5	21890.05	17385
ko00440	2725.06	3786	2433.42	3249.49	1371.59	3042.58	812.35	1236.01	1261.75	2241.27	3177.09	2565.51	2046.82	2413.32	1607.99	2348.66	1529.77	1249.29	2626.74	256.33	649.49	3393.33	827.33	1172.14	1005.98	1240.67	2624.12	2039.33	2085.35	3400.43	1465.48	1176.66	3800.65	1383.5	2121.67	2003.18	4017.35	1289.83	1614.34	1395.68	2361.83	1320.82	2392.69	1019.01	1874.51	3227.35	528	1170	2015.66	1867
ko00250	76990.24	100060.8	76317.49	98762.58	48799.16	80159.46	37992.25	38575.92	51191.96	78340.14	88106.88	75191.09	55860.58	84201.23	60203.26	62283.68	41613.15	47259.82	61204.2	6139.42	21665.76	95321.69	25303.42	31119	31422.16	48894.58	74421.56	71879.25	79379.6	104006.94	43739.66	55406.16	94018.15	50954.99	66197.57	68892.34	100692.56	61265.24	59810.32	55477.52	75542.17	52207.15	80243.68	33905.24	58608.07	117855.92	23707	50391	72979.34	56000.5
ko00740	18090.1	23414.87	18046.09	24255.98	10628.79	19055.88	8192.89	9200.02	11442.6	17956.4	19934.9	16244.18	13730.79	19075.15	13906.94	15134.83	9688.74	11035.62	14306.69	1663.48	4942.94	22954.04	5806.48	7093.92	7335.96	10943.52	17877.14	16318.82	18143.52	24545.2	10215.46	12697.5	22533.3	10983.17	15260.69	16094.21	25874.86	13344.52	12837.87	12823.17	16404.99	11151.17	18042.02	7703.06	13259.69	27788.99	5736	11044	17544.13	13414
ko04940	4320.39	5939.17	4196.42	5390.41	2729.59	4781.36	2185.85	2237.34	3016.47	4837.5	4924.2	4540.93	3224.48	4904.29	3398.49	3584.33	2350.89	2629.73	3449.99	360.83	1340.49	5201.74	1438.83	1705.98	1780.32	2790.17	4496.73	4347.99	4637.85	5657.34	2471.57	3345.08	5163.24	3069.99	3625	3846.84	5342.83	3505	3118.01	3266.17	4158.5	3151.24	4609.64	1919.01	3285.75	6643.16	1329.5	3194.5	4278.74	3002
ko00010	79210.42	101745.79	80266.84	94523.08	48889.98	83603.33	37600.58	39646.75	51973.43	78822.33	90573.08	80616.61	59797.07	86079.27	63389.78	65966.32	43516.67	48515.98	63774.48	6608.76	21385.78	99118.43	26340.76	32218.85	33274.5	49165.74	77889.38	72499.57	80326.78	107837.55	45449.17	57448.32	97505.67	51165.8	68814.54	68952	112797.2	61793.23	58952.47	55520.53	76283.82	51746.96	82488	34519.22	61165.89	119266.74	24417.5	49716	72902.18	57827.5
ko00195	31111.65	73103.22	33023	54544.47	29881.72	36665.88	20145.29	15930.03	33572.76	47359.88	39839.41	44073.53	23535.53	52279.82	28804.42	25339	20029.9	20680.96	26640.42	2528.14	21178.92	38905.16	16868.64	12276.22	13686.94	25463.86	38241.65	48886.64	51041.73	43972.28	18565.94	27551.83	35791.44	36049.43	26355.53	32871.72	41016.86	33443.19	27948.89	32469.67	39181.67	37996.62	40191.5	21680.08	29029.36	55270.98	10661	38593.5	32815.32	23426.5
ko03450	3867.1	1311.66	2435.84	1057.16	884.5	3631.22	669.34	1643.34	778.28	2459.68	4089.06	1436.84	2595.5	1225.44	1048	3394.32	1871.44	1102.12	483	331	338	3578.2	544	963.32	975.32	888	3243.78	1577	1660.68	2721.52	1824.82	1465.16	5233.16	1268.5	2493.34	948.5	2254.68	988.66	1565.84	1018.84	2984	1071.82	2399.96	482	1824.84	1333.02	361	781	775.5	1988.5
ko00760	40059.86	51768.56	39579.6	51596.87	25000.83	42616.26	19287.14	20216.88	27081.7	40808.87	45678.14	39518.3	30351.88	44148.27	31330.88	33658.49	22119.83	25748.92	32258.57	3390.96	11936.88	50992.25	14220.96	16502.66	16928.24	25865.04	41048.12	38573.29	42989.57	54620.3	23271.99	29538.91	49582.34	27011.97	33743.04	34943.75	54500.72	30851.7	30413.75	29760.01	38630.82	26652.39	42345.61	18445.12	31375.63	63032.81	12248	25814	38606.18	29190.5
ko00920	27340.9	39221.9	25883.94	37049.54	17252.49	30344.07	13008.45	13367.54	17884.06	28843.62	32905.61	27748.62	19832.23	29498.48	21485.89	21333	15605.61	17352.03	22857.07	2268.63	7943.89	35606.7	9566.63	11836.51	10687.42	17490.37	27597.9	26286.47	29600.88	35088.56	15548.84	19286.41	35610.94	18317.33	22628.52	25100.1	43272.87	21407.2	21386.05	21217.53	27493.29	19193.32	30980.05	13031.11	22654.79	44053.98	6934.5	18124.5	27118.52	19870.5
ko00311	1936.67	1947.83	2076.25	1347.33	880.25	2836.72	805.34	932.17	967.78	2231.02	3225.89	1816.34	1910.99	1900.94	1163.5	1872.33	1494.89	879.06	704	235	419	3161.82	583	1031.66	796.66	952	2319.39	1625.33	1821.01	2334.17	1564.66	1221.83	3181.66	1238.16	1752.66	1194.34	4277	1015.83	1347.83	910.51	1798.83	1000.99	1879.3	405	1393.5	1536.17	337.5	977.5	1365.5	1789.5
ko00310	28648.93	28268.17	27009.95	27637.69	15388.31	33831.96	11695.6	14543.06	15683.51	26986.86	35973.52	23231.8	23777.46	27090.13	20722.91	25729.13	18186.66	18103.79	18112.77	3116.97	5972.91	35322.13	8002.97	12015.82	11846.88	16723.03	31224.79	22354.98	26449.07	37205.64	17416.63	19439.72	38951.33	15846.54	24260.07	22713.06	35059.43	19190.5	19929.09	19158.53	25025.33	15135.71	29899.9	10591.59	21598.48	41070.74	7334	14947	24985.18	19946
ko04146	24173.07	26823.02	22049.03	26488.03	13634.06	27991.76	11010.1	12051.72	13998.21	23195.19	29249.48	21434.45	18059.8	23391.41	17753.41	20472.8	14116.15	14859.61	17243.18	2191.97	5863.41	29882.89	7279.47	9843.5	9452.56	14174.03	23879.95	19899.99	23270.73	30883.38	14042.31	16666.56	32026.84	14262.86	20245.24	20649.06	31836.11	17696.84	18564.25	17049.69	23303.16	14343.55	25358.93	9704.09	17787.82	34947.41	6137	14204	21645.53	18005.5
ko00600	6713.84	6346.66	5343.24	5387.41	3733.25	6099.22	4045.34	2420.84	3923.28	5875.43	7251.06	6172.61	3453.28	6009.85	4257	3562.01	3227.02	3168.68	2210.25	137	1118.5	7387.46	1425.5	2177.82	1916.32	3335	4776.84	5314.98	5561.35	5519.59	3316.07	3790.41	7441.56	4571.83	5074.15	5082.67	10652.12	5486.66	6374.17	2788.51	9042.18	4571.57	6099.21	2037.5	4843.56	5455.97	1140	3034	2766.73	4060
ko04141	7973.33	12326.18	7862.75	9867.24	5325.43	7371.72	4120.86	3809.51	5594.44	8403.59	8289.73	7671.76	5176.29	9439.83	6823.98	5960.34	3531.16	4972.18	5449.57	469.66	2511.48	9691.82	2743.16	3002.8	3310.98	5228.34	7092.35	8060.16	8797.85	10926.01	4095.73	6098.08	8552.73	5552.16	6210.01	7553.18	10104.66	6479.67	5964.35	5957.67	7877.67	5688.24	8266.87	3710.02	6025.25	13034.16	2722	5799	7926.24	5451
ko04142	4613	3192	3178.32	3130	2378	3853	2243	1456	2368	3163.5	4411	3507.01	2354.64	3392.16	2225	2489.68	1912.01	1606	851.5	84	690	5501.16	1009	1514	1233	2012	3379	2917.99	2885	3428	2234	1983	4668.32	2664	3223.99	2907	9832.32	3297	4084.5	1445	5392.68	2297	3368	1277	2969.16	2910.15	631	1613	1814.99	2384.5
ko00604	1963.5	1351.5	1332.33	1565	983	1605	957	596	813.5	1437.5	2040.5	1546.5	972.83	1233	840	994.67	863	679.5	477.5	50	306.5	2296.5	469	632	500	850.5	1370.5	1256	1183	1502	970	902.5	2181.33	1262	1496.5	1215	4130	1550.5	1893.5	601	2461.67	1074	1482	521	1227	1087	310	741	870	1080
ko04260	2990.34	3646.87	3069.25	6616.75	2012.11	3731.44	1245.18	2309	2177.38	3516.47	3185.44	3016.57	2586.5	3637.3	3016.46	3029.18	1863.64	3085.32	5619.89	298.82	922.96	5744.65	1589.82	1911.64	1739	2619.68	3608.68	3294	3906.14	4991.57	2158.25	2444.93	3477.75	1556.86	2321.18	4327.86	8006.34	2461.86	1797.18	4059.32	1671.32	2128.29	4256.03	2452.54	3256.26	10212.97	915.5	2258.5	5838.39	2476.5
ko05142	868.17	908.33	843.83	700.83	365	1425.86	477.84	543.17	520.14	915.59	1354.53	756.34	884.99	779.47	623.5	928.17	692.67	495.84	283.5	109	179	1283.66	299.5	621.66	408.66	537	1024.67	578.33	805.34	1228.17	800.66	616.33	1729.99	571.83	942.5	443	904	478.33	742.17	484.67	743.34	453.49	1094.73	238	620	761.67	141.5	462	639	948.5
ko04540	25	0	130	24	31	82	16	11	5	10	191	48	99	20	11	95	64	7	3	26	0	18	29	30	11	0	72	37	21	41	62	0	135	0	122	42	35	29	65	0	38	0	10	0	61	3	0	0	22	46
ko00909	57	0	25	56	0	94	59	31	9	42	137	70	24	0	52	21	14	13	0	0	0	81.33	6	22	18	9	12	34	75	19	9	97	25	0	25.33	36.67	29	2	20.33	61.67	34.33	27	56	9	0	39	2	67	36	16
ko00513	20.34	39.67	0	0	0	0	0	0	0	0	0	0	0	0	0	0	14	0	0	0	0	0	0	0	0	0	0	0	37	28.25	0	0	0	0	0	0	0	0	0	0	0	0	0	0	0	0	0	0	0	0
ko04973	275.83	891.34	512.33	801.5	450.34	388.72	336.34	130	443.61	888.36	858.72	863.33	320.5	799.28	472.99	318.34	214.16	295.83	730.66	22.33	380.99	486.09	232.83	80.66	155	418.17	415.67	784.5	787.66	553	244	485.67	613.83	602.67	390.17	708.34	440.67	567.84	254.17	684.33	802	883.84	630.14	385.01	455.17	1139.16	66	1017.5	701.33	674
ko00510	4254.28	5901	3808.16	3174.41	2302	3853.5	1994.02	1596.84	2673.5	4097.07	4590.34	3545.77	2947.29	4326.31	2559.5	3342.84	2086.18	1900.18	1050.83	309.5	1314.5	4140.26	1271	1421.32	1292.82	2124.5	3801.84	3820.32	3869.03	4785.35	2163.57	2668.41	4866.98	3007.47	3284.16	2574.5	5262.32	2770.66	2893.34	2027.84	4077.18	2788.14	3471.07	1323.5	2683.91	3439.66	1098	2569	2260.25	2592
ko05110	205	26	29	76.5	0	54	59	8	17	46	100	69	15.33	19.58	26	36	66	13	6.25	0	0	429	11	20	28	14	25	23	174	13	25	79	14	2.5	22	39	1308	50	14	32	10	66	36	5	0	39	0	54	40	18.5
ko04974	1397.5	1862.34	1680.83	1471.33	1145.34	2208.53	1275.67	773	1133.8	1704.43	2497.53	1906.67	1241.66	1647.14	1182.49	1286.18	1001.33	1094.83	739.66	77.33	517.99	2149.82	603.33	864.99	652.5	1254.67	1500.84	1597.33	1831.83	2369.66	1135.67	1308.5	2578.16	1572.34	1597.33	1617.01	2073.33	1751.34	1990.5	1027.5	2195	1345.84	1801.9	736.01	1434.17	2138.99	291	1141	1336.99	1578
ko04976	3.33	98.34	59.33	53	36.34	5	26.67	0	45.33	24	48	110.33	15	82	142.99	61.34	22.66	153.33	342.66	9.33	69.99	118.59	26.33	16.66	44	88.67	19.67	59	127.66	89	17	46.67	31.33	50.34	26.67	258.34	1069.67	101.34	40.67	185.33	16	128.01	70	108.01	40.67	570.66	5	189	288.66	18
ko00450	39021.94	50842.54	39080.11	45262.1	24284.15	42425.77	19050.8	18962.39	25713.03	38528.1	46578.16	38002.42	29758.51	42604.18	29986.9	32575.33	21392.3	23766.06	26346.15	3105.8	10419.9	49759.97	13268.8	16207.81	15623.72	24428.2	38761.58	36091.28	40576.6	51759.93	22318.73	27810.3	49705.32	25645.98	33242.67	33246.1	55612.52	29204.01	29697.89	27082.39	38566.64	24834.85	40995.33	16614.6	30536.37	55992.83	10570.5	24060	34634.09	27933.5
ko01051	6611.1	7690.01	6415.33	5949.91	3692.18	6142.72	2722.35	2978.84	3686.94	5534.43	6724.56	5257.42	4552.65	6212.68	4422.48	5091.84	3094.21	3494.06	4001.23	460.66	1595.48	7438.25	1867.66	2200.64	2442.82	3996.34	5729.9	5119.33	5982.67	8274.7	3202.07	4324.75	7743.4	3905.84	5513.01	5006.68	8258.68	4351.34	4241.18	3849.5	6257.67	3665.92	5735.71	2406.52	4542.26	8453.5	2043.5	3641.5	5583.57	4436
ko00565	1330.56	839.32	793.68	311.32	505	1864.44	106.68	619.68	243.06	750.36	1408.12	350.68	1043	537.88	316.5	1190.82	841	287.36	121	124	76	1497.58	177.5	512.64	415.14	181	2084.18	494.5	569.86	1092.85	936.64	256.32	1952.32	280	902.68	341	1790.36	224.32	623.68	261.18	824	113.64	925.92	118	658.18	279.04	88	130	139	1346
ko00524	5398.01	5976	4740.67	4037.33	3186.5	5247.44	2611.18	2407.17	3419.06	4986.88	5820.11	4738.18	3582.81	5305.46	3700	3862.83	2609.01	2745.34	2245.25	362.5	1210.5	6417.08	1630.5	1884.16	2007.16	2905	5230.67	4691.99	5044.35	6292.09	2869.16	3453.83	6118.83	3464.48	4243.66	3905.5	8569.32	3879.83	4029.67	3037.17	5373	3234.65	4934.44	1974.5	3804.16	6027.99	1386.5	2798.5	3574.5	3838
ko00300	51728.65	64430.93	51817.51	64008.36	30642.44	52449.48	25080.99	26141.89	33134.3	50016.71	57377.87	50226.3	38249.2	54745.62	39953.84	42733.98	26535.12	31836.24	41110.42	4159.28	13501.34	63418.5	16847.78	20107.78	20783.72	31983.22	48732.79	47036.62	52573.89	69902.92	28033.97	37306.08	62598.48	32252.51	43375.22	45956.45	70311.24	38827.55	37482.6	36754.18	49349.65	32350.75	51489.23	22226.66	38088.48	79233.97	16210	31742.5	48792.81	36237.5
ko05222	1902.31	2769.38	1903.08	4094	1358.63	2182.94	674.19	1169	1364.37	2570.72	2062.44	2214.31	1490.85	2593.89	2246.43	2037.86	951.62	2061.31	5104.62	173.31	1050.93	2976.31	818.81	773.62	783	1903.19	1607.19	1899.5	2996.12	2922.31	748.5	1613.19	2658.33	942.38	1191.19	4096.88	3691.69	1557.88	978.19	2910.81	2067.48	1874.57	2530.28	1622.07	1759.69	7902.12	425	2295.5	4537.12	1614
ko05416	1902.31	2769.38	1899.08	4088	1358.63	2168.94	664.19	1169	1350.37	2332.72	1958.44	2181.31	1482.85	2585.89	2237.43	2035.86	939.62	2051.31	5091.62	170.31	1033.93	2966.31	818.81	773.62	783	1886.19	1588.19	1794.5	2996.12	2911.31	734.5	1566.19	2656.33	889.38	1191.19	4096.88	3691.69	1546.88	978.19	2833.81	2048.48	1695.57	2474.28	1615.07	1759.69	7887.12	425	2175.5	4526.12	1606
ko00260	75229.36	91330.43	75912.58	88269.16	44698.89	80041.22	36163.72	37143.75	47573.21	72797.44	88218.47	72404.03	57143.92	79301.58	57398.29	62973.01	41282.68	46729.49	55760.31	6179.93	19124.79	94511.34	24612.93	30656.52	30567.5	46811.57	72486.22	67478.24	75830.27	101582.63	42905.59	54284.23	94353.49	47833.67	65064.04	63814.16	101572.37	57074.89	56782.8	52014.7	73356.67	47733.97	77448.22	31748.21	57985.31	110399.59	21610.5	44454	67723.25	55277.5
ko00190	135416.64	181915.62	136695.86	168076.85	82427.3	140767.92	64512.48	70229.65	90518.93	135206.41	150011.57	127303.65	100815.67	150481.25	108201.55	112742.52	71146.67	86027.47	104359.16	11089.35	37238.05	174969.21	46995.35	54853.9	55603.7	85757.15	130317.12	126137.35	142508.51	185217.02	75933.7	95581	163059.81	84099.61	110769.11	122520.84	193678.43	100248.65	97004.26	99288.04	124198.6	85984.22	139321.49	61810.95	104952.79	218284.49	40935	84678.5	131803.23	93784
ko03440	71055.53	94144.98	70877.01	92475.17	43935.82	74214.17	34698.07	36378.41	47190.42	70823.18	78959.58	71306.47	52725.31	77022.36	56097.27	58176.84	37670.63	44563.81	61678.03	5723.59	19757.27	90036.2	24375.59	29232.19	29255.18	45964.91	68652.89	65716.45	73410.4	97250.41	40530.6	51734.08	86244.02	45441.34	60527.77	65570.32	100357.13	55727.41	53739.82	51911	69099.16	45500.49	73368.51	31929.73	54411.69	114045.48	22581	45083	71518.13	52385
ko00750	17274.01	21456.2	17008.58	21818.9	10973.29	18375.3	8778.23	8792.35	11981.18	17296.7	19954.15	17047.6	12827.78	19389.9	13817.94	14200.34	9478.58	11451.28	13821.87	1363.48	4995.44	21770.45	6033.48	7122.76	7197.3	11585.52	16794.47	16275.48	18541.18	23121.11	10047.05	12748.42	20602.88	11728.66	14802.85	15562.04	24137.18	13948.19	13614.87	13033.33	16858	11750.75	18528.9	8022.06	13753.1	27702.97	4986.5	11026	16737.05	12392
ko00950	5507.06	7892.5	6215.66	6421.74	3724.34	6103.72	2924.02	2882.51	3795.11	6234.09	6759.23	5149.1	4460.63	6321.59	4364.49	4930.84	2893.39	3117.57	3195.15	361.33	1590.99	7767.16	2002.83	2398.64	2419.98	3419.17	5587.4	5293.99	5829.02	8078.18	3325.23	4210.91	7073.39	3814.66	5106	4796.51	8704.67	4627.83	4551.51	3723.51	6111.01	4001.9	5725.87	2405.01	4634.92	7899.17	1874.5	3794	5228.74	4207.5
ko00592	3270.59	3246.68	3601.84	3984.91	1885.02	4522.72	1371.85	1781.84	1854.77	3155.43	4586.56	3173.75	3291.67	3511.27	2779.47	3569.5	2330.87	2582.89	3068.48	506.99	902.97	4809.48	1107.99	1572.8	1545.32	2123.01	4314.57	2862.83	3473.16	4936.08	2304.07	2534.42	5092.41	1764.02	2907.68	3327.02	6004.85	2328.68	2314.35	2799.83	2630.99	1759.6	3692.71	1486.53	2744.43	6222.66	808.5	2037	3660.06	2721
ko00591	2323.88	1848	1570.33	1052.75	869.5	2846.72	415	899	761.78	1648.61	2339.22	1211.25	1680.66	1491.61	951	1946.17	1253.5	722.5	711.83	234.5	253	2243.02	488	817.5	555	757.5	2077.5	1142.5	1310.5	1899.34	1073.25	797.25	3137.08	704	1401	842	2516.5	721.5	992.5	693.5	1913.67	639.25	1576.89	481	1394.25	1491.5	306	578	955.25	1510.5
ko00590	6535.22	6963	6542.09	8527.82	4287.93	8209.44	2994.19	3393.18	4402.22	7246.36	9247.62	6523.35	5599.15	7433.79	4914.48	6012.83	3928.55	4306.24	5582.07	500.66	1588.48	8890.08	2585.66	3144.96	2521.14	4375.84	6485.24	6411.99	7148.85	8765.1	3822.64	4706.16	8823.48	4185.84	5752.34	5525.85	9794.68	4524.5	4819.85	5181.01	7104.83	4397.99	7843.42	3112.52	5896.01	10504.34	1230.5	4074	6215.98	4929.5
ko00062	85.17	5.33	63.17	76.33	5	208	70.67	120.67	17	82.66	198.67	96.67	48	42.33	68.5	66.83	34	37.84	0	0	10	137.5	9	54.66	40.16	25	56.17	60	136.84	114.67	67.66	128.83	192.83	17.5	55.34	53.33	68.34	62.33	69.84	79.5	92.67	58.16	163.66	17	60.17	61.01	5	77	43	36.5
ko00061	51391.97	62321.22	50435.04	56853.49	28885.78	53224.78	23004.03	25593.76	31847.83	49702.62	58139.04	47702.37	38352.32	52931.37	37919.33	41885.62	26785.15	29978.81	38840.2	4146.11	12811.33	63128.83	16731.61	20893.2	20235.98	30216.39	46470.83	44198.25	50879.79	67856.51	27997.73	35102.38	62394.77	29786.35	42638.72	43216.96	68100.39	35311.02	35605.47	35353.55	47764.15	30834.02	50540.84	21137.67	38097.64	76592.99	15049.5	31178	48012.1	35160.5
ko03070	67461.53	86484.02	70602.05	89711.41	44159.7	71780.28	33288.23	35881.59	46627.12	68527.21	75860.87	65624.05	49561.35	79137.25	59557.7	55380.34	34071.22	45399.94	60196.34	5582.4	17563.7	96137.45	25773.4	31015.62	29439.82	44069.6	62906.05	63579.94	73849.02	96794.81	39300.82	50480.51	82710.12	39604.62	56579.89	69993.44	123383.12	54183.61	48711.45	54866.73	58337.7	43994.83	72741.93	32498.3	54953.61	125580.93	22165	45299.5	79030.78	55600.5
ko00253	12427.89	15832.85	12597.51	14627.31	6786.86	12377.3	5497.05	6276.69	7863.52	12275.27	13462.99	11999.69	8934.96	13350.15	9241.96	9798.65	5745.64	7189.02	10227.64	784.32	3161.96	15759.73	4322.32	4893.26	4912.62	7379.68	10250.69	10849.32	12641.7	16817.27	6384.62	8696.99	14020.63	6866	10039.19	10515.36	16886.7	8118.67	8056.87	8688.01	11559	7481.98	12053.47	5527.04	9224.69	19428.85	3959	7659	12165.64	8548
ko03060	55961.92	73057.43	56356.18	68223.94	33727.44	56031.34	27690.83	29046.06	37650.94	55793.05	60524.9	54294.89	41272.18	61139.58	44796.84	45574.65	28983.35	35325.14	43860.43	4454.28	15236.34	69938.49	19039.28	22552.44	23486.38	35835.72	51381.02	51790.95	57827.73	76809.56	31343.88	41447.16	65761.81	35411.34	46903.73	50292.44	75513.56	43623.38	41099.28	40716.84	51963.66	36028.24	57211.71	25141.66	42073.39	88928.8	18548	35587	54884.56	39482
ko00380	38194.55	36505.01	34942.92	35506.02	19044.65	46347.73	14058.28	18928.56	19602.07	35475.66	48372.79	30283.97	32312.91	33522.1	24707.9	35370.32	24852.09	22301.22	23479.51	4244.3	7688.9	48964.44	10867.8	16344.81	15117.88	20457.7	41957.23	28873.81	33672.91	46652.05	23421.8	24289.22	52524.13	20055.36	32306.06	27061.41	53529.42	22613.84	24903.25	24221.37	32775.85	19428.04	37762.93	13317.1	28255.98	49241.06	8440.5	18641	30704.18	27146
ko00500	53597.17	66257.34	48954.67	55044.51	31784.38	50602.83	24884.18	23461.07	33329.48	50249.44	59764.9	53485.53	34659.94	53621.15	36966.93	38851.35	26595.51	28847.11	35971.11	3875.81	14913.43	59761.16	15930.31	18521.81	19423.86	30899.19	48356.09	47850.77	51963.68	63708.46	27672.78	34588.2	63908.86	36268.21	43560.68	41103.23	74551.21	40217.31	40222.91	33369.73	55544.53	35749.34	51689.61	21414.57	38968.12	65296.21	13386	31704	39482.56	37714
ko05120	2401.93	5679.52	2898.67	8072.99	2729.86	2807.72	1915.53	1306.01	2596.6	3067.34	3149.73	4104.5	1626.15	4262.34	3149.96	1896.67	1230.25	2319.28	5530.55	186.82	1537.46	3594.34	1259.82	1201.62	1227.48	2606.68	2518.13	3221.33	4311.5	4520.51	1370.98	2559.17	3462.15	2229.18	2725.02	4735.86	3827.68	3462.85	2904.19	3358.83	3315.16	2922.18	3657.62	2002.04	2501.18	7856.49	1006	3129.5	5077.81	2382
ko04666	0	77	0	0	0	0	0	0	0	0	0	0	0	0	0	0	0	0	0	0	0	0	0	0	0	0	0	0	0	0	0	0	0	0	0	0	0	0	0	0	0	0	0	0	0	0	0	0	0	0
ko05322	4.67	34.33	38.67	33.33	87	100.86	16.34	16.67	33.64	32.09	117.53	30.67	30.33	115.8	43	30.33	20	9.34	10	0	3	85.33	15	25.66	8.66	15	44.67	31	46.84	81.67	52.66	20.33	111.33	21.33	63.67	59	45.34	46.33	44.67	30.67	46	16.99	66.23	0	55.67	19.01	5	28	5.67	198
ko04964	2359.83	4832.68	2592	2671.41	1740.52	3326.44	1267.36	1285.84	1714.55	3100.79	3840.28	3168.75	2113.66	3405.13	2541.47	2263.01	1757.15	1781.17	2187.06	289.49	975.97	3668.81	883.49	1141.3	1091.32	1735.01	3045.85	2625.33	3396.17	3595.58	1576.57	2047.42	3871.07	1792	2099.01	2987.19	3787.85	2247.68	1998.68	2204.5	2890.66	2017.09	2953.35	1237.53	2183.93	4622.16	660.5	2203.5	3022.57	2138.5
ko04962	4	11	3	14	0	0	0	0	0	0	0	0	0	0	0	0	0	0	0	0	7	8	0	0	0	0	0	0	0	0	2	12	0	0	12	9	43	0	0	0	5	9	0	0	0	0	0	0	0	13
ko04960	3.33	77.34	42	53	36.34	5	26.67	0	45.33	24	48	110.33	10.67	82	142.99	37.67	22.66	153.33	320.66	9.33	69.99	20.33	26.33	16.66	44	88.67	19.67	59	127.66	87.33	17	46.67	21	50.34	26.67	258.34	12.67	96.34	40.67	185.33	12.33	128.01	70	108.01	34.67	546.66	5	189	288.66	18
ko00625	15097.36	19504.01	12416.1	12742.14	7685.11	15872.52	5324.09	6258.86	7849.8	11848.79	14346.38	11221.7	10601.11	13784.49	9233.96	12851.98	7256.76	8109.14	8905.22	1123.82	2948.46	16454.5	4389.82	5599.42	4683.78	7404.68	12664.14	10798.98	12599.06	16078.42	6893.28	8170.82	16688.13	7412.61	10960.02	10377.36	17614.54	8600	8376.54	9214.18	11437.83	7753.27	12527.77	5276.54	10407.36	19107.52	2637	7277.5	11509.67	9240.5
ko00624	2953.5	2564.5	1514.5	1271.5	945.5	3234.5	330.17	1061	833.5	2330	2261.5	1298.17	1920.82	1494.16	811.5	2867.5	1355.17	998	867.5	265	471.5	2430.98	292	604	580	696	2896	1316.33	1701.67	1865	865	843	3263	1022.66	1775.15	626.68	1369.32	913.5	912.32	1092.68	1682.82	1008.33	1473	431	1074.66	1382.49	154	740	1279.5	1026
ko00627	20532.02	18286.33	15674.02	16539.05	9014.86	23153.85	6059.23	8659.03	8998.97	16997.28	23414.88	14480.79	15562.77	14819.01	10378.96	18865.32	11636.04	10330.26	11604.89	2296.82	3741.96	20243.11	4360.82	6967.91	6389.94	8699.18	21734.76	13072.48	15605.56	20488.64	9951.36	10218.73	26997.54	9391.65	15622	11477.55	17365.34	10014.83	11240.02	11323.04	15801.31	8763.54	16367.43	5578.04	12029.93	20325.18	3168.5	8266.5	13515.39	12830.5
ko00626	10649.43	11643.02	9089.68	12975.98	5963.7	13426	3785.87	5278.68	5690.15	9808.72	12531.68	9080.85	8669.33	9813.32	7194.95	9970.18	6571.2	6322.23	8656.3	1124.15	2303.45	13678.73	2937.65	4155.1	3980.14	5464.35	11628.59	8088.32	9635.01	13037.75	5980.48	6375.33	14313.48	5474.85	8543.51	8155.54	13595.53	6762.52	6473.19	7126.17	8263.15	5446.51	10127.22	3641.55	7402.03	14933.66	1979	5471	9439.46	7455.5
ko00621	2111.01	2645.02	1774.75	3255.25	1271.27	2704.36	619.18	997	1198.63	1906.68	1965.36	2429.91	1633	2076.89	1431.47	2042.34	1332.87	1457.21	3465.73	272.49	782.47	2537.02	666.99	733.48	772	1283.01	2228.23	1522.33	2162.65	2372.67	1045.25	1155.26	3002.75	1064.18	1573.84	2146.52	1969.99	1223.02	1167.01	1872.99	1734.49	1091.61	2052.82	1007.03	1444.25	3990.3	359.5	1408.5	2687.23	1362
ko00620	89082.86	115064.67	88401.21	111014.46	54507.72	95922.02	40670.33	45337.29	57623.87	90183.93	101517.31	88064.85	67416.11	97881.61	72767.67	74663.3	49117.3	56183.57	75346.98	7663.39	24853.67	114041.73	29745.39	36380.2	38128.42	55754.11	88254.5	80285.58	92511.79	122142.48	50940.17	64886.07	109664.63	55052.36	76196.3	80923.9	123399.01	68909.93	65432.22	65957.86	84466.79	57709.82	94804.41	40004.83	69038.06	144640.64	27388.5	57652.5	88799.04	65027
ko00623	16875.86	20280.19	16247.01	20896.22	9399.2	17785.74	7474.07	8616.03	10571.91	16253.56	18796.27	14751.28	12805.95	17084.7	11947.45	14489.83	8984.81	10519.37	12436.13	1418.15	4286.95	20703.21	5765.15	6966.24	6686.44	10270.35	16131.54	14754.65	16739.38	21694.94	9230.19	11235.57	20247.95	9837.99	13417.19	14070.04	22416.71	11083.67	11556.04	12508.02	14393.83	10399.3	16746.82	7562.55	13115.28	26112.69	4545.5	9892.5	16149.89	11328.5
ko00622	1663.59	1751.34	1120.58	1308.5	695.59	2404.5	466.17	632.5	821.33	1361	1970.5	1689.5	1354.16	1153.25	760.99	1503.84	1403.33	881.83	1252.41	285.33	468.49	2002.49	413.33	696.16	625.5	701.17	2035.67	1007.33	1379.16	1341.58	1106	779.17	2499.33	849.34	1444	778.34	2596.49	768.84	980.17	877.83	1158	600.01	1306.5	444.51	906.83	1361.15	188	799.5	1299.99	886.5
ko00270	65733.43	90514.78	68158.68	87332.99	42542.32	71827.22	32153.09	33457.26	44419.87	68409.34	79251.48	67964	50433.41	75623.86	51357.77	55235.64	35169.52	40643.05	55026.93	5327.09	20894.77	85976.32	23829.09	27637.66	27121.48	41922.91	63941.11	64142.1	71657.62	89719.14	37940.23	48134.4	83844.91	45111.48	58280.4	60352.19	103880.41	51720.06	50777.8	49307.22	65606.3	45960.04	69914.12	30340.23	51730.66	103387.3	18943.5	44723.5	64530.45	48673
ko00940	6182.83	6177.34	5285.4	5252.5	3469.09	6515.38	3045.01	2455.5	3362.45	5483.44	8148.88	5603.33	3977.98	4928.78	3545.49	4285.02	3915.66	3031.83	2463.66	470.83	1407.49	7488.65	1560.83	2204.16	2039	3420.17	5885.17	4988	5044.66	6474.33	3781	3682.17	8810.15	4314	5186.49	4405.02	11592.67	4652.34	5130.99	2881.51	7440	4038.17	5618.06	2014.01	4478.67	5028.16	956	3082	2928	5449
ko00941	1113.84	1718.16	676.34	440.41	315	618.72	360.85	327.84	478.28	607.43	768.56	471.26	328.33	556.44	418	505.66	368.67	297.18	133.5	26	99	735.32	204.5	227.82	268.82	228.5	348.34	395.33	704.85	1012.09	337.07	427.91	789.41	217.82	465	428.17	364.84	416.66	446.17	402.51	694.33	508.06	661.21	301.5	521.92	622.18	217	520.5	394.59	370
ko01053	1110.34	2637.84	1711	2094.83	1337.34	2271.44	1179.01	474.67	998.39	1748.38	3586.61	2252.5	1438.33	1699.47	1124.49	1375.5	1272.38	978.89	963.41	238.33	647.49	1251.16	724.33	804.32	510.16	997.67	2230.56	1857	1998.17	1729.5	1138.66	1490.5	2301.16	1392	1974.84	1559.34	1070.51	1728.67	1747.84	1254.5	1554.5	1552.5	1762.94	642.01	1414.34	2010.17	172	1493.5	1483.33	1133
ko00943	75	19	437	213.5	103	448	173	69	57	248	923	335	386	154.25	162	335	325	81	44.25	99	3	160	124	190	42	44	298	198	197	212	268	216	589	30	477	244.5	168	123	248.5	112.5	173	76	226	28	240	222	16	162	219	245
ko00100	1235.67	1349.83	1021.17	787.83	395	1309.36	718.01	511.67	596.14	1048.59	1909.53	1130.68	852.98	841.46	946	922.66	980.23	406.06	73.5	172	132	898.32	152.5	451.66	407.66	426	1516.39	856.99	1045.68	1302.17	698.16	738.33	1618.83	358.32	856.66	853.5	346.32	670.83	988.67	758.17	1447	660.82	1231.73	367	828.66	963.99	335	952	868.83	609
ko00945	1709	1406.5	622.5	563.5	379	1569.5	317.51	623	570	1475	1339.5	774	934.66	724.66	433.5	1334.5	737	540.5	391	147	329	871.65	270	344	287	387	1187.5	878.5	1145.17	756.5	480	586	1461	666.82	845.15	333.35	410	434.5	488.15	764.35	869.65	788.49	753	357	595	830.5	109	638.5	553.51	437.5
ko05016	9369.05	12345.42	9804.17	16104.49	6588.08	11215.74	4386.89	5957.51	6636.72	10771.35	11003.25	9905.64	7608	11392.31	8858.88	9002.53	5457.53	7850.42	13992.5	806.96	3178.88	14831.22	4156.46	4731.4	4406.48	7328.54	9416.99	9386.83	11588.78	14300.73	5581.48	7371.03	11992.15	5467.9	7822.88	12574.08	17914.04	7817.07	6856.55	10101.47	8793.3	7087.26	11779.61	6138.62	8744.54	24701.77	2686.5	7429.5	14342.59	7382
ko04145	25	14	130	24	31	82	16	11	8	20	191	48	99	20	11	95	64	7	3	26	0	18	29	30	11	0	72	37	21	41	62	0	135	0	122	42	35	29	65	0	48	0	10	0	61	3	0	0	22	46
ko00071	45312.36	45768.68	41185.99	46507.81	23991.69	55307.76	17804.01	23058.6	24811.52	41938.01	55586.86	37084.5	37518.29	41810.28	32487.34	42729.78	28455.67	28487.06	30856.05	4981.28	9506.84	53439.48	12931.78	18718.52	17998.8	25662.22	49229.74	35991.97	41595.79	57559.32	26628.39	30821.03	60524.45	24130.06	36945.12	35648.11	51916.36	29063.84	29017.65	31333.55	36802.31	23025.18	46057.75	16697.66	32943.88	65031.14	10630.5	23959.5	39833.47	31552
ko00072	13387.22	12019.17	12401.35	12196.22	6792.7	17325.88	4285.88	7202.53	6473.27	12914.13	17076.91	10014.1	11659	11967.09	9474.95	13031.81	8833.01	8368.25	9205.63	1497.15	2566.45	17787.27	3607.65	5749.74	5774.44	7329.85	15164.42	9715.83	11756.86	17455.62	8404.69	9000.07	18857.54	6539.7	11514.21	10205.7	18209.07	8135.17	8186.88	9360.68	10916.33	6482.24	14444.75	4674.05	10198.46	19545.05	3057	6697.5	12208.88	10327.5
ko05219	474.5	413	414.5	500	165	490.86	200.5	156.5	299.64	416.93	645.86	386	450.66	415.22	275	416	399	392.5	318.25	65	87	503.83	103	153	190.5	301	515.5	299.5	421.5	465	311	335.5	805.5	302	387.5	335.5	264.66	274	332	364	482.5	275	482.07	165	377.83	561.83	49.5	204	471	504
ko05215	2204.72	3718.84	2047.75	3758.08	1650.09	2342.86	1186.51	1147.17	1639.47	2370.84	2289.53	2280.92	1297.49	2816.38	1953.99	1452.17	940.83	1472.17	2131.41	116.83	824.99	2966.25	897.83	1016.32	855.16	1620.67	1852.84	2292.33	2681.67	2947.17	1123.91	1635.25	2435.91	1503	1660.67	2488.34	3807.67	1962.17	1970.84	1994.5	2672	1681.25	2604.98	1274.01	1878.42	4456.83	594.5	1657	2782.41	1684
ko05211	3215.34	3565.84	3094.75	3836.33	1893.09	3423.86	1516.51	1595.67	1983.47	2907.59	3660.03	3140.17	2407.66	3366.55	2408.99	2705.5	1773.05	2118.89	2431.24	267.83	870.49	3979.25	1056.33	1403.82	1287.66	2126.17	3117.56	2952.33	3311.17	4341.92	1832.16	2225	3843.16	2045.5	2627.67	2756.84	4136.67	2416.67	2515.34	2361	3252	1933.5	3456.23	1430.01	2607.17	5162.33	850.5	1760.5	2962.66	2299
ko05210	1902.31	2769.38	1899.08	4088	1358.63	2168.94	664.19	1169	1350.37	2332.72	1958.44	2181.31	1482.85	2585.89	2237.43	2035.86	939.62	2051.31	5091.62	170.31	1033.93	2966.31	818.81	773.62	783	1886.19	1588.19	1794.5	2996.12	2911.31	734.5	1566.19	2656.33	889.38	1191.19	4096.88	3691.69	1546.88	978.19	2833.81	2048.48	1695.57	2474.28	1615.07	1759.69	7887.12	425	2175.5	4526.12	1606
ko01055	4689.48	5916.84	4711.33	4761.83	2661.84	4590.72	2406.51	2349.17	3024.61	4522.52	5053.89	4565.34	3513.15	4929.52	3482.99	4008.84	2339.5	2724.17	2885.74	332.83	1106.99	5756.84	1432.83	1691.82	1808.16	2824.67	4323.84	4176.66	4603.17	6659.59	2456.66	3393	5567.49	2861.5	3779.5	3872.84	5837.33	3391.17	3204.84	2849.5	4440.17	2794.5	4300.3	1828.51	3335.5	6362.49	1473.5	2664	3861.49	3177
ko00902	0	97	10	0	0	72	0	0	0	17	14	6	18	7	0	0	15	6	0	0	0	12	0	12	0	0	0	0	0	0	4	10	0	0	0	0	0	0	0	0	0	0	0	0	5	13.5	0	0	12	0
ko04910	5879.11	10406.01	6193.83	7607.24	3948.68	6396.72	2723.03	2955.51	4219.94	6384.59	7077.23	6173.59	4554.13	7459.91	4973.98	4981.84	3502.21	3560.4	4826.82	601.66	2342.48	7702.76	2244.16	2438.8	2494.98	3919.84	6443.57	6501.33	7064.52	8272.43	3558.23	4217.08	7827.56	4310.32	4969.18	5619.18	8192.02	4706.67	4346.35	4806.17	6502.84	4386.07	6669.37	3029.02	5127.43	9695.01	1925.5	4652.5	6241.58	4389.5
ko00531	2249.5	1499.5	1452.33	1659	1197	1801	1071	639	1101.5	1631.5	2220.5	1773.5	1062.83	1577	1087	1104.67	907	717.5	495.5	50	321.5	2565.5	507	696	561	928.5	1803.5	1405	1385.5	1699	1044	958.5	2288.33	1321	1653.5	1425	4250	1714.5	2041.5	671	2652.67	1161	1649	583	1355	1402	332	809	999	1126
ko00360	27018.23	31951.24	26889.08	28921.22	15862.51	32792.93	11096.77	13899.86	15796.19	27083.91	33667.79	23831.43	22500.26	26971.83	19942.36	25903.71	16321.65	17033.22	20698.56	2688.12	6872.86	35517.04	8754.12	11338.85	10935.28	15675.88	28897.29	22627.47	26587.32	35451.59	15728.2	18074.6	37233.19	15457.04	23853.69	23808.28	35225.86	19142.4	19412.22	19724.5	25945.8	16844.47	27581.48	11352.64	21115.29	41347.09	6816	16623	26661.49	19982
ko00633	9043.77	13156.21	9464	9540.33	5648.36	7854.72	3128.36	4141.17	5818.1	9302.52	7414.89	6228.99	6654.15	10675.09	9598.96	8376.68	4528.64	6371.16	6007.3	1008.82	2105.46	9666.72	3000.82	3239.3	4083.66	4950.68	9574.35	7409	8922.16	14007.6	4787.16	6397.01	9760.66	4467.67	7522.68	8438.03	8504.34	7318.69	5854.18	6837.16	7512.32	5119.69	9200.8	4147.04	6874.01	16709.31	3770	6329.5	10253.15	6204
ko00630	58029.56	72558.82	59496.68	73924.1	35720.52	64373.94	26440.87	31461.4	37634.8	60910.67	66502.84	53472.69	46574.22	64702.14	48464.22	53117.69	32279.77	39658.28	50531.03	5364.24	15892.72	77371.09	19158.24	23696.18	25577.2	37741.76	59083.4	52182.95	61992.49	82968.52	33262.7	43002.86	73785.88	34768.6	49144.27	57587.86	77617.46	44876.12	41124.82	47202.98	52269.12	38076.77	63243.23	26536.28	45733.61	103261.08	17196.5	38703	64897.64	44441.5
ko00363	4022.05	3639.83	2099.42	1633.58	1318.75	4745.72	737.84	1706.67	1303.78	3305.27	3756.39	1940.42	2702.32	2258.35	1463	3491.16	2170.22	1290.06	1179.58	438.5	554.5	3271.5	562.5	1113.16	935.16	1132.5	3742.89	2019	2475.01	2800.51	1588.91	1291.58	4681.08	1294.66	2323.49	1191.18	1944.5	1259.33	1546.99	1486.85	2734.82	1307.24	2484.55	678	1848.75	2263.34	403	1064	1534.42	1933.5
ko00364	3747.18	4371.49	3549.34	3610.15	2122.34	4645.58	1639.7	2021.35	2377.75	4041.59	4799.93	3474.52	3099.98	3911.73	2338.99	3797.33	2221	2477.03	2618.16	328.83	1022.99	4619.14	1459.33	1814.46	1385.3	2246.67	3687.52	3665.66	4040.87	4526.18	2229.8	2488.32	5000.14	2548.15	3120.18	2959.34	5731.69	2320.99	2677.02	3152.68	3172.34	2619.63	3820.01	1748.01	3306.18	5669.53	628.5	2212	3200.5	2564
ko05130	25	0	130	24	31	82	16	11	5	10	191	48	99	20	11	95	64	7	3	26	0	18	29	30	11	0	72	37	21	41	62	0	135	0	122	42	35	29	65	0	38	0	10	0	61	3	0	0	22	46
ko04115	1902.31	2769.38	1899.08	4088	1358.63	2168.94	664.19	1169	1350.37	2332.72	1958.44	2181.31	1482.85	2585.89	2237.43	2035.86	939.62	2051.31	5091.62	170.31	1033.93	2966.31	818.81	773.62	783	1886.19	1588.19	1794.5	2996.12	2911.31	734.5	1566.19	2656.33	889.38	1191.19	4096.88	3691.69	1546.88	978.19	2833.81	2048.48	1695.57	2474.28	1615.07	1759.69	7887.12	425	2175.5	4526.12	1606
ko00121	57.5	225	0	6.5	16	135	26	12	17.5	13	0	0	10	30	23.5	17.5	14	10	6	4	0	25	6.5	3	5.5	18	11.5	5.5	53	74.5	4	10	13	5	19.5	36	10	36	9	6.5	4	21.5	52	2	22	37.5	0	0	40	20
ko04914	2204.72	3718.84	2047.75	3758.08	1650.09	2342.86	1186.51	1147.17	1639.47	2370.84	2289.53	2280.92	1297.49	2816.38	1953.99	1452.17	940.83	1472.17	2131.41	116.83	824.99	2966.25	897.83	1016.32	855.16	1620.67	1852.84	2292.33	2681.67	2947.17	1123.91	1635.25	2435.91	1503	1660.67	2488.34	3807.67	1962.17	1970.84	1994.5	2672	1681.25	2604.98	1274.01	1878.42	4456.83	594.5	1657	2782.41	1684
ko00430	12225.37	15366.53	11072.25	16333.82	7317.95	13032.94	5459.71	5481.68	7433.21	11366.36	13407.12	11619.51	8491.97	12717.86	8590.95	9920.18	5937.2	6854.73	10407.46	796.15	3150.95	14220.94	3677.15	4465.44	4265.14	7030.85	10680.75	10437.82	11951.51	14673.27	6145.14	7526.17	14386.64	7309.17	9824.68	10435.87	13621.35	8476.02	8676.36	8141.5	11832.66	7720.01	11548.42	4859.05	8462.35	17357.98	2718	7353.5	10927.3	8505.5
ko02010	183393.21	267819.71	182694.65	290085.42	126705.53	207689.9	77235.18	89245.33	124397.46	194713.04	207000.23	190781.09	137033.32	223147.54	157099.08	160270.9	100774.31	117338.96	196007.39	17314.86	59526.58	220418.23	63806.36	69535.56	73510.34	116765.14	189849.41	174350.85	205501.07	257413.67	95086.59	131104.56	229739.99	115307.38	152924.24	177413.36	212769.48	144616.45	126074.89	150909.27	172594.71	128910.3	199485.14	86734.42	146282.56	315388.9	51589.5	135758	200199.03	133739.5
ko00130	24808.4	42517.43	27904.25	42597.8	19365.19	30017.82	13993.48	13761.2	20754.96	30790.26	33192.52	30064.18	20322.05	34893.22	24184.34	22410.02	15480.46	19482.38	25438.89	2347.28	10669.84	35370.71	11223.28	11784.66	11192.1	19778.72	28267.62	30138.3	33819.02	36988.76	15816.6	21176.52	34150.1	20896.82	21769.72	29238.94	40421.7	23662.24	21883.92	24563.98	26790.98	22013.2	31664.94	15078.66	23921.71	52188.25	7412	22093.5	31967.42	20183
ko04330	9	0	0	0	0	0	0	0	0	0	0	3.67	5.33	5	0	0	1.67	3	4	0	0	4.33	0	0	0	0	0	3.33	2.5	4	0	0	0	0	4.33	4	10.66	6	10	0	0	0	0	0	2.33	4.66	0	0	3.33	0
ko03050	969	629	1119	340	177	1134	294	387	405	879	1811	527	1011	399	618	888	1149	609	242	264	174	678	93	423	621	462	1425	612	651	1494	891	537	1727	666	1114.5	249	186	381	721.5	390	892	537	1140	264	723	532.5	450	246	285	633
ko00361	5553.35	5830.32	4745.84	4411.73	2867.84	6702.58	1826.55	2764.02	2878.75	5244	6515.1	4304.61	4443.14	5009.06	3041.49	5584.16	3154.39	2991.59	3414.66	533.83	1227.49	6723.3	1864.33	2514.12	1891.96	2753.17	5811.91	4456.49	4956.05	5942.6	3089.21	3058.9	7389.55	2976.63	4415.18	3619.84	7890.19	2857.82	3059.69	3913.85	4013.01	3187.86	5082.92	2039.51	4477.93	7092.2	793.5	2688	4458.26	3550
ko00040	27466.15	29336.34	25288.72	26008.22	14754.11	26469.46	11644.57	11974.03	15102.36	23524.92	30179.99	24220.64	19484.87	25180.14	16749.96	21407.86	13885.28	14229.98	16492.46	1767.82	5573.96	30455.19	7592.32	9329.58	9246.44	14653.68	23632.81	21105.46	23601.39	31143.11	13214.69	16597.4	33299.16	16548.31	22299.67	18718.36	32961.48	17326.33	18913.21	14778.85	28148.38	15229.87	24322.96	9563.04	19558.08	29822.31	6163	13055.5	18198.71	17433
ko00730	24768.86	35413.38	25661.78	30552.38	14871.31	24936.85	11965.44	12342.54	16638.62	25785.68	27852.89	25218.78	18499.6	27906.21	19686.41	20866.96	12570.83	15178.75	19680.91	1806.97	7278.91	29534.88	8115.47	9078.03	9854.92	15338.53	22027.6	23506.31	26544.05	34982.56	12538.5	17957.41	29626.87	16115.49	21218.38	22578.56	31665.39	18541.52	17077.07	18097.51	25118.81	16729.06	25023.83	11006.59	17538.79	38868.84	8262	16874	24545.87	17316
ko00362	28615.19	27096.39	26403.61	31307.2	15248.19	36039.18	9293.94	13839.05	14149.1	25949.74	35177.23	22842.6	24486.83	25785.6	19994.84	28608.17	18016.62	18541.42	23538.21	3421.28	6371.84	34366.25	7106.78	11557.96	11607.4	15947.72	33719.31	21012.48	25265.33	36148.29	16515.65	18608.42	40751.26	14660.1	23991.42	22716.77	30464.26	18373.39	17271.94	20054.16	22074.14	14489.39	28567.06	10005.16	20359.49	41753.66	6365	14908	26619.46	19666.5
ko01040	22522.26	24258	20702.59	23602.88	11044.45	24099.74	8754.91	10863.87	12449.91	21384.38	26922.11	18834.64	17224.75	20752.61	14640.45	18760.49	13032.49	12046.21	14652.38	2233.15	5133.45	26680.94	6655.15	9062.56	8467.76	11693.85	21757.04	17995.63	20627.9	26959.2	12626.51	13717.73	27881.85	11892.65	17768.01	15800.04	30115.51	13061.83	14157.88	14153.36	19078.84	12333.37	21105.14	8148.05	15893.43	28459.5	5335	12089.5	18015.37	14221.5
ko00603	3546	2733	2444.33	2533.5	1718	3083.86	1646	1260	1438.64	2412.43	3546.36	2577.5	1820.83	2309.39	1545	1893.67	1548	1166.5	807.75	54	518.5	4289	745	1137	1011	1463.5	2410.5	2169	2105	2675	1845	1572.5	3786.33	2089	2549.5	2046	7680	2503.5	3026	964	4273.67	1824	2557.57	853	2252	1782	514	1210	1275	2107.5
ko03018	44340.82	63964.08	43071.18	60099.77	28254.6	46978.93	22932.83	22996.06	31203.52	46569.26	50260.49	46656.24	31826.33	51202.9	36913.35	34748.83	23511.54	29078.65	38092.7	3348.95	13920.35	56701.78	16222.45	19115.61	18361.38	29900.05	42542.86	44252.44	50001.92	60474.63	25212.05	33678.82	53187.39	30548.65	36528.88	42628.77	63823.39	36371.54	34619.44	35343.68	44358.83	31258.14	48806.33	21884.15	35931.39	75936.3	13088	30725.5	46764.56	32172.5
ko00281	15928.27	13348.03	12997.78	15941.04	8206.15	20909.64	5279.57	8119.87	7502.16	14481.16	20815.51	12725.1	13833.34	13772.41	10980.4	15742.84	10889.6	10365.7	12293.35	2029.3	3176.9	20817	4126.3	6775.02	6357.26	8514.7	19803.07	11446.16	14622.35	19586.25	9827.35	10074.24	23124.7	7265.73	12418.39	12686.24	20763.42	9360.03	9736.23	11470.01	12093.64	7216.27	16497.52	5580.6	11753.15	24370.2	2954.5	8210	15389.51	10572.5
ko00280	65568.99	65653.38	61041.39	69629.03	35626.34	79568.2	26397.9	32582.13	35423.38	59924.92	82627.33	55410.42	54355.76	61775.06	47614.24	60971.79	41252.75	41548.06	46266.72	7095.08	14267.24	80856.68	19029.08	27798.06	26142.24	37946.92	71758.11	51875.63	60979.28	84285.69	39588.58	43981.95	89554.79	35985.47	55851.67	52078.85	79483.92	43504.71	46111.54	44355.22	57849.65	34380.81	67511.72	24470.26	49962.51	93832.64	15395.5	34750	57053.14	47550.5
ko03013	5195.56	7977.51	5492.08	7479.08	4015.09	5295.72	2909.69	2480.17	3880.61	5777.77	6208.39	5992.59	3488.14	6473.76	4241.49	4140.5	2655.94	3052.61	4194.16	336.33	2033.49	6206.58	1968.33	2083.32	2116.16	3399.17	5254.28	5664.66	6238.68	7354.42	2811.91	3864.75	6280.24	4140.81	4747	5184.34	6419.83	4710.67	4495.84	3964.5	5922.17	4256.57	5586.55	2578.51	4310.75	8016.49	1590.5	4364	5114.42	4110.5
ko04626	12425.21	16715.2	11944.09	18852.82	8017.45	13049.76	5326.04	6532.18	8071.89	12528.02	12828.94	11423.51	8853.8	14666.86	10091.95	10156.83	5911.36	7867.89	12203.96	954.15	3435.95	17139.28	4386.15	5389.44	5101.14	7802.85	11681.91	11340.32	12898.17	17349.52	6751.14	8433.17	14329.98	6857.68	9440.35	11927.2	22247.19	8968.52	8673.53	9854.83	11028.99	7785.68	12967.76	5895.05	9640.02	22302.65	3512.5	7885.5	13711.13	9663
ko05200	7331.37	10054.06	7045.58	11688.41	4901.81	7949.66	3377.21	3911.84	4987.31	7849.15	8012	7639.07	5201.33	8781.82	6609.41	6195.53	3667.17	5655.37	9671.27	557.97	2746.41	9926.14	2772.97	3193.76	2925.82	5650.03	6577.59	7147.49	8991.46	10215.4	3704.57	5473.44	8937.4	4490.88	5483.86	9346.06	11646.69	5942.72	5474.37	7266.31	7991.48	5489.32	8591.49	4326.09	6247.61	17525.94	1870	5713	10285.52	5597
ko00312	438.64	155.5	202.5	354	58	467.36	84.5	233.5	56.14	226.93	256.86	262	255	134.14	85	334	188.5	47	343	21	7.5	753.78	87.5	206.5	113.5	21	231	84.5	89.5	211.51	293	67	484	59.5	294	98	1572.5	93	114.5	52	97.5	65	167.07	17	132	120	41	38	189	362.5
ko05020	206	532.17	425.92	432.83	306.59	988	198.34	381.67	180.83	659.66	826.67	463.5	528.5	542.83	397.49	559.83	458.38	357.89	536.66	49.33	134.49	923.49	188.83	353.82	245.16	238.67	485.56	317	506	799.5	380.16	350	787.83	190.84	463.34	596.34	685.67	376.67	460.34	514	559.83	353.67	678.66	241.01	451.67	1070	42.5	392	626.66	389
ko05143	990.17	952.83	975.5	783.83	342.5	1300.36	551.34	534.67	542.14	1003.59	1756.53	867.67	1016.33	736.47	653.5	1084.5	898.5	582.84	299.5	186	186.5	1063.33	277	567.16	439.16	573	1299.67	682.5	885.34	1238.67	860.66	690.33	1901.66	607.33	1003.67	516	784.84	396.33	843.67	550.67	911.17	486.49	1095.23	259	700.67	757.01	149.5	474	657.67	1042
ko00523	15953.08	21739.38	16118.06	18464.66	10124.79	15789.38	8383.38	7744.84	11292.1	15972.26	17054.22	15925.17	11523.11	18184.92	12788.94	13082.21	7889.31	9761.66	11327.28	1034.98	4752.44	19921.18	5515.98	6153.28	6325.82	10385.52	14623.86	15353.15	17160.99	22313.09	8503.32	11793.18	18560.13	10729.17	13119.01	14681.04	21305.66	12836.2	11951.86	10785.32	16048.01	10825.36	15587.38	7013.06	11816.84	24388.61	5161	10402	14755.13	11236.5
ko00520	89723.61	115605.79	85567.19	100288.98	54139.16	87128.35	43931.97	41471.6	58050.57	87006.89	97146.45	89474.88	61142.51	94910.68	66004.76	68172.85	44404.36	52049.7	65972.13	6534.92	25463.26	102886.3	27844.92	32421.47	34302.8	53930.58	81502.93	80802.56	90391.51	113744.64	46900.72	62898.56	103141.57	59944.57	72926.72	75732.18	117869.88	69134.56	67619.16	60277.04	86670.98	59218.33	86919.54	36857.24	63258.65	124807.92	25252	56936.5	78000.94	62087
ko00521	29519.15	38153.72	28875.9	31581.06	17931.97	29696.57	14895.25	14319.02	19905.57	28913.16	32167.59	28648.78	21329.22	31838.94	22373.42	23876.38	15056.2	17368.9	19409.85	2066.14	8193.92	35902.71	9659.64	11159.07	11626.46	18278.86	28013.27	27638.8	30470.69	39255.37	15948.38	21026.42	34652.69	19532.15	24055.01	25299.39	40172.98	22674.2	21905.71	19405.33	29450.01	19298.25	28574.09	12410.58	21752.09	42233.6	8633.5	18113.5	25436.2	20650
ko05146	1192.06	1366.82	1182.76	806.57	845.25	1671	627.85	640.68	833	1309.89	1905.18	1238.43	1108.49	1411.98	832.5	1201.82	684.22	617.08	391.5	120	343	1762.91	607	728.64	529.64	727	1274.4	1224.5	1350.53	1944.6	816.39	853.57	1705.4	863.16	1196.51	789.67	2446.36	802.32	1074.01	844.35	1044.5	817.22	1419.89	515.5	1166.43	1382.04	204	765.5	888.42	720
ko05145	1902.31	2769.38	1899.08	4144	1358.63	2168.94	719.19	1169	1359.37	2364.72	2058.44	2247.31	1482.85	2585.89	2263.43	2035.86	953.62	2064.31	5091.62	170.31	1033.93	2966.31	823.81	782.62	787	1895.19	1588.19	1817.5	3058.12	2912.31	737.5	1645.19	2656.33	889.38	1195.19	4132.88	3691.69	1546.88	992.19	2865.81	2052.48	1721.07	2499.28	1619.07	1759.69	7926.12	425	2229.5	4562.12	1610
ko00052	35098.17	39158.68	31396.68	33095.71	19878.7	33086.85	17064.92	15700.37	20823.3	31206.6	36962.72	34260.32	22466.71	33149.73	23146.45	25059.67	16640.12	18551.83	22052.12	2084.65	8736.45	39474.86	9534.15	11945.39	12785.76	19490.85	29806.33	29202.62	31764.42	40929.54	17896.18	22770.56	39567.77	23327.79	28217.83	25916.21	51354.97	26406.33	26394.71	19905.03	34490.5	22008.44	31454.75	12520.55	23013.08	39447.64	8800	18970.5	24199.87	22942
ko00053	12045.73	12477	11231.67	11893.9	6795.18	13508.88	4540.37	5679.35	6834.78	10889.99	13568.23	10402.78	9171.29	11544.51	7781.48	10779.99	6098.72	6021.24	8132.9	838.16	2342.98	15005.39	3546.16	4718.62	4260.3	6096.84	11068.07	9186.98	10369.7	15299.74	6014.55	6925.24	15091.72	6252.32	9697.17	8398.18	16630.82	7377.33	7420.19	6682.51	10606.84	6431.39	10807.11	4142.52	8360.58	14051.49	2796	5611.5	8874.73	8513
ko00051	38492.31	51022.05	37692.74	42397.72	23594.97	38421.9	19395.94	17672.03	25005.24	36726.14	43405.43	39092.47	27469.33	40252.73	27821.42	30377.18	19465.87	21756.74	27274.84	3052.14	10692.42	42795.16	11735.14	13625.72	14432.44	23232.36	36165.43	34307.45	37560.06	48504.24	20355.19	27430.08	46189.43	26401.45	32898.33	31322.23	43982.12	29794.19	29912.38	25002.68	38794.17	25960.47	36908.24	15232.08	27129.24	49495.92	10613	24285.5	31848.03	27328.5
ko00401	12462.49	15966.86	13260.41	15632.24	7710.11	12540.44	5945.2	6485.01	8496.38	12974.95	13848.95	11428.43	9582.46	13852.53	10443.96	10706.51	6376.65	8144.5	10041.29	944.32	3227.96	16266.83	4421.82	5173.62	5384.48	8062.18	11500.85	11551.65	12935.67	17420.76	7044.23	9353.92	14825.89	7682.84	10862.17	11862.53	16709	9750.85	9258.52	9525.5	12138.5	8403.76	13212.01	5932.04	10112.09	21233.97	4253	8127.5	13161.55	8994
ko00400	70741.44	93222.48	72756.81	88970.19	44000.98	70724.42	35096.89	36265.06	48406.84	71176.59	77860.48	69147.81	52714.78	78664.05	58454.28	58834.53	36557.16	45315.78	57052.95	5469.26	19361.78	89388.62	24510.26	28466.9	29823.38	45714.24	65740.2	66933.76	74236.72	97805.82	39535.63	52905.43	83300.94	45756.81	60156.72	65543.82	97653.88	55058.92	52010.96	52570.66	67331.17	47082.26	73160.67	32654.72	54350.81	114713.72	23500.5	46638.5	70101.12	49485
ko04020	2	463	25	246	160	111	85.67	12	207	265	133.5	239	20.66	290.16	63	2	17.5	20	86.5	3	200.5	39	100.5	0	14	90	182.5	350.5	334.17	34	14	78	23	279.66	18.5	51.5	66	139	29	142.5	125	300.33	107	115	79	82	3	272.5	36.67	33
ko00350	24072.71	29731.36	24492.26	30905.21	14647.31	28846.96	9635.93	12192.54	14567.01	24102.4	30075.5	21537.8	19739.76	25117.21	17403.91	22352.01	14330.64	14896.21	19501.51	2096.47	6274.41	31276.21	7828.47	10441.86	9582.92	14002.03	24565.73	20950.96	24040.88	31773.2	13982.67	16218.74	31962.93	14599.84	21534.69	19714.4	32359.21	16788.02	17017.23	17414.85	22731.16	15138.65	24759.94	10009.09	19270.62	35607.32	5918.5	14476.5	22905.01	17662
ko00480	33843.53	43015.37	30652.04	49684	21238.44	40825.22	15412.69	18150.75	22782.06	37007.36	40542.47	34152.64	25108.05	39025.27	26478.34	28080.5	19466.8	22348.66	33533.38	2650.28	10697.84	49947.23	12502.28	15695.56	14057	21925.22	33780.85	32894.64	38032.61	45078.89	20149.25	24010.22	41694.79	21403.17	26064.43	31545.12	66854.32	25648.19	24596.79	29115.71	30921.31	24258.69	39556.64	17272.16	28028.52	59430.25	7914	23884	35532.17	25909.5
ko00643	8979.14	6576.01	6929.91	6358.66	3913.43	9803.39	2700.18	3986.67	3888.27	7005.02	9942.56	6255	7015.48	6754.35	4873.98	8587.35	5360.54	4750.22	4886.07	1088.66	1600.98	9011.33	2273.66	3195.31	2829.16	4046.34	9801.9	5785.5	6906	9044	4595.33	4547	11590.15	4022.34	7120.17	5218.02	9502.84	4273.51	5034.67	5365.17	7074.5	3693.34	7217.63	2779.02	5807.01	10280.83	1147	3643.5	6227.99	5316.5
ko00642	3754.13	3739.86	4012.59	6460.91	2049.45	5312.22	1408.19	2001.84	2009.93	3543.43	4914.56	3454.08	3738.67	3758.52	3064.95	4098.34	2651.36	2924.55	4583.05	572.65	1104.45	4863.56	1147.15	1662.62	1632.82	2314.35	4769.91	3038.16	3703.98	5329.91	2499.57	2681.76	6001.91	1968.2	3373.35	3823.2	4588.01	2573.36	2499.19	3103.99	3069.15	2009.12	4003.71	1635.55	2757.93	7212.97	901	2409	4254.71	3051.5
ko00640	70892.74	79856.95	66880.3	77545.22	38749.77	75850.92	29814.92	34645.28	40750.32	66111.9	80445.2	60731.24	54699.73	69556.4	52316.22	61496.47	39483.04	43857.14	52267.62	6570.24	16219.22	85066.67	20801.24	27674.92	28385.94	41054.76	69294.88	56626.28	66433.75	92130.31	39574.94	47925.98	86813.74	39066.93	58545.31	58172.53	87178.02	48153.74	47655.03	48244.53	60435.46	39387.09	69100.98	27529.28	50957.64	105392.2	19736.5	40694	65459.14	48388
ko00720	100635.77	129416.2	100412.2	120006.38	61241.22	103133.22	48148.8	50555.62	65783.17	100793.37	111800.84	92629.41	75244.97	111236.86	84493.67	84361.15	53025.34	65026.29	72426.53	8594.39	26225.17	126244.17	32907.39	40377.04	42949.26	63670.61	97010.89	90367.6	103435.09	140046.51	57627.76	75062.49	121643.46	62177.08	85263.65	91895.4	131331.01	80209.1	75125.05	72642.19	93692.13	63618.52	105008.65	43533.83	76895.81	161782.82	32226.5	64583.5	100030.95	72149
ko00960	11503.11	14391.18	11641.25	13073.32	6915.27	12830.08	5336.37	5988.18	7506.91	12161.43	13716.76	9970.35	9141.46	12184.47	9023.97	10074	6647.82	7177.01	7934.05	1005.99	2908.47	15428.24	3832.99	4913.62	4953.64	7096.01	11749.35	10231.82	11571.02	15722.93	6901.64	8214.83	14643.64	7076.66	10158.51	9842.02	16453.67	8645.84	8519.69	8276.67	11096.67	7483.99	12164.35	5017.03	9133.84	17593.99	3445.5	7020	11003.98	8364
ko02020	146199.85	192464.9	153985.88	246524.04	97261.56	167964.42	64763.52	79784.12	98234.05	153807.05	171260.04	143026.65	112714.94	176707.69	128521.91	129401.27	76778.62	98711.17	170238.73	14380.47	44873.41	209830	54526.47	65753.36	65865.26	93827.03	146629.95	135677.78	164907.06	218777.42	86531.1	105992.07	193814.3	83337.15	125335.56	163790.93	250909.47	111479.44	100690.28	126493.46	119856.68	98823.14	159110.13	72721.59	115888.09	291525.02	45569	108699	182348.59	116238.5
ko00120	401.17	476.33	171.67	56.83	69	683.86	69.67	146.67	111.64	349.09	546.53	189.67	333	220.47	187.5	393.83	365	216.34	139	79	33	244.33	44.5	157.66	116.16	156	487.17	170.5	251.34	389.17	240.66	157.33	645.33	143	259.67	193	293.34	120.33	232.17	192.17	319	95.16	385.23	42	276.67	256.51	25	36	159	394
ko00965	428.67	557.33	734.67	146.33	267	573	322.67	250.67	293	505.66	700.67	449.67	497	498.33	278	483.33	296	326.34	96	39	52	622.33	155	181.66	215.66	277	430.67	379	492.34	903.92	258.66	389.33	588.33	306	537.67	317	469.34	363.33	506.67	296.67	533	260.66	458.66	140	378.67	578.51	154	223	411	283
ko03008	5136.38	6985.02	4970.75	7589.58	3165.27	5673.22	2486.02	2901.17	3615.77	5740.27	5990.89	5364.08	3996.82	5912.01	4355.97	4194.84	3186.37	3736.05	5327.56	496.99	1702.97	7290.24	1954.99	2396.64	2327.66	3585.01	5422.9	5136.33	5930.16	7189.83	3230.41	4043.59	6378.91	3430.34	4174.34	5162.19	9361.51	4111.35	3868.01	4639.33	4843.49	3656.6	6017.55	2726.03	4288.26	9940.65	1599.5	3715	6097.4	3821.5
ko00290	62751.18	76490.96	61179.66	72726.78	37567.8	61999.06	28876.02	31533.72	40837.54	60310.09	66435.78	59434.72	45958.33	67332.86	49170.3	52032.52	32265.12	39279.06	47889.57	4923.6	16749.8	76440.02	20719.6	23741.26	25479.06	39066.9	59442.14	57362.1	63906.54	83343.5	33579.06	44675.68	72849.22	39444.5	52009.22	55243.8	84716.54	47107.08	44702.12	45236.32	60122.16	39756.86	63047.03	27921.7	47075.22	97313.56	19383.5	39104.5	58828.2	43364
ko04614	325.34	259.16	263.67	244.66	117.5	788.5	264.84	202.84	195	536.32	980.34	428.01	357.66	274.66	352	406.33	465.17	228.68	100	86	72.5	589.99	131.5	316.82	187.82	193	667.34	303.83	516.68	454.84	450.32	442.66	1031.99	187.5	470.17	258	492.84	269.66	443.84	310.34	463.17	242.32	675.82	63	393.67	384.68	38	272	278.33	332.5
ko03410	39394.17	45656.55	38749.17	44789.78	22206.24	42769.32	17930.11	19650.38	23858.81	38117.98	47900.2	37452.22	30424.55	38750.83	28925.39	33345.51	22549.05	23596.81	29518.48	3590.63	9988.39	49487.49	12693.13	16211.66	15884.74	23776.87	39380.01	34679.63	38826.22	51127.05	23135.08	27658.65	51452.82	23960.52	33601.03	32460.59	54198.21	28312.86	28494.4	26917.86	38693.83	23784.4	40258.66	16247.11	30213.88	56192.16	11012.5	22724.5	34429.75	28432
ko05010	9110.09	11949.76	9451.33	16270.58	6093.58	10293.24	3902.55	5598.17	6322.72	10024.78	10039.91	9373.05	7255.84	10891.82	8604.38	8512.37	5035.03	7661.74	14260.5	793.46	3143.38	14011.47	3820.46	4340.08	4275.66	7213.04	9191.15	8985.83	11254.43	13836.22	5250.41	7112.62	11443.74	5187.07	7250.54	12305.08	17166.7	7362.41	5928.71	9832.13	7997.8	6560.69	11089.04	5918.12	8366.62	24892.92	2743	7175	14834.84	7167.5
ko05012	5017.32	6359.91	5168.33	10698.75	3443.4	6080.38	1948.7	3555	3564.42	5900.19	5441.88	5193.55	4199.68	6249.19	5241.9	5211.37	2904.6	5013.3	10422.85	496.8	1901.9	8906.63	2438.3	2764.6	2585	4471.2	5381.2	5126.5	6863.6	8119.55	3031.75	3986.45	6365.08	2445.9	3722.7	8258.4	11761.36	4015.4	2887.7	6717.8	3791.47	3750.85	6776.31	3997.6	5125.28	17666.43	1394.5	4301	10154.85	4131.5
ko00980	9152.04	11095.3	7469.63	13976.37	5220.43	12753.68	3656.75	5123.88	5477.98	10469.08	11078.06	8154.63	6860.97	9547.49	6108.48	8340.96	5267.66	4956.42	7966.07	671.16	2448.98	15216.37	3270.16	4453.56	3506.24	4697.84	9359.72	8476.16	9603.94	11305.71	5366.99	5984.21	10851.37	4771.79	6260.88	7254.68	24623.76	5902.8	4970.22	7423.04	6529.66	6386.48	10148.9	4041.52	7043.8	13519.45	1442	6220	8243.76	7293.5
ko00410	24958.32	28038.53	21695.04	30842.19	13968.58	29896.82	10137.79	12482.56	13882.14	23789.79	29891.88	21246.46	19517.8	24018.26	17707.38	22140.14	14990.37	15730.34	19830.24	2438.96	6286.38	29333.02	7081.96	10107.8	9551.38	14336.04	26691.86	20338.31	24086.23	31598.96	14119.13	16859.23	32176.17	14192.2	20050.07	20736.42	28878.44	17039.02	16815.76	17769.86	20729.14	13743.06	25076.97	9606.62	17881.49	37184.55	6084.5	14591.5	23424.17	17324.5
ko00983	19786.14	21816.34	18251.58	20218.89	10712.11	20595.74	9473.55	9043.36	11277.58	17569.9	23156.6	18818.61	13990.44	18395.29	12998.46	15215.16	10609.36	10826.08	12798.71	1563.82	4736.96	23124.52	5398.82	7456.92	7352.28	11415.68	18002.08	15588.82	17673.7	24814.54	11130.53	13053.07	25152.36	12323.51	16968.19	14667.03	25926.2	14182	15577.37	11347.85	19874.68	11513.56	18683.16	6793.54	13340.94	22812.19	5041	10509.5	14782.72	14424.5
ko05150	881.55	553.83	547.17	260.83	361	705.5	152.34	316.67	107	179.66	752.67	924.67	477	394.58	173	538.14	207.54	50.38	1308.25	44	16	1053.33	79	169.66	177.16	64	414.71	185	307.34	424.67	282.66	150.83	866.83	130.83	644.67	142	1551.84	213.33	292.17	112.67	426.5	147.99	329.66	22	278.67	120.51	68	148	177.67	192.5
ko00791	1382.83	3486.68	1641.75	2503.66	1657.77	2468.58	931.36	521.34	1778.41	2460.11	2340.92	2623.33	1094.8	2991.73	2027.97	1333.01	950.48	1450.67	2597.48	125.99	1391.97	1770.63	1089.99	808.3	623.32	1698.51	2262.35	2652	3137.67	2346.83	820.82	1676.17	2030.82	1706.5	1212.35	2819.02	1366.65	1763.18	1245.85	2749.33	1888.33	2482.84	2590.03	1601.03	2109.83	5302.48	415	2527.5	3005.99	1452.5
ko00790	28560.35	36288.9	27163.5	34178.8	17777.74	30751.04	14318.61	14599.7	19393.59	28121.62	33464.24	28034.03	20756.22	31112.27	22378.89	22710.5	15372.38	17778.45	22428.49	2360.63	8439.89	36402.54	9863.13	12212.86	11788.1	18669.87	27713.99	26709.3	30245.53	37450.52	16598.6	20540.67	35509.35	18955.83	24232.87	26859.24	40556.35	22747.54	22443.57	21073.83	27704.83	19105.42	30336.08	13151.61	22242.86	45853.95	7910.5	18236.5	28279.6	21163
ko00020	77689.68	98628.66	78111.59	94183.5	47930.07	82047.42	38141.54	39565.75	50970.17	77577.71	87914.67	72924.34	58476.29	85575.87	66030.27	64914.16	41881.99	50822.15	55761.28	6743.09	20016.77	99169.25	25665.09	32477.68	33317.5	49702.91	76593.72	70207.75	79570.23	108374.09	45579.75	57824.41	96840.09	48869.39	66733.57	71054.16	107144.91	63814.57	60473.82	55768.18	74108.66	49605.6	83319.29	34195.23	60686.16	123613.93	24214	47908	75199.56	56561.5
ko00710	48646.64	66183.6	47854.23	58186.54	29910.35	47813.82	23084.49	24084.21	32068.63	48185.49	51120.03	47336.12	34007.5	52542.94	36817.85	38655.2	24217.53	28598.79	37071.11	3479.95	14415.85	58722.44	16448.95	18631.98	18914.58	30527.05	44766.18	45105.79	49942.55	63850.52	25491.83	34199.59	56239.31	31648.64	39273.21	42315.44	64022.39	37247.39	35393.92	34263	47198.34	32400.25	48500.17	21677.15	36539.47	73702.78	15042	31496.5	45777.67	33781
ko00196	146	7075	686	5051	2743	2442.5	1141.05	0	3079	3986	1849	3650	164.95	4854.95	945.5	28	1313	376	827	42	3378	72	1639	0	160	1373	2474	4867	4448.72	304	340	1051	149	3743.23	105	1184	0	2151	1546	2603.5	2897.5	4505.95	2356	2030	1595	1512	48	4609	482.05	648
ko02060	9236.33	8673.35	10458.26	17086.74	5015.61	8623.58	3601.36	4882.01	4717.24	7369.02	10326.09	16596.76	7262.33	9293.99	6448.96	7488.33	3658.26	4305.28	20226.55	888.32	1777.96	11096.07	2596.82	2835.62	3338.48	4154.68	7154.13	6606.32	7635.33	11958.06	4480.73	5607.42	12075.49	4003.52	8688.01	7552.86	10250.84	5886.35	5300.19	5394.33	6857.82	4804.85	7718.94	2907.04	5250.26	13357.81	3202.5	5167.5	9670.88	5865.5
ko00340	47360.44	56869.39	47320.84	55817.28	28287.08	51927.56	23228.81	24283.72	30187.9	47056.09	55770.28	43930.55	36205.7	49802.38	35380.88	40376.14	26206.75	29078.36	33005.13	3802.46	12167.88	60763.1	15600.46	19898.98	19456.56	29344.54	47195.22	42740.63	47636.91	64954.98	27403.56	33566.82	59489.4	30344.98	40900.72	40331.25	66877.74	35482.36	35636.59	32574.35	44775.17	30243.13	48419.03	20020.62	36170.89	68759.84	13508	28178	42270.6	35004.5
ko00785	8470.88	11114.34	8203.25	9880.41	5225.43	8058.22	3977.36	3908.84	5589.44	8340.93	9065.56	7963.93	5701.3	9258.17	6358.98	6234.83	4220.66	4925.5	5550.57	597.66	2546.48	10626.9	2718.66	3142.14	3340.32	5096.34	7664.84	7806.82	8563.68	10633.92	4494.57	5811.75	9536.57	5584.82	7105.5	7088.68	13868.16	6768.34	6611.68	5702	8692.5	5863.91	8652.71	3702.02	6310.75	11915.98	2656	5304	7063.57	5636.5
ko00550	60925.66	80918.79	61701.25	75042.36	37913.21	63805.53	30287.52	31941.06	40427.24	61826.23	68153.59	62896.93	45739.7	67184.87	48295.31	50980.82	32320.68	38765.01	51268.24	4831.27	17569.81	77244.23	21301.27	25231.09	25388.88	39245.23	59531.74	57968.48	64291.39	85104.68	34450.96	45703.59	72761.05	40169.33	51856.6	55135.13	86250.81	47943.4	45613.62	45450	57645.49	40052.01	63512.7	27912.19	46444.35	97953.51	19468	39706.5	59986	43965
ko00650	67233.6	74160.46	64446.71	78621.56	39852.52	75553.5	27208.23	34587.6	39396.24	65114.63	78038.6	58656.39	53386.09	68825.18	53186.72	60751.34	39111.93	43204.68	53445.44	6680.24	16392.22	84787.11	20513.24	27309.94	28895.8	40172.76	71862.94	56141.79	65426.39	90051.71	39380.64	47281.32	85508.42	38094.28	57534.96	57954.21	86189.7	48258.42	45589.67	49056.03	57356.28	39278.12	70602.63	27616.28	50636.82	106358.03	19092	40687	65755.64	49114.5
ko05220	9	0	0	0	0	0	0	0	0	0	0	3.67	5.33	5	0	0	1.67	3	4	0	0	4.33	0	0	0	0	0	3.33	2.5	4	0	0	0	0	4.33	4	10.66	6	10	0	0	0	0	0	2.33	4.66	0	0	3.33	0
ko02030	48476.37	62140.58	51770.49	100993.15	31705.19	49105.5	19549.75	25874.1	29157.53	47147.55	50625.1	43120.11	33590.56	58567.58	42516.59	41810.8	20307.67	31108.11	64244.89	4884.53	14534.09	63345.24	16869.53	19924.36	21119.3	28533.97	45828.95	42356.77	53200.62	71194.87	25929.05	33770.12	63757.04	23393.4	39547.16	59409.12	68515.21	34326.34	30646.39	41704.31	33907.71	29705.53	47553.05	22622.41	34574.59	101947.9	16208.5	36612.5	66310.26	37382.5
ko03320	20117	21064.84	16314.2	20176.29	10729.38	23000.6	8525.08	9755.71	11330.21	18441.88	23488.31	16976.53	14952.49	18260.09	14073.43	17677.14	11735.73	12237.33	13241.7	1992.81	4673.93	21991.96	5759.31	7758.2	7358.08	11424.19	21057.5	16646.99	18731.22	23841.95	11014.08	13589.98	25436.28	11352.52	15218.05	16236.22	21985.93	13405.67	13423.06	14302.86	17388.48	10737.47	19889.78	7683.07	13908.06	28380.4	4312.5	11390	17409.29	13371.5
ko04612	2204.72	3732.84	2047.75	3758.08	1650.09	2342.86	1186.51	1147.17	1642.47	2380.84	2289.53	2280.92	1297.49	2816.38	1953.99	1452.17	940.83	1472.17	2131.41	116.83	824.99	2966.25	897.83	1016.32	855.16	1620.67	1852.84	2292.33	2681.67	2947.17	1123.91	1635.25	2435.91	1503	1660.67	2488.34	3807.67	1962.17	1970.84	1994.5	2682	1681.25	2604.98	1274.01	1878.42	4456.83	594.5	1657	2782.41	1684
ko04621	2204.72	3718.84	2047.75	3758.08	1650.09	2342.86	1186.51	1147.17	1639.47	2370.84	2289.53	2280.92	1297.49	2816.38	1953.99	1452.17	940.83	1472.17	2131.41	116.83	824.99	2966.25	897.83	1016.32	855.16	1620.67	1852.84	2292.33	2681.67	2947.17	1123.91	1635.25	2435.91	1503	1665.67	2488.84	3807.67	1962.17	1974.34	1996	2672	1681.25	2604.98	1274.01	1878.42	4456.83	594.5	1657	2782.41	1684
ko04622	113	197	182	182	22	104	36	34	32	62	182	65	74	22	78	27	78	58	28	0	56	113	2	20	92	82	66	53	91	158	66	146	106	121	157	4	0	124	47	57	108	166	158	28	50	26	46	55	22	54
ko00910	53299.39	83254.04	52458.35	83957.77	36320.32	59131.64	25960.34	25553.23	36654.7	55167.11	62791.87	57005.63	37907.97	63061.41	46124.52	43013.59	28825.76	38015.82	62559.98	4469.34	19571.52	70839.14	19304.84	22680.72	21711.04	37839.16	50112.91	51347.44	61546.91	75150.64	30064.54	38979.43	69317.39	36741.6	44907.99	60340.16	75443.94	46039.59	43395.05	47075.41	54537.38	41711.57	59432.97	28233.48	43729.3	105302.72	14683	43144	65907.07	42137.5
ko04971	3.33	77.34	42	53	36.34	5	26.67	0	45.33	24	48	110.33	10.67	82	142.99	37.67	22.66	153.33	320.66	9.33	69.99	20.33	26.33	16.66	44	88.67	19.67	59	127.66	87.33	17	46.67	21	50.34	26.67	258.34	12.67	96.34	40.67	185.33	16.33	129.51	70	108.01	34.67	546.66	5	189	288.66	18
ko00460	20860	20473.17	18198.99	20494.73	11593.68	21786.29	9226.04	8966.85	12081.37	18191.86	24200.14	18155.44	14770.93	18934.33	12336.98	16870.68	11371.49	11134.52	11442.98	1542.66	4853.48	23414.48	6307.66	7604.95	6961.8	11413.34	18987.52	17131.49	18716.54	23007.27	10902.72	12457.57	25798.87	12901.98	17121.66	14526.7	27444.68	13692.33	14682.17	12308.53	21119.67	12044.05	18924.07	7659.02	14854.93	23216.35	3711.5	10296.5	13686.41	15046.5
ko04970	3.33	77.34	42	53	36.34	5	26.67	0	45.33	24	48	110.33	10.67	82	142.99	37.67	22.66	153.33	320.66	9.33	69.99	20.33	26.33	16.66	44	88.67	19.67	59	127.66	87.33	17	46.67	21	50.34	26.67	258.34	12.67	96.34	40.67	185.33	12.33	128.01	70	108.01	34.67	546.66	5	189	288.66	18
ko00830	3729.68	4625.82	3648.93	3833.07	2028.25	4773.08	1473.02	2065.68	2084.92	3534.18	4506.26	3061.77	3160.99	3426.15	2434.5	3591.82	2258.84	2053.36	2124.75	341.5	673	4674.15	1179.5	1682.64	1435.14	1798.5	3867.18	3170.16	3311.2	4330.18	2236.89	2474.07	4609.07	2002.32	3118.84	2630.5	5242.52	2282.32	2227.18	2438.18	2852	1972.05	3591.1	1299.5	2798.76	4719.53	751.5	1811.5	2671.25	2656
ko00780	12327.6	18630.7	13979.93	18839.15	8744.95	14284.66	6418.88	7036.35	9444.49	14610.88	14299.01	12449.35	9907.63	15445.71	12085.45	10613.33	6970.59	8496.29	11216.2	1129.65	3943.45	17488.62	5027.15	5901.1	5981.8	8532.35	13786.64	12896.15	14219.68	19135.53	8263.8	9657	14976.98	8113.34	11096.85	13179.7	20301.01	10818.85	9661.7	10459.5	11464.82	8869.17	14458.72	6797.05	10723.18	23926.98	4821.5	9583.5	14690.13	10173.5
ko00511	9965.5	8471.5	7718.65	7928	5729	8537	5847.67	3408	5072.5	8235.5	10942	8820.68	5332.13	7572.74	4784	5308.35	4728.18	4331.5	2511.75	151	2073	11195.49	2356.5	3077	2806	5156.5	6889	7528.82	7241.17	8026	4944	5610	11326.15	7573.66	7919.32	6511.5	19517.98	8642.5	9951.5	3725.5	13471.35	6520.83	8471	3046	7000.99	6395.31	1542	4411.5	3878.99	5655
ko00970	95887.66	123302.15	96750.1	112175.48	57824.25	95078.75	47219.77	49065.1	63956	95564.59	101857.85	93401.69	70827.23	105317.56	76073.75	79004.81	47943.8	59485.83	72970.5	7216.75	25287.75	117848.85	32352.25	37935.13	39311.3	60517.75	87902.9	88049.58	98214.79	131253.53	51884.22	70732.23	109934.23	59672.16	79407.09	85002.84	124274.77	73277.4	69095.51	68490.69	88957.83	60501.71	96005.34	42264.25	71426.68	149470.46	31825.5	60804	92283.75	66793.5
ko00030	59907.33	73108.56	56018.16	66217.76	35423.6	58377.51	27784.02	28136.07	37683.94	55103.03	63853.08	57901.42	41678.59	61043.12	42443.35	47603.68	29780.93	33753.89	43596.02	4364.45	15685.85	70881.28	18336.45	21524.09	22610.86	35308.55	54357.59	52496.77	58223.28	74411.35	31014.53	39641.31	70159.6	37889.13	48308.87	47952.62	80220.87	43495.03	42589.6	38746.54	56484.01	37448.69	56491.52	24247.65	42373.38	79917.14	16070	35585	49306.07	39718.5
ko04972	3.33	77.34	42	53	36.34	5	26.67	0	45.33	24	59	114.33	10.67	82	142.99	37.67	22.66	153.33	320.66	9.33	69.99	30.33	26.33	16.66	44	88.67	19.67	59	127.66	98.33	17	46.67	21	50.34	26.67	258.34	12.67	96.34	40.67	185.33	12.33	128.01	70	108.01	34.67	546.66	5	189	288.66	18
ko00232	238	146	155	93.5	29	259.5	51	75	53	152	284	156.5	224	106.5	78.5	146	198	116	46	60	84	190	31	75	104	117	391	111	143	145	191	104	399	128	185.5	26	42	157	141.5	134.5	199.5	163	221	74	187	126.5	29	117	68	124
ko00230	180151.69	235316.03	178269.09	229772.95	110098.15	190152.7	87390.64	91491.71	119203.6	180162.26	202825.41	181608.52	133560.58	196447.21	142412.4	148064.52	96689.09	111912.54	151735.62	14663.8	51513.9	226543.53	61100.3	73630.34	73948.58	114733.2	175087.57	165880.33	188104.73	244988.64	101755.92	130891.15	219423.83	114898.3	152145.05	162806.09	249140.74	139305.69	134636.72	131863.7	174216.32	116680.86	186885.06	80647.1	137367.06	283754.21	55484	115353.5	176614.16	131919.5
ko04122	27578.02	37686.59	29913.51	39588.88	17239.92	28646.32	12923.79	14839.37	19450.47	29265.17	31776.19	27695.95	22016.4	32702.98	23624.37	24369.51	15525.66	18993.57	25680.48	2639.29	8544.87	32874.61	9873.79	10908.84	12096.26	18571.71	27490.62	27488.96	30864.86	39628.43	15519.01	20365.59	34428.77	17641.67	23398.54	27520.92	28799.71	20482.55	19348.08	22876.16	26398.15	18796.18	30296.35	14182.13	21958.46	50885.78	9148.5	19520	30919.5	20314.5
ko00540	40868.4	58366.51	46270.29	62491.24	28014.46	40695.76	22612.09	23102.01	31365.01	45787.11	43082.77	39989.93	30375.19	52414.9	39096.81	32859.27	19642.16	28683.51	37657.4	2659.77	11567.81	58183.81	16134.77	18490.02	18952.48	29894.23	35901.46	40305.6	46349.91	62553.1	23561.23	32987.97	46561.77	26182.26	34994.67	46034.13	64436.27	36562.45	31919.07	33767.95	39525.82	28837.32	45184.85	21841.69	34661.25	82462.43	16532.5	30263	52781.74	31161.5
ko05014	3822.98	4519.38	3908.25	6798.16	2247.97	5392.74	1252.2	2375.34	2042.4	4598.19	5081.58	3604.48	3432.68	4320	3535.42	4077.18	2471.66	3132.2	6639.03	418.14	1331.42	7025.89	1352.14	1802.6	1656.32	2629.86	3797.08	2891.5	4589.96	5674.4	2232.82	2742.02	6023.82	1615.22	2936.2	5462.22	8789.7	2646.88	2443.2	4076.98	3972.98	2666.4	4831.45	2236.08	3326.53	10152.63	797	3001.5	6024.28	3648.5
ko00660	24623.16	29885.22	23626	28960.48	14480.22	22904.88	11277.24	12716.52	16100.26	23725.9	24690.4	22446.35	17638.6	26317.72	19259.92	20012.34	12029.79	15672.5	18887.93	1815.14	6475.42	29578.14	7988.14	9019.74	10156.46	15473.86	22630.2	22409.31	25089.68	33420.87	12776.46	17719.84	27251.46	15327	19565.19	21951.72	31416.68	18166.7	16566.38	18090.16	21925.66	15292.18	24179.52	11055.08	17916.02	39771.79	8045	15285.5	24207.95	16393.5
ko03020	53878.58	63060.55	54167.61	59963.34	33087.85	59544.78	27500.85	27293.41	35550.67	53936.82	63662.69	51706.86	41172.65	57658.71	41305.85	46202.11	29360.93	33244.55	37037.71	4480.95	14246.85	68255.82	18176.45	22458.58	22218.68	34163.55	55099.74	49845.75	55930.94	74986.26	31193.93	39369.39	67748.29	34585.49	46754.54	47640.77	75023.37	41662.69	41529.29	37949.53	52416.83	34433.19	55687.04	23375.65	41522.46	81142.63	15748.5	32855.5	48622.29	40338
ko00982	9891.54	11949.8	7952.96	14384.87	5591.43	13598.54	3821.25	5434.88	5787.12	11172.51	11903.92	8642.63	7492.63	9988.46	6301.48	9062.13	5733.16	5106.42	8046.57	738.16	2706.48	15905.44	3488.16	4688.56	3711.24	4882.84	10714.72	9077.66	10211.44	11745.04	5781.99	6252.71	11777.2	5160.79	6694.21	7454.35	23969.76	6078.3	5228.05	7671.21	7126.16	6733.48	10592.47	4233.52	7468.3	13787.45	1508	6582	8430.26	7734.5
ko03010	198021.67	263036.85	197244.18	235839.39	119719.2	196123.08	97801.23	100704.86	131707.07	194069.82	210517.44	194603.77	144125.64	214361.54	155297.45	160191.48	100107.85	122942.91	154637.79	14902.15	53766.95	241241.8	66990.65	78732.08	80721.28	126331.85	182151.75	183225.99	202535.53	269834.85	108070.03	145309.24	227628.71	125740.17	164656.7	175718.7	260657.05	153233.34	145654.21	140875.01	186536.33	125546.06	198826.24	87822.55	147405.95	308118.86	65765.5	123746	188772.06	138715
ko00140	1681.67	1936.33	1340.17	784.33	771.5	2014.5	776.67	510.67	1222	1587.66	1845.67	1318.85	1263.81	1841.58	1438	1039.33	1093.68	968.34	509.25	214	179	1546.64	391	674.66	469.66	759	1940.67	1390.32	1803.51	1334.67	852.66	744.33	2017.33	734.33	1009.49	1187	585.96	939.33	1347.17	850.67	1813.5	872.66	1571.66	509	1221.48	2110.64	331	672	1018.32	1009
ko05100	93.67	479.33	464.67	424.83	319.5	432	172.34	49.67	471	1794.66	1286.67	561.17	378	432.83	154	340.33	301.5	110.34	276.5	99	353	94.33	273	124.66	45.66	178	488.17	1056	483.34	319.67	316.66	377.83	504.83	585.33	410.17	187.5	132.34	234.33	262.67	598.17	309	1356.99	474.66	225	221.17	199.51	15	996	151.67	243
ko00860	65778.6	115459.09	64343.49	96327.62	45967.74	73200.76	29315.69	31262.88	47734.12	73298.87	76408.14	66469.15	48533.55	81589.83	55092.64	53377.69	38390.19	43968.68	60020.43	6370.38	26036.64	80633.81	24677.88	25786.5	26097.74	44010.62	69296.54	69980.11	78255.53	88677.47	36769.74	46346.74	82314.73	48106.04	53446.44	66075.91	81039.08	51954.86	50289.83	56080.43	66411.6	50774.41	73781.11	34070.86	53958.6	116342.11	18442	51924	69719.56	49902.5
ko05410	114.17	75.83	152	99.33	88.5	482.5	112.17	111.17	97	242.16	419.67	186.34	166.66	189.33	179.5	189.5	168.17	78.84	51	21	32.5	424.16	91.5	206.16	97.66	84	240.17	122.83	234.84	291.17	230.66	186.83	508.16	84	275	115	323.5	190.33	209.67	122.17	173.17	114.16	353.16	29	192.5	204.67	15	135	144.33	148
ko00330	90997.9	118823.82	88455.81	117156.64	57582.36	99427.48	45373.16	44895.27	60341.59	92543.28	110135.25	92530.35	68356.46	99248.05	69090.71	76391.02	51748.04	56122.59	72729.23	7550.07	26841.21	111860.42	30862.57	36543.76	35966.96	56937.43	91061.02	86065.58	96664.48	118957.54	51626.55	64738.07	115793.43	62371.44	79250.25	80661.89	123547.71	71292.59	70935.17	66811.87	89674.34	62240.95	93589.3	40489.79	70398.16	136596.74	24748	60693.5	84452.43	66734.5
ko00908	4045.22	5378.84	4018.25	4982.83	2671.09	4190.86	2311.51	2088.67	2842.47	4045.59	4438.03	4197.17	2816.49	4456.88	3229.49	3142	2057.05	2575.89	3084.24	283.83	1183.99	5026.25	1374.83	1684.82	1687.66	2744.17	3810.56	3915.83	4286.17	5559.92	2302.66	3066	4874.66	2904	3497.67	3815.84	5474.17	3582.67	3437.34	2899	4022	2789.5	4209.73	1814.51	3066.17	6277.33	1325.5	2646	3895.16	2946.5
ko04930	3770.94	5685.01	4040.75	5496.08	2562.59	3960.36	2044.18	1884.17	2799.47	3821.34	4179.03	4396.92	2773.65	4613.79	3359.99	3137.5	2036.55	2496.39	3360.49	295.83	1247.99	4679.86	1445.83	1620.32	1570.16	2542.17	3640.06	3876.83	4326.84	5592.68	2112.91	2991.75	4415.91	2678.66	3170	3548.01	4977.17	3168.67	3052.67	2894.17	3887.83	2647.08	4073.98	1844.01	3030.42	6133.33	1309.5	2652.5	3779.08	2953
ko03430	62189.96	80220.8	61488.01	76184.76	37748.8	63820.59	30117.22	31287.07	40777.01	61503.32	69047.66	62118.56	45186.49	66124.97	47769.3	50521.83	31962.82	38022.14	50811.06	4767.1	17358.8	77351.11	21033.1	24964.39	24846.86	39449.4	57445.54	56686.28	63702.91	83523.16	34338.53	44716.66	75014.95	39742.65	52286.41	55540.64	83404.76	47686.73	46559.63	44241.01	61320.99	40132.39	62926.73	27542.7	46891.75	95852.97	19173	39322.5	59735.73	44797.5
ko00906	2725.33	8081.84	2358.99	4921.5	2468.34	3503.36	1595.53	1180.5	2767.97	3878.93	3909.86	3942.67	1661.13	4187.62	2246.99	2079.68	1425.5	1390.33	2241.66	191.33	2002.99	3224.64	1519.83	884.66	810.5	2069.67	3192.67	4365.66	4658.35	2992.83	1162.5	2486.17	2643.99	2998.29	1719.65	2607.02	3685.15	2182.34	1923.49	2778.51	3382.66	3360.15	3163.07	1838.01	2357.16	3915.81	368.5	3216	2080.68	1815.5
ko00900	46286.28	58762.08	46045.75	55217.12	28116.51	49176.85	23189.8	23581.71	30440.77	46751.67	52731.56	45295.87	35541.89	49037.62	36210.86	39359.84	25675.69	28442.12	35500.12	4086.62	12747.86	57338.45	14906.62	18255.15	19453.58	29209.38	46434.34	42258.63	47279.04	63619.05	26733.25	33999.5	57547.41	29845.84	39790.88	41576.6	61751.06	36799.55	34952.75	32635.67	44050.16	29792.34	47241.82	19424.64	34146.89	69837.3	14753	29174	43670.08	33581.5
ko00901	428.67	460.33	592.67	140.33	267	546	314.67	242.67	293	488.66	660.67	435.67	467	491.33	270	430.33	269	320.34	96	39	52	599.33	155	169.66	209.66	273	424.67	374	492.34	799.92	254.66	379.33	577.33	306	530.67	314	469.34	347.33	506.67	296.67	533	260.66	458.66	140	373.67	565.01	110	223	399	283
ko00903	11076.23	10772.16	8616.35	10849.14	4770.02	13675.94	3365.05	4992.86	5004.05	9648	13407.3	7737.03	9064.14	8412.44	5996.47	10064.48	7276.04	5973.59	6518.23	1292.99	2210.97	11440.86	2632.49	4338.26	3738.28	5150.51	12038.75	7384.32	9025.88	11729.27	6165.28	6099.15	14807.13	5418.66	8500.51	6335.7	10678.53	5419.66	6376.69	6165.03	8645.32	4923.63	9707.06	3217.53	7291.02	11998.53	2010.5	4702	7389.48	6683
ko00471	11205.49	16481.53	11952.58	14522.07	7388.45	12003.88	5781.55	5849.18	7707.77	11710.33	13257.56	12334.75	8493.97	13348.58	9408.45	9496.51	5997.13	7285.17	9867.62	858.15	3612.95	14117.93	3943.65	4456.44	4661.14	7547.35	10835.19	11224.83	12602.68	16393.18	6150.89	8781.92	14041.22	7817.66	9706.19	11005.87	14293.37	9247.52	8636.86	8679	11860.83	7937.92	11966.45	5300.05	8825.11	18600.5	3895	8048.5	11646.9	8718
ko00472	954.83	744.84	1130.5	570.5	465.84	1238	312.67	632.5	432.83	1036	1432	780.83	932.33	874.33	721.99	1033	711.88	671.05	1061.66	156.33	243.49	1429.42	265.83	373.66	496	592.17	1200.89	631.5	964.66	1350	575.5	486.67	1622	343.34	888.17	1106.34	1361.83	567.34	733.17	815.33	1057.83	510.51	1171.5	500.01	787	2050.49	273.5	542.5	1190.16	558.5
ko00473	9619.32	11525.85	9438.42	10684.99	5867.77	9756.22	4703.36	5029.51	6111.77	9635.34	10712.23	9449.17	7116.98	10414.67	7623.47	8142.49	5051.75	5939.11	7627.39	800.99	2607.47	12011.01	3083.49	3723.96	4058.48	6052.51	9477.62	8642.33	9846.34	12846.68	5309.98	7073	11351.65	5982.84	7957.68	8612.69	11935.85	7316.01	6940.85	6985.17	8826.16	5935.67	9858.12	4208.03	6916.18	15148	2926.5	6227.5	9359.65	6293
ko05111	7779.6	10760.9	8075.51	16988.82	5627.9	8481.96	4122.07	4496.68	5839.34	8386.87	8674.14	9248.82	5905.14	10836.56	7838.9	6615.68	4032.6	6253.32	13248.18	717.3	3401.9	11965.56	3420.8	3538.74	3831.64	6105.7	7698.04	7951.16	10350.48	11823.99	4902.64	6296.02	9934.15	4951.19	6879.54	11432.9	14804.88	6934.72	5930.88	8542.98	7061.97	6242.05	8854.41	5096.1	6627.54	21156.46	2477.5	7691.5	13783.45	6747
ko04210	2168.98	3216.21	2248.74	4454.08	1547.13	2432.3	856.03	1216.67	1478.01	2590.06	2366.97	2579.73	1579.67	2904.94	2451.93	2173.7	1041.62	2157.15	5176.37	174.31	1096.43	3191.4	865.31	887.78	822.66	2097.19	1775.36	2070.5	3218.13	3160.4	823.91	1753.77	3007.4	1016.04	1362.36	4294.38	3986.03	1719.71	1153.86	2969.48	2544.49	1918.81	2762.26	1719.57	2111.61	8140.63	454	2389	4770.04	1966.5
ko00240	137374.24	179339.61	138171.06	171578.69	86162.87	143785.33	69429.43	70095.64	93239.86	138280.3	156198.97	141485.62	101876.59	151346.19	108226.57	112764.02	73231.12	86472.59	114303.67	10751.69	39567.57	173227.82	47449.69	56345.93	56472.22	90444.31	131404.74	128633.88	144477.13	188586.74	78031.39	101703	167529.61	91031.84	118021.99	125667.46	189750.17	109384.48	107090.61	100163.67	136673.35	91030.25	142775.47	62406.93	106165.66	215976.39	42589.5	88172	134115.74	102374
ko04011	2140.21	2710.51	2066.42	3768.83	1513.93	2663.22	1063.18	1281.67	1400.44	2558.02	2590.39	2799.33	1613	2549.02	1768.48	2028	1198.54	1625.22	3262.4	132.66	753.48	3407.79	765.16	926.48	875.66	1460.84	2132.23	2146.5	2788.33	3054.68	1098.16	1586.67	2702.83	1345.84	1716.51	2636.18	4080.18	1864.01	1620.01	2188.83	2079.16	1707.51	2513.8	1314.52	1810.51	4914.83	497.5	1760	2925.49	1786
ko00944	147	50	56	10	145	154	22	37	60	61	97	64	45	85	61	96	35	9	18	0	15	165	26	43	46	48	342	51	54	111	54	23	69	47	111	50	88	72	75	17	57	16	81	15	67	101	0	26	50	20
ko04113	3816.5	5130.34	3010.34	5392.41	2033.68	3858.58	1542.7	1784.34	2438.08	4008.36	3892.42	3344.59	2626.32	4150.23	2707.48	3228.5	1944.66	1995.84	2952.82	278.16	1566.48	4110.15	1133.16	1213.64	1298.82	1833.84	3671.18	3162.66	4376.02	3928	1821.57	2456.25	4050.41	2252.14	2777.34	3408.18	5050.68	2370.84	1995.18	2781.5	3012.66	2404.57	3437.78	1525.52	2081.26	5730.33	880.5	2841	3680.25	2582
ko04070	9901.94	13683.03	9763.33	13794.91	6337.86	10243.66	4701.2	5158.34	6993.66	10228.65	10668	9926.42	7297.13	11402.39	7997.96	8280.01	5385.09	6543.44	9248.72	792.82	3178.46	12590.82	3671.32	4069.96	4065.82	6732.68	10107.96	9844.49	10916	13509.75	5470.07	7320.59	11571.9	6403	7823.01	9665.36	13751.5	7532.02	6977.52	8074.66	9176.33	6693.43	10669.49	4997.54	8141.59	17947.97	2997	6793	10561.06	7055.5
ko04640	0	77	0	0	0	36	0	0	0	0	0	0	0	0	0	0	0	0	0	0	0	0	0	0	0	0	0	0	0	0	0	0	0	0	0	0	0	0	0	0	0	0	0	0	0	0	0	0	0	0
ko04310	9	0	0	0	0	0	12	0	0	0	0	3.67	5.33	5	0	0	1.67	3	4	0	0	4.33	0	0	0	0	0	3.33	2.5	4	0	2.5	5.5	0	4.33	4	10.66	6	10	0	4	1.5	0	0	2.33	4.66	0	0	6.33	0
ko03420	34465.92	40323.7	33507.68	36114.12	19537.72	35786.68	16160.6	16996.38	21310.96	33367.33	39816.06	32154.06	25652.07	34573.64	25265.42	28378.98	18419.52	20164.6	22905.5	2891.14	8644.42	41257.84	10871.64	13645.02	13584.24	20549.86	32717.44	30364.46	33357.9	44817.81	19380.24	24495.48	42768.42	21205	28779.7	28111.22	42197.54	25033.34	25185.74	22946.02	33387.34	21036.46	34284.15	13857.58	25360.7	47802.34	10184.5	20035.5	29227.1	24603
ko00770	54417.69	66211.42	53196.17	61626.53	31777.1	52136.45	24950.32	27126.39	34744.5	51834.78	55528.84	49607.98	38938.69	56808.4	42152.85	44664.49	26667.76	33101.53	39251.19	4072.95	13792.35	64091.47	17523.45	20039.79	21691.22	33167.55	49672.57	48328.44	54031.39	72804.83	28142.8	38524.58	61151.81	33036.84	44278.88	46890.6	70228.39	40422.21	38074.94	37519.34	50411	32984.91	52868.33	23319.65	39566.3	81793.12	17945	32689.5	50041.47	37094.5
ko02040	65061.18	69692.67	65924.76	100367.07	40553.49	61878.56	23104.3	38327.68	38774.32	58132.17	58278.24	46642.05	45650.13	70484.8	53062.64	56487.17	27481.54	41742.28	69243.76	6300.88	14926.14	88884.83	23927.88	27590.9	30494.14	38973.62	63837.34	52286.26	62556.62	92426.78	37458.39	41585.69	73814.4	28138.74	49559.89	68850.91	80231.76	43730.06	38813.63	53561.73	37030.88	32925.75	63185.11	31398.36	49958.69	133703.2	22086.5	37652	83178.27	50422
ko04912	0	77	0	0	0	0	0	0	0	0	0	0	0	0	0	0	0	0	0	0	0	0	0	0	0	0	0	0	0	0	0	0	0	0	0	0	0	0	0	0	4	1.5	0	0	0	0	0	0	0	0
ko00670	41181.42	55039.75	41593.33	53331.88	25731.42	43403.46	20892.12	21819.87	28319.83	43033.24	46703.33	41907.11	30676.38	46114.67	33870.37	33613.01	22585.7	26735.45	34617.46	3392.29	11846.87	53280.04	14253.29	17396.84	17716.26	27441.71	40182	39475.8	44330.86	57307.38	24072.51	31187.59	50498.84	27387.34	34990.38	38677.42	58451.37	33727.55	31940.08	31291.16	39945.83	28054.1	44391.78	19169.63	32602.79	68259.95	13248	27084	41757.17	30306.5
ko04920	10828.73	12337.17	8928.85	9348.73	6071.02	11948.3	5278.7	5207.52	6550.19	9887.86	12101.82	9124.26	7690.17	10075.26	7998.97	8962.15	5938.14	6483.19	5792.56	1017.49	2566.47	12033.49	3125.49	4197.44	4186.96	6507.01	10890.19	8991.5	10154.19	13428.6	6111.71	7648.24	13802.56	6556.68	8658.03	9061.02	12143.05	8260	8070.53	7327.51	9695.16	6132.57	10608.06	4001.03	7106.28	15003.54	2773	6218	9337.4	7394.5
ko04144	0	77	0	0	0	0	0	0	0	0	0	0	0	0	0	0	0	0	0	0	0	0	0	0	0	0	0	0	0	0	0	0	0	0	0	0	0	0	0	0	0	0	0	0	0	0	0	0	0	0
ko00930	6393.56	5254.66	4502.93	4670.48	2799.93	7970.94	1520.86	2793.52	2805.72	5452.18	7913.96	4170.86	4959.15	4512.04	3694.98	5585.66	4071	3399.2	3573.82	710.16	958.48	6584.88	1278.16	2406.78	2062.46	2825.34	7023.36	3976.32	4908.86	6011.85	3429.46	3312.82	8464.64	2744.18	4495.01	3828.35	5904.68	2861.66	3484.19	3390.85	5067.83	2525.48	5882.74	1632.02	4119.51	6843.85	948	2384.5	4432.14	3984
ko04112	46555.7	59906.09	44858.1	54895.44	27471.19	46013.42	21528.66	23526.06	29779.36	46211.84	48395.48	43033.04	32876.21	49730.51	35931.34	38115.33	22788.9	28101.54	36740.61	3559.28	12747.84	55339.15	15244.28	17680.94	18338.88	28761.22	42028.92	41274.3	46724.56	61366.47	24469.38	32525.16	53388.23	27950.68	37415.91	41787.61	59315.76	34359.38	32625.11	33143.51	42139.32	29133.66	46372.42	20199.66	33675.74	73083.5	14456	29444	44955.74	32654.5
ko05140	0	0	4	6	0	14	10	0	14	238	104	33	8	8	9	2	12	10	13	3	17	10	0	0	0	17	19	105	0	11	14	47	2	53	0	0	0	11	0	77	19	179	56	7	0	15	0	120	11	8
ko04370	0	0	4	6	0	14	22	0	14	238	104	33	8	8	9	2	12	10	13	3	17	10	0	0	0	17	19	105	0	11	14	49.5	7.5	53	0	0	0	11	0	77	19	179	56	7	0	15	0	120	14	8
ko04916	0	0	132	6	0	27	8	8	0	0	26	8	12	0	8	53	12	0	0	0	0	11	0	0	6	4	6	5	0	104	0	0	11	0	7	3	0	16	0	0	4	1.5	0	0	0	0	44	0	0	0
ko01056	0	0	0	0	17	5	11	0	15	0	0	54	3	27	34	0	0	0	0	0	0	0	0	0	0	11	4	16	9	13	3	18	10	0	0	10	0	11	0	0	0	0	0	0	21	7	1	9	0	0
ko04650	0	0	0	0	0	0	12	0	0	0	0	0	0	0	0	0	0	0	0	0	0	0	0	0	0	0	0	0	0	0	0	2.5	5.5	0	0	0	0	0	0	0	0	0	0	0	0	0	0	0	3	0
ko04662	0	0	0	0	0	0	12	0	0	0	0	0	0	0	0	0	0	0	0	0	0	0	0	0	0	0	0	0	0	0	0	2.5	5.5	0	0	0	0	0	0	0	0	0	0	0	0	0	0	0	3	0
ko04660	0	0	0	0	0	0	12	0	0	0	0	0	0	0	0	0	0	0	0	0	0	0	0	0	0	0	0	0	0	0	0	2.5	5.5	0	0	0	0	0	0	0	0	0	0	0	0	0	0	0	3	0
ko04360	0	0	0	0	0	0	12	0	0	0	0	0	0	0	0	0	0	0	0	0	0	0	0	0	0	0	0	0	0	0	0	2.5	5.5	0	0	0	0	0	0	0	0	0	0	0	0	0	0	0	3	0
ko04114	0	0	0	0	0	0	12	0	0	0	0	0	0	0	0	0	0	0	0	0	0	0	0	0	0	0	0	0	0	0	0	2.5	5.5	0	0	0	0	0	0	0	4	1.5	0	0	0	0	0	0	3	0
ko04010	0	0	0	0	0	0	12	0	0	0	0	0	0	0	0	0	0	0	0	0	0	0	0	0	0	0	0	0	0	0	0	2.5	5.5	0	0	0	0	0	0	0	0	0	0	0	0	0	0	0	3	0
ko04720	0	0	0	0	0	0	12	0	0	0	0	0	0	0	0	0	0	0	0	0	0	0	0	0	0	0	0	0	0	0	0	2.5	5.5	0	0	0	0	0	0	0	4	1.5	0	0	0	0	0	0	3	0
ko05412	0	0	0	0	0	0	0	0	0	0	11	4	0	0	0	0	0	0	0	0	0	10	0	0	0	0	0	0	0	11	0	0	0	0	0	0	0	0	0	0	0	0	0	0	0	0	0	0	0	0
ko00905	0	0	0	0	0	0	0	0	0	0	13	4	0	0	10	0	0	0	0	0	0	0	0	0	0	0	0	0	0	0	0	10	0	0	0	0	0	0	0	16	23	3	0	0	0	0	2	13	0	0
ko03015	0	0	0	0	0	0	0	0	0	0	11	4	0	0	0	0	14	0	0	0	0	10	0	0	0	0	0	0	37	12	0	0	0	0	0	0	0	0	0	0	0	14	0	0	0	0	0	0	0	0
ko05414	0	0	0	0	0	0	0	0	0	0	11	4	0	12	0	0	0	0	0	0	0	10	0	0	0	0	0	0	0	11	0	0	0	0	0	0	0	0	0	0	0	0	0	0	0	0	0	0	0	0
ko04320	0	0	0	0	0	0	0	0	0	0	11	4	0	0	0	0	0	0	0	0	0	10	0	0	0	0	0	0	0	11	0	0	0	0	0	0	0	0	0	0	0	0	0	0	0	0	0	0	0	0
ko04740	0	0	0	0	0	0	0	0	0	0	0	0	0	0	0	0	0	0	0	0	0	0	0	0	0	0	0	0	0	0	0	0	0	0	0	0	0	0	0	0	4	1.5	0	0	0	0	0	0	0	0
ko05214	0	0	0	0	0	0	0	0	0	0	0	0	0	0	0	0	0	0	0	0	0	0	0	0	0	0	0	0	0	0	0	0	0	0	0	0	0	0	0	0	4	1.5	0	0	0	0	0	0	0	0
ko04745	0	0	0	0	0	0	0	0	0	0	0	0	0	0	0	0	0	0	0	0	0	0	0	0	0	0	0	0	0	0	0	0	0	0	0	0	0	0	0	0	4	1.5	0	0	0	0	0	0	0	0
ko04012	0	0	0	0	0	0	0	0	0	0	0	0	0	0	0	0	0	0	0	0	0	0	0	0	0	0	0	0	0	0	0	0	0	0	0	0	0	0	0	0	4	1.5	0	0	0	0	0	0	0	0
ko04722	0	0	0	0	0	0	0	0	0	0	0	0	0	0	0	0	0	0	0	0	0	0	0	0	0	0	0	0	0	0	0	0	0	0	0	0	0	0	0	0	4	1.5	0	0	0	0	0	0	0	0
