function	S31.249.Sed	S31.250.Sed
K00001	149.0	610.0
K00002	0.0	29.0
K00003	1069.5	1826.0
K00004	30.0	51.0
K00005	3.0	329.5
K00007	0.0	11.0
K00008	264.0	554.0
K00009	20.0	24.0
K00010	33.0	188.0
K00012	1205.5	2318.0
K00013	1214.5	2250.0
K00014	1140.5	2173.0
K00015	176.5	343.0
K00016	53.0	129.0
K00018	157.0	437.0
K00019	83.5	142.0
K00020	426.0	1261.0
K00023	192.0	752.0
K00024	1221.5	2300.0
K00027	367.0	738.0
K00029	573.5	1490.0
K00030	106.0	278.5
K00031	1201.5	2471.0
K00033	605.5	1519.0
K00034	17.0	292.5
K00036	714.5	1587.5
K00038	20.0	19.0
K00040	11.0	141.0
K00041	37.0	63.0
K00042	276.5	887.0
K00045	0.0	251.0
K00046	179.5	366.0
K00050	637.5	1125.0
K00052	1214.5	2337.0
K00053	1195.5	2147.0
K00054	78.0	354.5
K00055	31.0	3.0
K00057	1247.5	2337.0
K00058	1492.5	2918.0
K00059	4026.0	7634.5
K00060	114.0	290.0
K00064	11.0	21.0
K00065	16.0	59.0
K00067	1151.5	2501.5
K00068	10.0	17.0
K00074	1037.0	2075.0
K00075	1203.5	2269.0
K00076	15.0	23.0
K00077	742.5	1392.0
K00082	23.0	274.5
K00086	17.0	0.0
K00087	1.0	14.0
K00088	1307.5	2432.0
K00090	4.0	45.0
K00091	156.0	373.0
K00096	1.0	14.0
K00097	1077.5	2099.0
K00098	11.0	21.0
K00099	1169.5	2110.0
K00100	159.0	336.0
K00101	49.0	136.0
K00102	74.0	465.0
K00103	2.0	13.0
K00104	1071.5	2096.0
K00106	3.0	84.0
K00108	64.5	154.0
K00111	409.5	1333.0
K00112	0.0	6.0
K00113	4.0	13.0
K00114	92.0	878.0
K00116	44.0	57.0
K00117	102.0	757.0
K00118	13.0	55.0
K00121	287.5	799.5
K00122	11.5	36.0
K00123	1582.0	2633.5
K00124	262.5	723.5
K00126	0.0	16.5
K00127	193.5	546.5
K00128	1109.5	2139.0
K00129	0.0	60.0
K00130	142.0	269.0
K00131	107.0	265.0
K00132	6.0	116.0
K00133	1253.5	2393.0
K00134	1348.5	2874.0
K00135	977.5	1889.0
K00138	94.0	530.0
K00140	201.5	854.5
K00141	19.0	46.0
K00145	1217.5	2314.0
K00146	11.0	21.0
K00147	1090.5	2286.5
K00148	11.0	21.0
K00150	3.0	334.5
K00151	15.0	44.0
K00153	31.0	40.0
K00154	21.5	100.0
K00156	61.0	115.0
K00161	444.0	1267.5
K00162	401.0	1258.5
K00163	314.5	780.5
K00164	653.5	1478.5
K00166	58.0	131.0
K00167	58.0	159.0
K00169	625.0	541.0
K00170	595.0	566.0
K00171	405.0	307.0
K00172	595.0	556.0
K00174	962.0	1908.0
K00175	945.0	1802.0
K00176	210.0	824.0
K00177	210.0	824.0
K00179	440.0	988.0
K00180	436.0	965.0
K00184	713.0	1506.0
K00185	665.0	1354.0
K00194	66.0	180.0
K00196	25.0	12.0
K00197	312.0	318.0
K00198	115.0	291.0
K00200	0.0	5.5
K00201	0.0	5.5
K00202	0.0	5.5
K00208	699.5	1998.0
K00209	2.0	18.0
K00210	0.0	54.0
K00214	3.0	329.5
K00215	1283.5	2365.0
K00216	0.0	54.0
K00217	0.0	11.0
K00218	3.0	329.5
K00219	43.0	317.0
K00220	17.0	19.0
K00222	2.0	13.0
K00226	300.0	1094.0
K00227	2.0	13.0
K00228	309.5	1120.0
K00230	31.0	58.0
K00231	295.0	536.0
K00232	41.0	94.0
K00239	1286.5	2262.0
K00240	1152.5	2223.0
K00241	1082.5	2124.0
K00242	268.5	664.5
K00243	136.0	382.0
K00244	24.0	132.0
K00245	6.0	126.0
K00246	6.0	126.0
K00247	6.0	126.0
K00248	493.0	898.0
K00249	567.5	2138.0
K00252	317.5	610.0
K00253	98.5	351.0
K00254	373.5	1279.0
K00255	5.0	7.0
K00256	0.0	11.0
K00257	1081.0	3053.0
K00259	988.5	1966.0
K00260	9.0	3.0
K00261	351.0	780.0
K00262	289.0	1444.5
K00263	17.0	102.0
K00265	637.5	1355.5
K00266	1234.5	2496.0
K00271	20.0	19.0
K00273	22.0	32.0
K00274	66.0	362.0
K00275	307.5	1095.5
K00276	14.0	88.0
K00278	1234.5	2154.0
K00281	403.5	1431.5
K00282	656.0	668.5
K00283	656.0	668.5
K00284	134.0	756.0
K00285	211.5	579.0
K00286	1251.5	2286.0
K00287	528.5	1364.5
K00290	133.0	292.0
K00293	41.0	75.0
K00294	277.0	662.0
K00297	1063.5	2305.0
K00299	100.0	211.0
K00301	16.0	101.0
K00302	16.0	120.0
K00303	40.0	173.0
K00304	11.0	43.0
K00305	11.0	43.0
K00306	1.0	9.0
K00311	256.5	797.0
K00315	0.0	33.0
K00318	257.0	627.0
K00320	2.0	18.0
K00322	182.0	167.0
K00324	682.5	2394.5
K00325	352.5	1240.0
K00330	1284.5	1845.5
K00331	1227.5	1651.5
K00332	1153.5	1598.0
K00333	1154.5	1607.0
K00334	1321.5	2209.5
K00335	1676.5	2433.5
K00336	1112.5	1973.5
K00337	1212.5	1732.5
K00338	1287.5	1898.5
K00339	1282.5	1758.5
K00340	1312.5	1858.5
K00341	1345.5	1724.5
K00342	1527.5	2676.0
K00343	1256.5	1758.5
K00344	584.5	1745.0
K00346	81.0	387.5
K00347	81.0	392.5
K00348	81.0	392.5
K00349	81.0	392.5
K00350	81.0	392.5
K00351	81.0	392.5
K00355	13.0	88.0
K00356	216.5	518.0
K00360	31.0	40.0
K00362	252.5	748.5
K00363	509.0	899.5
K00364	18.0	37.0
K00365	26.0	33.0
K00366	6.0	541.5
K00367	27.0	351.5
K00368	109.5	62.0
K00370	121.0	90.0
K00371	135.0	138.0
K00372	158.0	431.5
K00373	62.0	98.0
K00374	62.0	146.0
K00375	281.0	585.0
K00376	47.0	315.0
K00380	129.0	354.0
K00381	361.5	951.5
K00382	1917.5	3539.0
K00383	67.0	602.5
K00384	1801.5	3795.5
K00385	10.0	0.0
K00389	38.0	620.5
K00390	669.5	1644.0
K00392	201.0	450.5
K00394	66.0	180.0
K00395	66.0	180.0
K00404	279.5	695.0
K00405	240.5	644.0
K00406	253.5	744.0
K00407	124.5	387.0
K00410	3.0	8.0
K00411	257.5	643.5
K00412	398.5	790.5
K00413	254.5	635.5
K00425	533.5	1500.0
K00426	533.5	1500.0
K00427	0.0	11.0
K00428	616.5	1436.5
K00432	538.5	1720.5
K00433	25.0	18.0
K00435	11.0	21.0
K00436	22.0	383.0
K00437	21.0	81.0
K00441	12.0	403.5
K00446	11.0	21.0
K00448	26.0	33.0
K00449	54.0	74.0
K00450	15.0	66.0
K00451	139.5	345.0
K00452	23.0	115.0
K00453	89.5	299.0
K00455	4.0	9.0
K00456	0.0	54.0
K00457	161.5	753.5
K00459	574.5	968.0
K00461	0.0	54.0
K00463	0.0	10.0
K00464	5.0	342.5
K00466	11.0	141.0
K00467	28.0	12.0
K00469	2.0	40.0
K00472	4.0	34.0
K00477	2.0	13.0
K00479	28.0	57.0
K00480	18.0	74.0
K00481	33.0	64.0
K00483	9.0	3.0
K00484	5.0	178.99999999999997
K00486	33.0	115.0
K00491	0.0	120.0
K00493	0.0	151.5
K00496	40.0	113.0
K00499	11.0	52.0
K00500	60.5	215.0
K00505	44.0	0.0
K00507	527.5	1589.5
K00508	147.0	242.0
K00510	21.0	529.5
K00511	2.0	18.5
K00514	0.0	205.5
K00517	48.0	491.0
K00518	23.0	86.0
K00520	17.0	26.0
K00523	210.5	712.0
K00524	3.0	84.0
K00525	1366.5	2477.0
K00526	306.5	742.5
K00527	307.0	280.0
K00528	1043.5	2132.0
K00529	52.0	202.0
K00534	8.0	247.0
K00537	391.5	1246.5
K00547	155.0	329.0
K00548	1305.5	2582.0
K00549	317.5	568.5
K00554	1228.5	2307.0
K00555	3.0	84.0
K00556	123.0	480.0
K00557	18.0	236.0
K00558	383.5	2856.5
K00560	468.5	1357.5
K00563	28.0	368.0
K00564	30.0	67.0
K00566	1294.5	2504.0
K00567	1252.5	1979.5
K00568	356.5	1072.5
K00569	30.0	251.5
K00570	71.0	178.5
K00571	157.0	743.0
K00573	1293.0	2513.0
K00574	480.5	1331.5
K00575	1507.5	3358.0
K00588	61.0	147.5
K00594	48.0	36.0
K00595	122.0	1089.0
K00596	3.0	67.0
K00598	34.0	390.0
K00600	1272.5	2344.0
K00601	0.0	11.0
K00602	1308.5	2505.0
K00603	70.0	39.0
K00604	1328.5	2400.0
K00605	1358.5	2654.0
K00606	1240.5	2204.0
K00608	0.0	5.0
K00609	1241.5	2328.0
K00610	73.0	267.0
K00611	966.0	1597.5
K00612	91.0	489.5
K00615	2015.5	3582.5
K00616	1160.0	2472.5
K00619	484.0	1039.5
K00620	980.5	1706.0
K00625	170.0	847.0
K00626	2441.0	4665.5
K00627	728.5	1796.0
K00631	58.0	285.0
K00632	767.5	1918.0
K00634	101.0	434.0
K00635	60.0	63.0
K00639	569.0	1288.5
K00640	1081.5	2919.0
K00641	414.5	1156.0
K00643	3.0	19.0
K00645	1249.5	2512.0
K00647	264.0	1056.0
K00648	1659.5	3606.0
K00651	89.0	165.5
K00652	857.5	1899.0
K00655	1828.0	3477.5
K00656	133.0	512.0
K00657	86.0	279.0
K00658	866.5	1968.5
K00661	80.0	326.5
K00662	1.0	14.0
K00663	23.0	86.0
K00666	1167.0	2695.0
K00672	0.0	5.5
K00673	5.0	77.0
K00674	452.5	1077.5
K00675	6.0	100.0
K00677	1160.5	2100.5
K00680	88.5	252.0
K00681	692.0	2179.5
K00684	476.5	1677.0
K00685	218.5	600.5
K00686	9.0	3.0
K00688	1192.0	2342.0
K00690	3.0	72.0
K00691	74.0	187.0
K00692	20.0	24.0
K00693	13.0	0.0
K00694	14.0	375.0
K00695	22.0	222.5
K00696	22.0	48.0
K00697	149.0	248.0
K00700	720.0	1960.5
K00701	0.0	133.0
K00703	1145.0	2091.0
K00705	474.0	1162.5
K00720	25.0	155.0
K00721	1097.0	2560.0
K00729	1.0	9.0
K00748	1130.5	2489.5
K00752	5.0	17.0
K00754	34.0	200.0
K00756	175.0	299.0
K00757	99.0	347.0
K00758	49.5	204.0
K00759	696.0	1118.0
K00760	1125.5	1745.5
K00761	347.5	1595.0
K00762	1288.5	2330.0
K00763	794.0	1170.0
K00764	1251.5	2394.0
K00765	1234.5	2283.0
K00766	1281.5	2402.0
K00767	1230.5	2304.0
K00768	305.0	753.0
K00769	3.0	25.0
K00772	843.5	1570.0
K00773	1242.5	2405.0
K00782	219.5	822.0
K00783	894.5	1446.5
K00784	395.0	1274.5
K00786	40.0	246.0
K00788	1315.5	2355.0
K00789	1270.5	2370.5
K00790	1281.5	2347.0
K00791	1325.5	2646.0
K00793	1241.5	2264.0
K00794	1241.5	2288.0
K00795	259.5	673.5
K00796	1335.5	2449.0
K00797	916.5	2439.5
K00798	608.5	1702.0
K00799	705.5	4372.5
K00800	1224.5	2297.0
K00801	127.0	231.5
K00803	42.0	40.0
K00805	151.0	418.0
K00806	1277.5	2387.0
K00808	3.0	8.0
K00809	218.0	655.5
K00812	1211.5	2257.0
K00813	1.0	9.0
K00816	1.0	9.0
K00817	1578.0	3511.0
K00818	978.5	2052.0
K00819	205.0	450.5
K00820	1249.0	2358.0
K00821	326.0	621.0
K00822	79.5	365.0
K00823	72.0	162.0
K00824	251.5	510.5
K00826	2061.5	3416.0
K00830	73.5	242.5
K00831	517.5	1572.5
K00832	113.0	373.0
K00833	846.5	1470.5
K00835	23.0	353.5
K00836	0.0	27.0
K00839	9.0	3.0
K00841	9.0	3.0
K00844	0.0	5.0
K00845	1386.5	2793.5
K00847	418.5	1570.0
K00848	45.0	173.0
K00849	360.0	915.5
K00850	1746.5	3194.5
K00851	87.0	555.5
K00852	154.0	859.5
K00853	89.0	229.0
K00854	345.0	994.5
K00855	100.0	989.5
K00856	280.5	602.5
K00857	338.5	713.0
K00858	1245.5	2649.5
K00859	1217.5	2287.0
K00860	143.0	731.0
K00863	46.0	55.0
K00864	398.5	1343.5
K00865	177.0	381.0
K00867	34.0	48.0
K00868	43.0	67.0
K00869	88.0	350.0
K00872	294.0	749.5
K00873	1309.5	2647.5
K00874	190.0	397.0
K00876	354.0	930.0
K00878	109.0	298.0
K00880	0.0	11.0
K00882	63.0	208.0
K00883	7.0	53.0
K00884	0.0	161.0
K00886	40.0	305.5
K00887	9.0	3.0
K00891	1231.5	2305.0
K00895	22.0	101.0
K00899	1.0	9.0
K00901	331.5	1351.0
K00906	79.0	324.0
K00912	1132.5	1830.5
K00917	10.0	82.0
K00919	1169.5	2110.0
K00924	113.5	554.0
K00925	804.5	1848.0
K00926	97.0	338.0
K00927	1242.5	2325.0
K00928	1279.5	2472.0
K00929	125.0	460.0
K00930	1219.5	2327.0
K00931	1040.5	1927.0
K00936	1478.5	6217.5
K00937	586.5	1649.0
K00938	12.0	61.0
K00939	1255.5	2558.5
K00940	1218.5	2168.0
K00941	1009.5	1870.0
K00942	1242.5	2326.0
K00943	1160.5	2119.0
K00945	1168.5	1600.5
K00946	1203.5	2115.0
K00947	5.0	138.0
K00948	1276.5	2442.0
K00949	32.0	54.0
K00950	1255.5	2460.5
K00951	1503.0	3093.5
K00954	1242.5	2200.0
K00955	145.0	223.5
K00956	384.5	783.0
K00957	519.5	995.0
K00958	243.0	769.5
K00960	9.0	3.0
K00962	1242.5	2320.0
K00963	800.5	1463.0
K00965	416.0	1086.5
K00966	473.0	1280.5
K00969	1237.5	2487.5
K00970	1058.5	1832.5
K00971	925.5	1558.5
K00972	16.0	225.0
K00973	1340.5	2546.0
K00974	1068.5	2277.0
K00975	691.0	1235.0
K00978	74.0	723.5
K00979	1130.5	1812.5
K00980	29.0	22.0
K00981	1246.5	2354.0
K00982	363.5	853.5
K00983	22.0	129.0
K00984	9.0	3.0
K00986	9.0	989.5
K00988	3.0	139.5
K00989	1040.5	1847.0
K00990	730.5	1100.5
K00991	1150.5	1991.0
K00992	316.5	673.5
K00995	1416.5	2481.0
K00997	1056.5	1627.5
K00998	0.0	10.0
K00999	20.0	19.0
K01000	1242.5	2320.0
K01004	6.0	127.0
K01006	937.0	1215.5
K01007	837.5	2551.5
K01008	716.5	1701.5
K01011	346.5	1730.5
K01012	1080.5	2174.0
K01023	5.0	0.0
K01026	12.0	269.0
K01027	8.0	211.99999999999997
K01028	84.0	302.0
K01029	84.0	302.0
K01031	35.0	74.0
K01032	35.0	74.0
K01034	10.0	0.0
K01035	10.0	0.0
K01039	130.0	403.0
K01040	78.0	305.0
K01042	535.0	960.0
K01046	62.0	647.5
K01048	12.0	55.0
K01051	66.0	48.0
K01053	86.5	392.50000000000006
K01055	28.0	79.0
K01056	1242.5	2325.0
K01057	480.5	1284.0
K01058	0.0	25.0
K01060	20.0	24.0
K01061	561.5	1860.0
K01066	196.0	237.0
K01067	30.0	59.0
K01069	270.5	1245.0
K01070	39.0	478.5
K01071	2.0	31.5
K01075	27.0	303.0
K01077	185.0	755.5
K01078	27.0	188.0
K01079	274.5	426.0
K01081	241.5	881.0
K01082	211.0	1219.0
K01083	20.0	398.0
K01087	159.0	375.0
K01089	96.0	304.0
K01090	1166.5	2574.5
K01091	1625.5	3946.5
K01092	1399.0	3069.0
K01095	832.5	1334.5
K01101	10.0	12.0
K01104	971.5	2079.0
K01113	122.0	649.0
K01114	46.0	90.0
K01118	107.0	286.0
K01119	19.0	111.0
K01120	26.0	4.0
K01126	1169.5	2528.0
K01129	977.0	1805.0
K01130	292.0	615.0
K01133	20.0	35.0
K01136	20.0	24.0
K01137	2.0	18.0
K01138	31.0	348.0
K01139	31.0	361.5
K01141	10.0	115.5
K01142	1428.0	2890.5
K01144	74.0	520.0
K01147	260.5	909.5
K01151	401.0	741.0
K01153	1102.5	2652.0
K01154	1054.5	2670.5
K01155	0.0	26.0
K01156	112.0	183.0
K01159	1173.5	2290.0
K01160	59.0	30.0
K01163	112.0	227.0
K01166	3.0	83.5
K01167	28.5	301.0
K01173	29.0	213.5
K01174	24.0	677.5
K01176	61.0	823.5
K01179	406.0	706.0
K01181	52.0	92.0
K01182	0.0	5.0
K01183	11.0	141.0
K01185	53.0	106.0
K01186	83.0	138.0
K01187	412.0	1261.5
K01190	445.0	1373.0
K01191	60.0	334.5
K01192	74.0	281.0
K01193	34.0	112.0
K01194	11.0	33.0
K01195	0.0	26.0
K01198	53.0	14.0
K01200	22.0	41.0
K01201	76.0	206.0
K01206	441.0	1159.0
K01207	940.5	1416.5
K01209	175.0	324.0
K01212	31.0	45.0
K01215	9.0	3.0
K01218	26.0	23.0
K01222	39.0	27.0
K01223	90.0	30.0
K01224	13.0	23.0
K01226	9.0	3.0
K01232	9.0	3.0
K01235	46.0	66.0
K01236	133.0	482.5
K01239	80.0	393.5
K01241	111.0	403.0
K01243	183.0	224.5
K01246	308.0	1070.5
K01247	372.5	889.0
K01250	2.0	13.0
K01251	1223.5	2371.0
K01252	0.0	54.0
K01255	1175.0	2386.0
K01256	421.5	1374.0
K01258	125.0	442.0
K01259	283.0	1231.5
K01262	1433.5	3216.5
K01263	0.0	54.0
K01265	1358.5	3105.5
K01266	70.0	157.0
K01267	32.0	294.5
K01270	172.0	853.0
K01271	104.0	337.0
K01273	251.0	757.0
K01277	69.0	409.0
K01278	286.0	952.0
K01283	15.0	135.0
K01284	180.0	669.0
K01286	116.0	145.0
K01295	27.0	254.0
K01297	582.0	1652.0
K01299	80.0	385.5
K01301	64.0	168.0
K01304	10.0	360.5
K01305	12.0	13.0
K01308	18.0	6.0
K01322	242.5	1094.5
K01338	2289.5	3919.0
K01354	126.5	327.0
K01356	1151.5	2026.0
K01358	1384.5	3538.5
K01361	19.0	3.0
K01372	196.0	779.0
K01392	23.0	137.0
K01406	4.0	9.0
K01409	1242.5	2320.0
K01414	282.5	989.0
K01415	109.0	49.0
K01419	993.5	1467.5
K01420	1370.0	2283.5
K01421	60.0	48.0
K01424	304.5	1492.0
K01425	43.0	556.5
K01426	451.0	1250.0
K01428	116.0	758.5
K01429	113.0	751.5
K01430	113.0	751.5
K01432	4.0	34.0
K01433	242.0	1079.5
K01434	268.5	626.5
K01436	167.5	911.0
K01437	0.0	257.0
K01438	292.0	815.5
K01439	421.5	1006.5
K01443	138.5	490.5
K01444	53.0	179.0
K01447	46.0	164.0
K01448	1348.5	3638.5
K01449	55.0	15.0
K01451	185.0	650.0
K01452	9.0	14.0
K01453	13.0	23.0
K01455	3.0	242.0
K01457	49.0	175.0
K01458	27.0	105.0
K01462	1552.0	3510.5
K01464	30.0	201.0
K01465	1509.0	3456.0
K01466	52.0	50.0
K01467	23.0	32.0
K01468	306.0	768.0
K01469	14.5	387.5
K01470	105.0	792.0
K01471	0.0	11.0
K01473	101.0	268.0
K01474	98.0	260.0
K01476	162.0	379.0
K01477	21.0	239.99999999999997
K01478	123.0	301.0
K01479	45.0	72.0
K01480	547.0	1291.0
K01481	3.0	165.0
K01482	0.0	22.0
K01483	21.0	262.0
K01484	0.0	54.0
K01485	83.0	1027.0
K01486	332.0	437.0
K01487	71.0	386.0
K01488	246.5	776.5
K01489	370.5	716.0
K01491	1242.5	2488.5
K01493	674.0	1263.5
K01494	511.5	1071.0
K01495	827.5	1814.5
K01496	686.5	1058.5
K01497	128.0	151.0
K01499	0.0	5.5
K01501	250.5	719.5
K01502	3.0	95.0
K01505	24.0	33.0
K01507	552.5	1610.0
K01512	953.5	1605.0
K01515	775.5	1768.0
K01520	1005.5	1909.5
K01523	242.5	574.5
K01524	1279.5	2270.0
K01525	256.5	647.5
K01531	12.0	64.0
K01533	360.5	1635.5
K01534	313.0	1251.5
K01537	346.0	1332.0
K01539	5.0	188.99999999999997
K01546	171.0	653.0
K01547	168.0	649.0
K01548	171.0	653.0
K01551	83.0	1381.0
K01555	47.0	116.0
K01556	151.5	371.0
K01560	110.0	243.0
K01561	11.0	40.0
K01563	66.0	278.0
K01567	19.0	3.0
K01571	64.0	220.5
K01572	167.0	565.5
K01573	13.0	70.5
K01574	15.0	23.0
K01576	10.0	51.0
K01577	9.5	23.0
K01578	27.5	280.0
K01579	1020.0	1592.0
K01580	38.0	254.0
K01581	82.0	149.0
K01582	4.0	34.0
K01583	25.0	67.0
K01584	165.5	377.0
K01585	334.0	1199.0
K01586	1297.5	2641.0
K01588	1233.5	2246.0
K01589	481.5	1246.0
K01591	1241.5	2311.0
K01592	0.0	11.0
K01593	110.0	223.0
K01594	2.0	13.0
K01595	433.5	1170.0
K01596	261.5	678.0
K01597	88.0	361.0
K01598	37.0	33.0
K01599	1188.5	2105.0
K01601	156.5	449.0
K01602	93.0	355.0
K01607	241.5	864.0
K01608	15.0	44.0
K01609	1215.5	2343.0
K01610	190.0	644.0
K01611	67.5	690.0
K01613	1230.5	2102.5
K01615	8.0	12.0
K01617	0.0	54.0
K01619	484.5	1184.5
K01620	642.5	1456.0
K01621	130.0	662.0
K01622	18.0	23.0
K01623	41.0	35.0
K01624	631.5	1495.5
K01625	256.0	844.5
K01626	615.5	1530.0
K01627	1124.5	1830.5
K01628	519.5	1039.0
K01629	20.0	24.0
K01630	22.0	0.0
K01631	7.0	53.0
K01633	577.5	1845.0
K01635	1.0	9.0
K01637	163.0	558.0
K01638	216.5	531.0
K01639	2.0	23.0
K01640	277.5	848.0
K01641	64.0	203.0
K01643	10.0	78.0
K01644	253.5	553.0
K01646	10.0	5.0
K01647	1330.5	2576.0
K01649	1959.5	3723.0
K01652	1883.0	3998.0
K01653	1190.5	2393.0
K01654	25.0	297.0
K01655	1.0	15.0
K01657	1204.5	2248.0
K01658	1220.5	2465.0
K01659	167.5	146.0
K01661	200.0	1091.5
K01662	1169.5	2081.0
K01664	84.0	74.0
K01665	198.0	1025.0
K01666	20.0	19.0
K01667	65.0	306.0
K01668	0.0	26.0
K01669	617.5	2193.5
K01671	11.0	21.0
K01673	831.5	2729.5
K01674	43.0	338.5
K01676	384.5	1039.0
K01677	232.0	292.0
K01678	232.0	292.0
K01679	850.5	1760.5
K01681	1217.0	1878.0
K01682	131.0	676.0
K01684	23.0	35.0
K01685	55.0	131.0
K01686	77.0	371.0
K01687	1253.5	2344.0
K01689	1242.5	2330.0
K01690	24.0	64.0
K01692	617.0	1276.0
K01693	994.5	1744.0
K01695	1213.5	2214.0
K01696	1231.5	2460.0
K01697	88.0	274.0
K01698	1213.5	2209.0
K01703	1221.0	2219.0
K01704	1215.0	2183.0
K01705	0.0	26.0
K01706	15.0	55.0
K01707	15.0	55.0
K01708	4.0	34.0
K01709	65.0	421.5
K01710	1473.5	2664.0
K01711	856.0	2459.5
K01712	306.0	768.0
K01713	0.0	11.0
K01714	1340.5	2502.0
K01715	764.0	1397.0
K01716	75.0	382.5
K01719	491.5	1195.5
K01720	43.0	89.0
K01724	557.5	1655.0
K01725	66.0	382.5
K01727	11.0	21.0
K01728	22.0	53.0
K01733	1502.5	2860.5
K01734	116.0	327.0
K01735	1248.5	2380.5
K01736	1224.5	2297.0
K01737	1249.5	2415.5
K01738	1185.5	2740.0
K01739	239.0	580.0
K01740	589.5	1118.0
K01744	87.0	634.5
K01745	384.0	950.0
K01749	1213.5	2209.0
K01750	55.5	512.0
K01751	10.0	0.0
K01752	369.0	700.0
K01753	0.0	25.0
K01754	1015.5	2812.5
K01755	1251.5	2309.0
K01756	1251.5	2334.0
K01758	79.0	262.0
K01759	497.5	1760.0
K01760	233.5	417.0
K01761	212.0	588.0
K01768	869.5	2820.0
K01770	1059.5	1900.0
K01772	919.5	2030.5
K01775	1272.5	2368.0
K01776	1027.0	1853.0
K01778	1241.5	2306.0
K01779	128.0	571.0
K01782	132.5	532.0
K01783	1241.5	2346.0
K01784	2300.5	4516.0
K01785	335.0	787.0
K01787	13.0	17.0
K01788	12.0	332.5
K01790	1195.5	2690.5
K01791	1009.0	2219.0
K01792	134.0	555.0
K01796	20.0	19.0
K01799	26.0	66.0
K01800	14.0	99.0
K01801	74.5	260.0
K01802	792.5	2117.0
K01803	1253.5	2341.0
K01804	57.0	63.0
K01805	186.0	473.0
K01807	353.5	1172.0
K01808	964.0	1369.0
K01809	268.0	1048.0
K01810	1227.5	2364.0
K01811	53.0	82.0
K01812	136.0	295.0
K01813	22.0	15.0
K01814	1207.5	2291.5
K01815	85.0	214.0
K01816	168.0	597.0
K01817	1246.0	2471.0
K01818	33.0	36.0
K01820	28.0	59.0
K01821	237.5	702.0
K01822	15.0	12.0
K01823	135.0	724.5
K01826	32.0	339.0
K01829	9.0	3.0
K01834	363.5	729.0
K01835	475.0	1253.0
K01838	48.0	60.0
K01839	82.0	282.0
K01840	385.0	1039.5
K01841	3.0	14.0
K01843	687.0	1178.0
K01844	33.0	83.0
K01845	1268.5	2344.0
K01846	10.0	0.0
K01847	259.0	1111.0
K01848	411.0	883.0
K01849	376.0	610.0
K01851	0.0	54.0
K01852	2.0	18.5
K01854	80.0	433.0
K01856	0.0	131.0
K01857	26.0	33.0
K01858	179.0	403.0
K01865	0.0	26.0
K01866	1251.5	2323.0
K01867	1268.5	2348.0
K01868	1261.5	2377.0
K01869	1242.5	2374.0
K01870	1251.5	2377.0
K01872	1354.5	2560.0
K01873	1230.5	2320.0
K01874	1251.5	2323.0
K01875	1242.5	2320.0
K01876	1242.5	2320.0
K01878	882.5	1714.0
K01879	934.5	1714.0
K01880	333.0	597.0
K01881	1251.5	2328.0
K01883	1311.5	2504.0
K01885	1270.5	2746.5
K01886	858.5	1602.0
K01887	1239.5	2323.0
K01889	1245.5	2441.0
K01890	1245.5	2387.0
K01892	1239.5	2323.0
K01893	493.5	1266.5
K01894	297.5	711.5
K01895	1403.5	2672.0
K01896	3.0	12.0
K01897	2511.5	5540.0
K01902	1234.5	2196.5
K01903	1234.5	2196.5
K01905	17.0	138.0
K01907	110.5	461.0
K01908	103.5	397.0
K01910	10.0	0.0
K01911	177.0	998.5
K01912	1404.5	3058.0
K01914	50.0	149.0
K01915	1551.0	3813.5
K01916	253.0	838.5
K01918	1232.5	1860.5
K01919	330.5	774.5
K01920	277.5	1068.0
K01921	1384.5	3321.0
K01922	20.0	24.0
K01923	1242.5	2357.0
K01924	1213.5	2269.0
K01925	1242.5	2343.0
K01926	206.0	351.0
K01928	1241.5	2337.0
K01929	1242.5	2320.0
K01933	1242.5	2320.0
K01934	890.5	1661.0
K01935	789.5	1593.0
K01937	1242.5	2320.0
K01938	294.5	400.5
K01939	1262.5	2398.0
K01940	1224.5	2250.0
K01941	75.0	195.0
K01945	1242.5	2320.0
K01950	1128.5	2205.0
K01951	1332.5	2662.0
K01952	2450.5	4599.0
K01953	1774.5	3225.5
K01955	1321.5	2591.0
K01956	1239.5	2323.0
K01958	159.0	270.0
K01959	59.0	30.0
K01960	191.0	494.0
K01961	1215.5	2436.0
K01962	768.5	1565.0
K01963	878.5	1662.0
K01965	68.0	318.0
K01966	605.0	1212.0
K01968	137.5	456.0
K01969	256.5	765.0
K01971	258.0	597.0
K01972	1242.5	2320.0
K01974	10.0	147.49999999999997
K01975	1025.5	1519.5
K01989	185.0	306.5
K01990	5944.0	11818.5
K01991	1113.5	3668.0
K01992	5183.5	10749.5
K01993	922.5	1713.5
K01994	9.0	3.0
K01995	1342.5	3864.5
K01996	1418.5	4220.5
K01997	1292.5	4005.5
K01998	1260.5	3962.5
K01999	2281.0	6707.5
K02000	51.0	132.0
K02001	51.0	132.0
K02002	57.0	205.0
K02003	4433.0	9027.5
K02004	5101.0	11563.5
K02005	1723.5	5306.0
K02006	185.0	1067.5
K02007	424.0	1280.5
K02008	419.0	1273.5
K02009	76.0	680.5
K02010	506.5	1333.5
K02011	407.5	1295.5
K02012	451.5	1534.5
K02013	1417.5	2989.5
K02014	3424.0	8203.5
K02015	1349.5	2664.5
K02016	1562.0	3414.0
K02017	846.5	1414.5
K02018	975.5	1862.0
K02019	456.5	1054.5
K02020	925.5	1813.0
K02022	32.0	861.5
K02024	5.0	82.0
K02025	402.0	1275.5
K02026	349.0	1235.5
K02027	419.0	1331.0
K02028	370.0	1170.0
K02029	380.0	1246.0
K02030	717.5	2834.0
K02031	896.5	1347.0
K02032	1233.5	3030.5
K02033	1363.5	3308.0
K02034	1360.5	3384.0
K02035	1457.5	3419.0
K02036	1264.5	2769.5
K02037	1245.5	2674.5
K02038	1264.5	2759.5
K02039	1165.5	1789.5
K02040	1678.0	3858.0
K02041	75.0	393.5
K02042	75.0	404.5
K02043	0.0	11.0
K02044	533.0	2000.5
K02045	208.5	877.0
K02046	218.5	776.0
K02047	218.5	776.0
K02048	266.5	1062.0
K02049	741.5	2002.0
K02050	705.5	1882.0
K02051	1098.5	3060.5
K02052	52.0	275.0
K02053	49.0	253.0
K02054	49.0	204.0
K02055	59.0	633.5
K02056	269.0	753.5
K02057	358.0	1200.0
K02058	81.0	506.5
K02062	21.0	44.0
K02063	21.0	44.0
K02064	21.0	44.0
K02065	1820.0	3436.5
K02066	1942.5	3729.5
K02067	1792.5	3322.5
K02068	16.0	157.0
K02069	36.0	474.5
K02071	87.0	397.5
K02072	87.0	135.0
K02073	83.0	140.0
K02074	94.0	280.5
K02075	41.0	227.5
K02076	14.0	3.0
K02077	263.0	720.5
K02078	1798.0	4553.0
K02081	22.0	77.0
K02083	12.0	11.0
K02086	9.0	3.0
K02092	6.0	396.5
K02093	3.0	329.5
K02094	3.0	329.5
K02095	3.0	329.5
K02096	3.0	329.5
K02097	3.0	329.5
K02103	18.0	11.0
K02106	15.0	111.0
K02107	10.0	0.0
K02108	1251.5	2394.5
K02109	1714.5	3590.0
K02110	1260.5	2555.5
K02111	1226.5	2458.5
K02112	1247.5	2458.5
K02113	1242.5	2315.0
K02114	1242.5	2337.0
K02115	1226.5	2458.5
K02116	350.5	1322.5
K02117	50.0	160.0
K02118	50.0	160.0
K02119	10.0	11.0
K02120	50.0	160.0
K02121	50.0	160.0
K02122	10.0	11.0
K02123	50.0	160.0
K02124	50.0	160.0
K02160	1091.5	1961.0
K02164	18.0	236.0
K02167	0.0	65.0
K02168	3.0	69.0
K02169	292.5	909.5
K02170	182.5	441.5
K02171	9.0	3.0
K02172	9.0	3.0
K02182	20.0	19.0
K02188	109.0	742.5
K02189	78.0	620.0
K02190	126.0	224.0
K02191	13.0	329.5
K02192	223.5	466.5
K02193	325.5	898.5
K02194	353.5	845.5
K02195	359.5	972.5
K02196	119.0	326.5
K02197	358.5	963.5
K02198	359.5	972.5
K02199	316.5	719.5
K02200	502.0	1185.0
K02203	88.0	373.0
K02204	193.5	449.0
K02217	196.0	492.0
K02221	942.5	1892.5
K02224	397.0	1234.5
K02225	74.0	268.0
K02226	224.0	477.5
K02227	430.5	1345.5
K02228	20.0	30.0
K02229	23.0	38.0
K02230	29.0	410.5
K02231	317.0	1075.5
K02232	224.0	950.5
K02233	317.0	1064.5
K02234	6.0	348.5
K02236	9.0	3.0
K02237	416.5	867.5
K02238	1166.5	2264.0
K02239	9.0	3.0
K02240	9.0	3.0
K02241	0.0	10.0
K02242	19.0	3.0
K02243	9.0	3.0
K02244	9.0	3.0
K02245	9.0	3.0
K02246	9.0	3.0
K02248	9.0	3.0
K02250	18.0	6.0
K02258	169.5	445.5
K02259	403.5	1270.0
K02274	757.5	1942.0
K02275	685.5	1902.0
K02276	759.5	2262.5
K02277	134.0	407.0
K02278	14.0	112.0
K02279	46.0	161.0
K02280	10.0	143.0
K02281	3.0	8.0
K02282	43.0	103.0
K02283	171.0	413.0
K02284	3.0	329.5
K02285	3.0	329.5
K02286	6.0	459.5
K02287	3.0	272.5
K02288	3.0	329.5
K02289	3.0	329.5
K02290	6.0	515.0
K02291	277.5	1013.5
K02292	0.0	205.5
K02293	0.0	262.5
K02294	3.0	329.5
K02297	0.0	11.0
K02298	0.0	11.0
K02299	0.0	22.0
K02300	0.0	11.0
K02302	260.0	617.5
K02303	217.0	822.5
K02304	584.0	829.0
K02305	18.0	252.5
K02313	1262.5	2353.0
K02314	1260.5	2326.0
K02315	113.0	255.0
K02316	1242.5	2320.0
K02334	1130.5	2058.0
K02335	1281.5	2399.0
K02336	0.0	26.0
K02337	1278.5	2611.0
K02338	1251.5	2330.5
K02339	257.5	643.5
K02340	1210.5	2286.5
K02341	1240.5	2291.0
K02342	993.0	3093.5
K02343	1230.5	2476.5
K02346	1316.5	2224.0
K02347	293.0	346.0
K02348	55.5	131.0
K02351	1.0	9.0
K02355	2380.5	4893.5
K02356	1314.5	2453.0
K02357	1230.5	2320.0
K02358	2047.0	3837.5
K02361	77.0	359.0
K02362	0.0	11.0
K02363	0.0	54.0
K02371	106.0	389.0
K02372	1026.5	1892.0
K02377	587.0	1326.0
K02379	323.5	998.5
K02380	93.0	471.0
K02381	20.0	19.0
K02383	0.0	5.0
K02385	59.0	71.0
K02386	268.5	820.5
K02387	625.5	1060.5
K02388	733.5	1265.5
K02389	794.5	1215.5
K02390	914.5	1314.5
K02391	267.5	588.5
K02392	1095.5	1676.5
K02393	622.5	1099.5
K02394	671.5	1179.5
K02395	260.5	617.5
K02396	493.5	985.5
K02397	348.5	738.5
K02398	251.5	527.5
K02399	97.0	255.0
K02400	807.5	1292.5
K02401	886.5	1555.5
K02402	175.5	108.0
K02403	175.5	108.0
K02404	309.5	784.5
K02405	929.5	1494.5
K02406	450.5	903.5
K02407	316.5	632.5
K02408	682.5	1179.5
K02409	682.5	1179.5
K02410	737.5	1181.5
K02411	397.5	921.5
K02412	866.5	1287.5
K02413	288.5	679.5
K02414	157.0	285.0
K02415	713.5	1260.5
K02416	909.5	1340.5
K02417	744.5	1194.5
K02418	227.5	725.5
K02419	794.5	1292.5
K02420	875.5	1555.5
K02421	865.5	1501.5
K02422	457.5	754.5
K02423	175.5	108.0
K02424	9.0	3.0
K02426	224.0	947.5
K02427	598.5	1024.5
K02428	1405.5	3080.5
K02429	134.0	378.0
K02431	11.0	37.0
K02433	1246.0	2588.5
K02434	1145.5	2021.0
K02435	1157.5	2008.0
K02437	1263.5	2374.0
K02438	222.0	906.0
K02439	8.0	236.0
K02440	64.0	126.0
K02441	2.0	13.0
K02443	19.0	3.0
K02444	11.0	68.0
K02445	23.0	93.0
K02446	177.0	413.0
K02448	22.0	242.0
K02450	593.0	921.5
K02451	91.0	209.5
K02452	245.0	492.0
K02453	868.5	1608.5
K02454	1008.0	2227.0
K02455	820.0	1277.5
K02456	1264.5	2177.5
K02457	179.5	527.5
K02458	371.0	643.5
K02459	361.5	594.5
K02460	371.0	643.5
K02461	130.5	425.5
K02462	77.0	380.5
K02463	45.0	135.0
K02469	1289.5	2894.5
K02470	1286.5	2565.0
K02471	119.0	779.0
K02472	5.0	0.0
K02473	72.0	265.0
K02474	318.0	1016.5
K02475	11.0	21.0
K02476	11.0	21.0
K02477	669.0	1449.0
K02478	97.0	165.0
K02479	0.0	160.0
K02480	0.0	199.5
K02481	914.0	1556.0
K02482	526.0	1067.0
K02483	731.5	2933.5
K02484	230.0	666.0
K02485	31.0	78.0
K02487	0.0	11.0
K02488	12.0	106.5
K02490	9.0	13.0
K02491	18.0	6.0
K02492	1210.5	2196.0
K02493	1293.5	2379.0
K02494	249.0	624.5
K02495	1644.0	3554.5
K02496	197.5	457.0
K02497	9.0	3.0
K02498	257.5	643.5
K02499	812.0	889.0
K02500	1214.5	2250.0
K02501	1214.5	2250.0
K02502	367.5	1029.0
K02503	1311.5	2632.0
K02509	15.0	44.0
K02510	34.0	545.0
K02517	1263.0	2337.0
K02518	1319.5	2610.0
K02519	1242.5	2326.0
K02520	1245.5	2387.0
K02523	1093.5	1863.5
K02525	9.0	3.0
K02526	29.0	27.0
K02527	1190.5	1986.5
K02528	1242.5	2320.0
K02529	833.0	1787.0
K02533	568.5	1353.5
K02535	856.5	1695.0
K02536	1159.5	2265.0
K02538	9.0	3.0
K02548	245.0	1377.5
K02549	148.0	703.5
K02551	188.0	1091.5
K02552	81.0	677.5
K02553	29.0	374.5
K02554	25.0	198.0
K02556	953.5	1628.5
K02557	1395.5	2302.5
K02558	787.5	1410.5
K02563	1251.5	2323.0
K02564	322.0	747.0
K02566	46.0	74.0
K02567	18.0	246.0
K02568	18.0	246.0
K02569	27.0	326.0
K02570	18.0	246.0
K02572	18.0	246.0
K02573	26.0	502.0
K02574	26.0	492.0
K02575	326.0	804.0
K02584	556.0	1117.5
K02585	139.0	489.5
K02586	90.0	420.5
K02587	90.0	420.5
K02588	107.0	420.5
K02589	49.0	69.0
K02590	49.0	69.0
K02591	90.0	420.5
K02592	67.0	320.5
K02593	21.0	363.0
K02594	41.0	351.5
K02595	21.0	363.0
K02596	41.0	396.0
K02597	39.0	604.5
K02598	37.0	9.0
K02600	1242.5	2320.0
K02601	1224.5	2302.0
K02609	122.0	88.0
K02610	122.0	88.0
K02611	122.0	88.0
K02612	122.0	88.0
K02613	156.0	139.0
K02614	153.0	495.0
K02616	28.0	224.0
K02617	19.0	268.0
K02618	37.0	60.0
K02619	116.0	484.0
K02621	393.5	1043.5
K02622	401.5	1226.5
K02624	19.0	92.0
K02626	27.0	213.0
K02634	3.0	329.5
K02635	3.0	385.5
K02636	78.0	666.0
K02637	3.0	329.5
K02638	3.0	196.5
K02639	12.0	1318.0
K02640	3.0	329.5
K02641	6.0	413.5
K02642	0.0	27.5
K02643	3.0	209.5
K02647	19.0	8.0
K02650	394.5	846.5
K02651	45.0	98.0
K02652	1426.0	2650.0
K02653	1286.0	2425.0
K02654	1156.5	1962.0
K02655	209.5	619.5
K02656	209.5	619.5
K02657	235.5	1454.0
K02658	292.5	1748.0
K02659	215.5	1175.0
K02660	212.5	1158.5
K02662	919.5	1845.0
K02663	738.5	1551.0
K02664	748.5	1551.0
K02665	241.5	769.5
K02666	750.5	1594.0
K02667	833.5	1464.5
K02668	672.5	1075.5
K02669	1726.5	3660.5
K02670	305.0	1105.5
K02671	288.5	742.5
K02672	209.5	743.5
K02673	10.0	91.0
K02674	291.5	854.5
K02676	164.5	708.5
K02686	183.5	361.0
K02687	1102.5	2325.0
K02688	0.0	6.0
K02689	6.0	339.5
K02690	6.0	339.5
K02691	3.0	329.5
K02692	3.0	272.5
K02693	6.0	516.5
K02694	3.0	329.5
K02696	3.0	272.5
K02697	3.0	329.5
K02698	6.0	482.0
K02699	3.0	289.5
K02700	3.0	329.5
K02702	0.0	138.5
K02703	15.0	1802.5
K02704	3.0	329.5
K02705	6.0	529.5
K02706	6.0	602.0
K02707	3.0	329.5
K02708	3.0	272.5
K02709	3.0	329.5
K02710	3.0	272.5
K02711	3.0	329.5
K02712	3.0	272.5
K02713	3.0	272.5
K02714	3.0	329.5
K02715	3.0	329.5
K02716	3.0	329.5
K02717	3.0	329.5
K02718	3.0	329.5
K02719	3.0	272.5
K02720	3.0	592.0
K02722	3.0	329.5
K02723	3.0	329.5
K02724	3.0	329.5
K02757	74.0	18.0
K02759	64.0	18.0
K02760	64.0	18.0
K02761	73.0	21.0
K02765	9.0	3.0
K02768	120.0	112.0
K02769	18.0	6.0
K02770	87.0	165.0
K02773	18.0	6.0
K02774	27.0	9.0
K02775	27.0	9.0
K02777	21.0	21.0
K02779	9.0	3.0
K02781	9.0	3.0
K02783	18.0	6.0
K02791	9.0	3.0
K02793	421.0	727.0
K02794	39.0	69.0
K02795	39.0	69.0
K02796	44.0	207.0
K02798	18.0	6.0
K02800	40.0	43.0
K02803	11.0	21.0
K02804	20.0	24.0
K02805	13.0	109.0
K02806	728.5	1521.0
K02810	27.0	9.0
K02819	18.0	6.0
K02821	206.5	455.0
K02822	37.0	9.0
K02823	716.0	1213.0
K02824	67.0	461.0
K02825	1147.5	1870.0
K02826	9.0	3.0
K02827	9.0	3.0
K02828	9.0	3.0
K02829	9.0	3.0
K02834	1245.5	2378.0
K02835	1242.5	2320.0
K02836	1245.5	2324.0
K02837	697.5	1640.0
K02838	1242.5	2320.0
K02839	5.0	17.0
K02841	623.5	1125.5
K02843	962.5	1579.0
K02844	45.5	476.0
K02847	22.0	11.0
K02849	140.5	508.0
K02851	292.0	836.5
K02856	24.0	22.0
K02858	15.0	41.0
K02859	9.0	3.0
K02860	1191.5	2269.0
K02863	1224.5	2297.0
K02864	1165.5	2267.0
K02867	1224.5	2297.0
K02871	1242.5	2320.0
K02874	1242.5	2320.0
K02876	1242.5	2320.0
K02878	1242.5	2320.0
K02879	1242.5	2320.0
K02881	1242.5	2320.0
K02884	1230.5	2320.0
K02886	1242.5	2320.0
K02887	1242.5	2320.0
K02888	1242.5	2320.0
K02890	1237.5	2311.0
K02892	1242.5	2320.0
K02895	1242.5	2320.0
K02897	1242.5	2309.0
K02899	1242.5	2320.0
K02902	1241.5	2311.0
K02904	1242.5	2320.0
K02906	1242.5	2320.0
K02907	1186.5	1939.5
K02909	1251.5	2323.0
K02911	1134.5	2237.0
K02913	1226.5	2233.0
K02914	1007.5	1858.0
K02916	1224.5	2297.0
K02919	551.0	1417.5
K02926	1242.5	2320.0
K02931	1242.5	2320.0
K02933	1242.5	2320.0
K02935	1224.5	2240.0
K02939	1242.5	2320.0
K02945	1303.5	2859.5
K02946	1242.5	2320.0
K02948	1242.5	2320.0
K02950	1242.5	2320.0
K02952	1242.5	2320.0
K02954	1208.5	2230.0
K02956	1240.5	2302.0
K02959	1230.5	2320.0
K02961	1242.5	2320.0
K02963	1242.5	2309.0
K02965	1242.5	2320.0
K02967	1230.5	2320.0
K02968	1242.5	2320.0
K02970	1155.5	2292.5
K02982	1242.5	2320.0
K02986	1263.5	2560.0
K02988	1242.5	2320.0
K02990	1223.5	2293.0
K02992	1242.5	2320.0
K02994	1242.5	2320.0
K02996	1242.5	2320.0
K03040	1242.5	2320.0
K03043	1242.5	2320.0
K03046	1245.5	2649.5
K03048	9.0	3.0
K03060	839.5	1713.0
K03070	1242.5	2320.0
K03071	257.5	654.5
K03072	1097.5	1959.0
K03073	1224.5	2297.0
K03074	1097.5	1937.0
K03075	1242.5	2320.0
K03076	1242.5	2320.0
K03077	40.0	38.0
K03086	1793.5	3445.0
K03087	166.0	1646.0
K03088	6126.5	13239.5
K03089	703.5	1407.5
K03090	138.0	620.0
K03091	142.0	101.0
K03092	1160.5	1896.5
K03093	10.0	0.0
K03095	9.0	3.0
K03098	163.0	704.0
K03100	1423.5	3129.0
K03101	1258.5	2454.0
K03106	1216.5	2320.0
K03110	1242.5	2320.0
K03111	1520.5	2896.0
K03113	127.0	812.5
K03116	1442.5	3352.5
K03117	587.5	1074.5
K03118	1282.5	2342.0
K03119	23.0	129.0
K03146	59.0	30.0
K03147	988.5	1722.0
K03148	13.0	56.0
K03149	749.5	1705.0
K03150	133.0	384.0
K03151	78.0	38.0
K03152	50.0	149.0
K03153	119.0	395.5
K03154	1077.5	1830.0
K03166	0.0	27.0
K03167	0.0	27.0
K03168	1048.0	2126.0
K03169	368.5	850.0
K03177	1242.5	2374.0
K03179	907.5	1967.0
K03181	152.5	327.5
K03182	717.0	1410.0
K03183	1251.5	2740.5
K03184	10.0	37.5
K03185	259.5	958.0
K03186	723.0	1381.0
K03187	92.0	718.5
K03188	116.0	815.5
K03189	115.0	806.5
K03190	116.0	815.5
K03192	10.0	164.5
K03195	22.0	21.0
K03196	0.0	21.0
K03199	0.0	21.0
K03200	0.0	21.0
K03203	0.0	11.0
K03204	0.0	21.0
K03205	25.0	29.0
K03208	8.0	293.5
K03210	1228.5	1930.5
K03212	31.0	40.0
K03214	10.0	37.5
K03215	1097.5	2220.0
K03216	524.5	1258.0
K03217	1262.5	2344.0
K03218	1223.5	2293.0
K03219	0.0	11.0
K03220	0.0	11.0
K03222	0.0	125.0
K03223	0.0	71.0
K03224	0.0	71.0
K03225	0.0	71.0
K03226	2.0	138.0
K03227	0.0	17.0
K03228	0.0	71.0
K03229	0.0	71.0
K03230	2.0	138.0
K03269	426.5	1048.5
K03270	1071.5	1762.5
K03271	1133.5	1825.5
K03272	695.0	827.5
K03273	964.5	1983.5
K03274	299.5	769.0
K03281	547.0	1579.0
K03282	560.5	1357.0
K03284	1252.5	2434.0
K03286	352.5	1332.5
K03287	0.0	17.0
K03288	0.0	11.0
K03292	15.0	426.5
K03293	43.0	60.0
K03294	667.0	1535.0
K03296	1891.5	3506.5
K03297	74.0	105.0
K03298	32.0	60.0
K03299	85.0	136.0
K03300	29.0	44.0
K03301	82.0	264.0
K03303	28.0	175.0
K03304	0.0	11.0
K03305	182.0	589.5
K03306	849.5	2119.0
K03307	854.0	1827.5
K03308	181.0	754.5
K03309	15.0	109.0
K03310	294.0	935.5
K03311	19.0	3.0
K03312	10.0	5.0
K03313	179.0	470.0
K03315	59.0	143.0
K03316	188.0	768.0
K03317	233.0	1022.5
K03319	0.0	10.0
K03320	1479.5	3415.5
K03321	615.5	2098.5
K03322	57.0	127.0
K03324	233.5	586.0
K03325	912.0	1761.0
K03327	503.0	1575.0
K03328	6.0	227.5
K03330	0.0	47.0
K03332	53.0	90.0
K03333	25.0	291.0
K03335	22.0	47.0
K03336	21.0	38.0
K03337	21.0	38.0
K03338	21.0	33.0
K03339	9.0	3.0
K03342	126.0	508.0
K03343	11.0	21.0
K03346	9.0	3.0
K03366	10.0	23.0
K03367	9.0	14.0
K03379	20.0	19.0
K03380	15.0	44.0
K03381	0.0	14.0
K03382	0.0	5.0
K03383	20.0	19.0
K03385	135.0	548.0
K03386	979.5	2309.0
K03387	94.0	329.0
K03388	466.0	1029.0
K03389	201.0	462.0
K03390	45.0	181.0
K03391	15.0	12.0
K03392	27.0	109.0
K03394	112.0	704.5
K03399	10.0	0.0
K03402	284.0	661.0
K03403	6.0	602.0
K03404	24.0	392.5
K03405	203.0	530.5
K03406	2313.5	6473.0
K03407	1353.5	3200.5
K03408	1613.0	3378.5
K03409	75.0	379.0
K03410	22.0	257.0
K03411	245.5	1149.5
K03412	1447.5	3210.0
K03413	2150.0	4391.0
K03414	164.5	405.0
K03415	85.0	578.0
K03417	100.5	190.0
K03424	1483.5	3219.5
K03426	202.0	615.0
K03427	1317.5	3411.0
K03428	3.0	329.5
K03429	49.0	51.0
K03430	66.0	43.0
K03431	1047.5	1891.0
K03432	150.0	82.0
K03433	150.0	82.0
K03435	0.0	11.0
K03436	40.0	53.0
K03437	738.5	1464.5
K03438	1242.5	2320.0
K03439	626.5	1632.0
K03442	451.0	1472.5
K03446	254.0	527.0
K03449	73.0	135.0
K03453	225.5	632.0
K03455	882.5	2241.0
K03457	27.0	118.0
K03458	41.0	61.5
K03462	24.0	22.0
K03464	0.0	11.0
K03465	164.0	496.5
K03466	1311.5	2156.0
K03469	1205.5	2237.0
K03470	1239.5	2316.0
K03471	57.0	110.0
K03472	18.0	246.0
K03473	40.0	183.0
K03474	1137.5	2039.0
K03475	27.0	9.0
K03478	35.0	149.0
K03480	9.0	3.0
K03483	18.0	6.0
K03484	27.0	9.0
K03486	9.0	3.0
K03488	18.0	6.0
K03489	9.0	3.0
K03491	36.0	12.0
K03492	9.0	3.0
K03495	1170.5	2175.0
K03496	2003.0	5156.5
K03497	1538.5	3095.5
K03498	797.0	1878.0
K03499	1078.0	2435.5
K03500	1293.0	2635.0
K03501	1185.5	2235.0
K03502	40.0	247.0
K03503	28.0	177.0
K03517	1232.5	2243.0
K03518	202.0	568.0
K03519	131.0	380.0
K03520	91.0	114.0
K03521	1230.5	2271.0
K03522	1243.5	2249.0
K03523	106.0	548.5
K03524	1247.5	2447.0
K03525	1241.5	2264.0
K03526	1169.5	2110.0
K03527	1171.5	2157.0
K03528	10.0	95.5
K03529	1161.5	1858.0
K03530	1940.5	3862.0
K03531	1212.5	2323.0
K03532	9.0	74.0
K03534	78.0	125.0
K03535	59.0	30.0
K03536	1103.5	2199.0
K03543	259.0	537.0
K03544	1250.5	2830.0
K03545	1242.5	2428.0
K03546	205.0	1241.5
K03547	138.0	1065.5
K03548	29.0	170.5
K03549	311.5	1062.5
K03550	1242.5	2320.0
K03551	1242.5	2320.0
K03553	1256.5	2490.0
K03554	106.0	518.5
K03555	1174.5	2194.0
K03556	23.0	86.0
K03557	254.5	630.5
K03558	440.5	1278.5
K03559	2011.5	4629.5
K03560	1082.5	2014.5
K03561	1839.0	4342.5
K03562	969.5	1683.5
K03563	275.0	429.5
K03564	1154.0	3386.0
K03565	683.5	1689.0
K03566	131.0	730.0
K03567	98.0	303.5
K03568	805.5	2188.0
K03569	1281.5	2336.0
K03570	1228.5	2291.0
K03571	312.5	781.5
K03572	1162.5	2194.0
K03574	1561.5	3628.5
K03575	1172.5	2185.0
K03576	171.5	175.5
K03577	87.0	280.0
K03578	284.5	866.5
K03579	186.0	290.0
K03580	10.0	265.5
K03581	505.0	843.5
K03582	59.0	221.5
K03583	71.0	211.5
K03584	1203.5	2258.0
K03585	1170.0	2365.0
K03586	254.5	624.5
K03587	1212.5	2192.0
K03588	1251.5	2323.0
K03589	557.5	1644.0
K03590	1171.5	1864.5
K03592	467.5	1527.5
K03593	1001.5	2130.0
K03594	652.5	1759.5
K03595	1191.5	2269.0
K03596	1260.5	2343.0
K03597	175.5	158.0
K03598	246.5	378.5
K03599	254.5	624.5
K03600	256.5	691.5
K03601	1221.5	2320.0
K03602	1184.5	2287.0
K03605	422.0	971.5
K03606	105.0	114.5
K03607	18.0	246.0
K03608	125.0	766.0
K03609	135.0	778.0
K03610	135.0	778.0
K03611	269.5	636.5
K03612	322.0	1289.0
K03613	322.0	1289.0
K03614	322.0	1289.0
K03615	279.0	1286.0
K03616	285.5	888.0
K03617	269.0	1286.0
K03618	18.0	300.5
K03619	8.0	247.0
K03620	54.0	402.5
K03621	857.5	1783.0
K03624	1192.5	1911.5
K03625	1222.5	2296.0
K03628	1254.5	2069.5
K03629	434.0	1139.0
K03630	1152.5	2108.0
K03631	1242.5	2320.0
K03634	697.5	1374.5
K03635	527.5	1348.0
K03636	476.5	1300.0
K03637	1037.5	1922.0
K03638	105.0	775.0
K03639	1192.5	2324.0
K03640	963.5	2081.5
K03641	850.5	1587.5
K03642	841.5	1726.0
K03643	200.5	524.5
K03644	1239.5	2574.5
K03646	334.5	815.5
K03647	20.0	24.0
K03648	213.0	645.5
K03649	80.0	86.0
K03650	1170.5	2175.0
K03651	58.0	435.5
K03652	236.0	604.5
K03654	914.0	2721.5
K03655	1244.5	2478.5
K03656	108.0	477.5
K03657	1787.5	3691.5
K03660	29.0	33.0
K03664	1242.5	2320.0
K03665	1265.5	2775.0
K03666	374.5	1158.0
K03667	993.5	1467.5
K03669	42.0	96.5
K03670	48.0	123.5
K03671	2003.0	4782.5
K03672	322.0	907.5
K03673	318.5	654.5
K03676	275.5	1300.5
K03683	67.0	214.5
K03684	383.0	1251.5
K03685	1245.5	2649.5
K03686	1782.5	3711.5
K03687	1242.5	2380.0
K03688	724.5	1427.0
K03690	254.5	624.5
K03692	3.0	67.0
K03693	9.0	3.0
K03694	382.5	1133.5
K03695	1258.5	2664.5
K03696	585.0	1627.0
K03697	9.0	3.0
K03698	488.0	669.0
K03699	294.0	971.0
K03700	9.0	3.0
K03701	1690.5	3281.0
K03702	1242.5	2320.0
K03703	1251.5	2334.0
K03704	2126.0	3562.0
K03705	1006.5	1680.0
K03706	19.0	3.0
K03707	74.0	372.5
K03708	19.0	3.0
K03709	653.0	846.0
K03710	387.0	870.0
K03711	1853.5	4221.0
K03713	9.0	3.0
K03716	54.0	207.0
K03717	220.5	439.0
K03718	140.0	365.0
K03719	226.0	755.0
K03720	0.0	5.0
K03722	696.5	1481.0
K03723	1242.5	2320.0
K03724	75.0	534.0
K03727	31.0	40.0
K03732	153.0	436.0
K03733	1221.5	2047.5
K03734	1072.5	1884.0
K03735	10.0	65.0
K03736	10.0	11.0
K03737	333.0	1012.0
K03738	684.0	954.0
K03739	9.0	3.0
K03740	9.0	3.0
K03741	980.5	1738.0
K03742	975.0	1664.5
K03743	301.5	748.5
K03744	1207.5	1968.5
K03745	105.0	404.0
K03746	120.0	428.5
K03747	188.0	339.5
K03748	34.0	87.0
K03749	244.5	569.5
K03750	1325.5	2599.0
K03752	950.5	1920.0
K03753	283.5	809.5
K03758	24.0	15.0
K03760	14.0	88.0
K03761	22.0	53.0
K03762	57.0	141.0
K03763	19.0	3.0
K03767	411.5	976.0
K03768	1427.5	3193.5
K03769	950.5	1911.5
K03770	943.5	1746.5
K03771	1171.5	2095.5
K03772	379.5	1159.5
K03773	256.0	650.5
K03774	93.0	298.0
K03775	292.5	1053.5
K03776	152.0	618.0
K03777	32.0	128.5
K03778	83.0	416.5
K03781	329.5	434.0
K03782	204.0	772.0
K03783	736.0	1071.0
K03784	39.0	149.0
K03785	55.0	183.0
K03786	1053.5	1983.0
K03787	1175.5	2558.5
K03789	1103.5	1914.0
K03790	177.5	1023.5
K03791	0.0	71.0
K03793	233.5	534.5
K03794	18.0	6.0
K03795	230.0	856.5
K03796	13.0	0.0
K03797	1681.5	4090.0
K03798	1690.5	3930.0
K03799	1049.5	2126.0
K03800	395.0	841.5
K03801	1021.5	1888.0
K03802	229.0	1136.0
K03803	108.0	670.5
K03805	4.0	9.0
K03806	244.5	592.5
K03807	10.0	32.0
K03808	50.0	109.0
K03809	408.5	844.5
K03811	143.0	376.0
K03813	18.0	236.0
K03814	441.5	900.0
K03816	20.0	12.0
K03817	36.0	35.0
K03818	19.0	303.5
K03820	1161.5	2156.0
K03821	306.5	1164.0
K03823	226.0	576.5
K03824	20.0	204.5
K03825	4.0	23.0
K03826	10.0	0.0
K03827	18.0	31.0
K03828	34.0	448.5
K03829	24.0	242.0
K03830	6.0	230.5
K03831	166.5	403.0
K03832	1876.5	4840.0
K03833	541.0	751.0
K03839	126.0	907.0
K03841	422.0	1129.0
K03856	819.0	1476.0
K03862	16.0	110.0
K03863	4.0	77.0
K03867	3.0	272.5
K03885	627.5	1885.0
K03886	2.0	73.0
K03887	10.0	51.0
K03888	10.0	51.0
K03889	31.0	40.0
K03890	31.0	40.0
K03891	31.0	40.0
K03892	1685.5	3110.0
K03893	38.0	47.0
K03894	2.0	13.0
K03895	2.0	13.0
K03897	24.0	24.0
K03918	0.0	39.0
K03919	43.0	255.0
K03921	0.0	55.0
K03924	1791.0	4087.5
K03925	1200.5	1933.5
K03926	861.5	1505.0
K03928	52.0	166.0
K03929	92.0	160.0
K03932	16.0	131.0
K03943	59.0	56.0
K03969	127.0	1225.0
K03975	290.5	537.5
K03976	94.0	365.0
K03977	1242.5	2320.0
K03978	1099.5	1776.5
K03979	1242.5	2320.0
K03980	1084.5	1965.0
K03981	317.5	767.5
K04023	10.0	0.0
K04024	10.0	0.0
K04027	16.0	116.0
K04028	28.0	348.0
K04029	10.0	0.0
K04030	10.0	0.0
K04031	10.0	0.0
K04033	13.0	78.0
K04034	42.0	33.0
K04035	6.0	463.5
K04037	3.0	272.5
K04038	3.0	329.5
K04039	3.0	272.5
K04040	5.0	342.5
K04041	19.0	3.0
K04042	1120.5	2034.0
K04043	1535.5	3728.5
K04044	147.5	454.5
K04045	0.0	11.0
K04046	33.0	420.0
K04047	339.0	1580.0
K04061	236.5	627.0
K04062	13.0	229.0
K04063	110.0	207.0
K04065	136.5	197.99999999999997
K04066	1242.5	2320.0
K04068	26.0	238.5
K04069	1311.0	2665.5
K04070	494.0	636.0
K04072	33.0	226.5
K04073	20.0	19.0
K04074	226.0	271.0
K04075	1242.5	2309.0
K04076	19.0	3.0
K04077	1291.5	2940.5
K04078	1277.5	2570.5
K04079	594.5	1657.0
K04080	3.0	19.0
K04081	0.0	5.0
K04082	206.5	494.5
K04083	331.5	1202.0
K04084	637.5	1459.5
K04085	265.5	507.5
K04087	674.5	1131.0
K04088	394.5	958.0
K04090	40.5	331.0
K04091	57.0	116.0
K04092	11.0	32.0
K04093	20.0	33.0
K04094	594.0	791.5
K04096	1239.5	2317.0
K04098	4.0	34.0
K04100	4.0	23.0
K04101	4.0	23.0
K04103	62.0	74.0
K04108	5.0	0.0
K04109	2.0	13.0
K04110	24.0	56.0
K04127	4.0	263.0
K04343	31.0	40.0
K04477	58.0	40.0
K04485	1200.5	2254.0
K04486	140.0	259.0
K04487	1875.5	3860.0
K04488	1111.5	1695.5
K04516	97.0	347.0
K04517	960.5	1303.5
K04518	245.0	940.5
K04561	54.0	393.5
K04562	869.5	1207.5
K04564	1249.5	2736.5
K04565	42.5	392.0
K04566	25.0	67.0
K04567	1226.5	2256.0
K04568	209.0	673.5
K04641	3.0	84.0
K04651	433.0	1081.0
K04652	414.0	993.0
K04653	601.0	1439.0
K04654	639.0	1169.0
K04655	552.0	1113.0
K04656	552.0	1160.0
K04691	10.0	10.0
K04712	13.0	0.0
K04719	41.0	305.0
K04720	59.0	204.0
K04744	708.5	1227.5
K04748	220.0	437.5
K04749	594.5	1429.0
K04750	208.0	394.0
K04751	1294.5	2666.0
K04752	235.5	648.0
K04754	366.5	845.5
K04755	330.5	798.5
K04756	11.0	82.0
K04757	395.0	2013.0
K04758	312.0	841.5
K04759	1007.0	1996.0
K04760	235.5	671.0
K04761	381.5	994.0
K04762	317.5	1095.5
K04763	1278.5	2870.5
K04764	853.5	1459.5
K04765	148.0	384.5
K04767	234.0	636.0
K04768	51.0	84.0
K04769	19.0	3.0
K04771	1710.5	3146.5
K04772	277.5	543.5
K04773	1167.5	2646.5
K04774	0.0	21.0
K04780	0.0	11.0
K04782	14.0	230.0
K04835	10.0	0.0
K04940	0.0	26.0
K05020	9.0	14.0
K05275	3.0	255.5
K05281	16.0	162.0
K05297	22.0	0.0
K05299	342.0	397.0
K05301	18.0	236.0
K05306	0.0	11.0
K05311	19.0	3.0
K05337	620.0	974.5
K05341	1.0	57.0
K05342	31.0	40.0
K05343	211.0	675.4999999999999
K05346	0.0	11.0
K05349	517.0	1668.5
K05350	174.0	494.0
K05351	1.0	9.0
K05352	9.0	3.0
K05356	3.0	329.5
K05358	0.0	11.0
K05359	6.0	116.0
K05364	68.0	126.0
K05365	261.0	439.5
K05366	1354.5	3013.0
K05367	217.0	932.0
K05371	3.0	329.5
K05375	22.0	22.0
K05396	81.0	272.0
K05499	11.0	26.0
K05501	177.5	367.0
K05515	1256.5	2556.0
K05516	615.0	2006.5
K05518	12.0	7.0
K05519	9.0	3.0
K05520	258.0	1331.0
K05521	41.0	346.0
K05522	88.0	248.0
K05524	343.5	766.5
K05526	2.0	13.0
K05527	262.5	660.5
K05539	110.0	517.0
K05540	283.5	777.5
K05541	40.0	294.0
K05548	22.0	53.0
K05555	1.0	9.0
K05559	36.0	87.0
K05560	36.0	87.0
K05561	36.0	87.0
K05562	36.0	87.0
K05563	36.0	141.0
K05564	36.0	87.0
K05565	30.0	36.0
K05566	22.0	229.5
K05567	38.0	286.5
K05568	54.0	544.5
K05569	38.0	275.5
K05570	38.0	275.5
K05571	36.0	273.5
K05572	3.0	329.5
K05573	3.0	329.5
K05574	3.0	329.5
K05575	12.0	1278.0
K05576	3.0	329.5
K05577	18.0	945.5
K05578	3.0	329.5
K05579	6.0	396.5
K05580	3.0	335.5
K05581	3.0	329.5
K05582	3.0	329.5
K05583	3.0	329.5
K05584	3.0	329.5
K05585	3.0	329.5
K05586	4.0	131.5
K05587	4.0	131.5
K05588	4.0	131.5
K05589	394.5	1003.5
K05591	49.0	431.0
K05592	559.0	2008.0
K05593	9.0	3.0
K05595	803.5	1570.5
K05596	35.0	117.0
K05597	18.0	247.0
K05601	424.0	799.0
K05602	31.0	46.0
K05603	27.0	148.0
K05606	815.0	1349.0
K05607	2.0	13.0
K05685	74.0	81.0
K05710	224.0	377.5
K05712	34.0	155.0
K05713	5.0	178.99999999999997
K05714	5.0	178.99999999999997
K05739	9.0	3.0
K05772	268.5	453.0
K05773	263.5	315.0
K05774	3.0	19.0
K05776	32.0	207.0
K05777	0.0	11.0
K05778	0.0	11.0
K05779	0.0	11.0
K05780	3.0	19.0
K05781	3.0	19.0
K05782	52.0	386.0
K05784	52.0	184.0
K05785	39.0	51.0
K05786	71.0	492.0
K05788	933.5	1767.5
K05791	20.0	19.0
K05792	0.0	133.0
K05794	261.0	735.0
K05795	27.0	303.0
K05797	32.0	0.0
K05799	224.0	768.0
K05800	7.0	50.0
K05801	154.0	596.5
K05802	0.0	48.0
K05805	117.0	396.0
K05807	932.5	1651.5
K05808	1173.5	2287.0
K05810	1159.5	2014.0
K05811	3.0	4.0
K05812	0.0	20.0
K05813	99.0	346.0
K05814	28.0	97.0
K05815	31.0	129.0
K05816	21.0	84.0
K05818	5.0	190.0
K05820	179.0	570.5
K05822	9.0	3.0
K05823	9.0	3.0
K05824	1.0	9.0
K05825	77.0	260.0
K05826	1.0	35.0
K05827	1.0	35.0
K05828	1.0	35.0
K05829	1.0	35.0
K05830	1.0	35.0
K05831	1.0	9.0
K05832	59.0	85.0
K05833	59.0	85.0
K05834	55.5	347.0
K05836	4.0	45.0
K05837	1237.5	2294.0
K05838	62.0	639.5
K05844	91.0	568.0
K05845	34.0	289.5
K05846	207.0	849.5
K05847	169.0	555.5
K05851	5.0	186.0
K05873	130.0	189.0
K05874	8.0	78.0
K05875	0.0	21.0
K05878	11.0	67.0
K05879	11.0	45.0
K05881	11.0	21.0
K05882	26.0	33.0
K05886	3.0	200.0
K05895	36.0	367.5
K05896	1166.5	2053.0
K05898	30.0	24.0
K05916	29.0	84.0
K05917	17.0	30.5
K05919	96.0	218.0
K05921	8.0	46.0
K05928	14.0	293.5
K05934	40.0	330.0
K05936	132.0	780.5
K05937	9.0	3.0
K05939	148.0	143.5
K05941	0.0	120.0
K05946	112.0	732.0
K05951	38.0	284.5
K05952	12.0	18.5
K05962	43.0	258.0
K05964	10.0	0.0
K05966	10.0	5.5
K05967	27.0	49.0
K05970	319.0	666.0
K05973	30.5	289.0
K05978	3.0	67.0
K05979	142.0	969.5
K05982	254.0	665.0
K05985	19.0	3.0
K05986	10.0	32.0
K05989	95.0	255.0
K05991	15.0	12.0
K05994	0.0	108.0
K05995	92.0	289.0
K06001	384.0	888.5
K06012	19.0	3.0
K06013	378.5	1189.5
K06015	156.0	484.0
K06016	77.0	457.0
K06019	9.0	61.0
K06020	187.5	383.0
K06023	414.5	1015.0
K06024	1165.5	2044.0
K06039	176.0	328.0
K06041	1133.5	1833.5
K06042	141.0	1381.0
K06044	166.0	437.5
K06045	152.0	291.5
K06048	220.0	541.0
K06075	5.0	11.0
K06076	357.0	1228.0
K06077	162.5	312.0
K06113	65.0	51.0
K06118	7.0	374.5
K06131	620.5	1927.0
K06132	4.0	17.0
K06133	151.0	675.0
K06134	197.5	500.0
K06136	5.0	184.49999999999997
K06137	89.0	218.49999999999997
K06138	5.0	238.5
K06139	5.0	184.49999999999997
K06140	154.0	592.0
K06142	1163.5	2277.5
K06143	41.0	246.0
K06145	4.0	56.0
K06147	2845.0	7239.5
K06148	80.0	652.0
K06149	25.0	33.0
K06152	0.0	54.0
K06153	1270.5	2326.0
K06155	37.0	51.0
K06156	16.0	79.0
K06158	1252.5	2620.0
K06160	27.0	256.5
K06162	3.0	19.0
K06163	3.0	19.0
K06164	3.0	19.0
K06165	3.0	19.0
K06166	3.0	19.0
K06167	159.0	437.0
K06168	1242.5	2320.0
K06169	42.0	457.5
K06173	1280.5	2469.0
K06175	45.0	346.0
K06176	93.0	436.5
K06177	122.0	739.0
K06178	1252.5	2460.0
K06179	321.5	787.5
K06180	1552.5	3413.0
K06181	341.5	995.0
K06182	219.5	519.0
K06183	186.0	568.0
K06186	254.5	624.5
K06187	1230.5	2309.0
K06188	113.0	592.5
K06189	254.5	635.5
K06190	247.5	611.5
K06191	11.0	21.0
K06192	106.0	234.5
K06193	171.0	481.5
K06194	266.5	619.0
K06195	310.5	869.5
K06196	356.0	810.5
K06197	3.0	217.0
K06199	712.5	1525.0
K06200	343.0	438.5
K06201	153.0	482.0
K06202	147.5	443.0
K06203	20.0	324.5
K06204	1279.5	1974.5
K06205	4.0	9.0
K06206	328.0	696.5
K06207	1224.5	2297.0
K06208	70.0	452.5
K06209	19.0	3.0
K06213	986.5	2052.5
K06215	187.0	325.0
K06217	1211.5	2267.0
K06218	455.0	987.5
K06221	42.0	61.0
K06222	0.0	11.0
K06223	22.0	611.0
K06281	150.0	750.5
K06282	132.0	499.0
K06283	19.0	3.0
K06284	29.0	3.0
K06286	9.0	3.0
K06287	1427.0	2851.5
K06294	9.0	3.0
K06295	9.0	3.0
K06296	27.0	9.0
K06297	18.0	6.0
K06298	9.0	3.0
K06299	9.0	3.0
K06300	9.0	3.0
K06301	9.0	3.0
K06302	9.0	3.0
K06303	9.0	3.0
K06304	18.0	6.0
K06305	9.0	3.0
K06306	9.0	3.0
K06308	9.0	3.0
K06310	10.0	0.0
K06313	9.0	3.0
K06314	9.0	3.0
K06315	9.0	3.0
K06317	19.0	3.0
K06318	9.0	3.0
K06320	0.0	10.0
K06325	9.0	3.0
K06327	18.0	6.0
K06328	9.0	3.0
K06330	9.0	63.0
K06332	9.0	3.0
K06333	19.0	3.0
K06334	19.0	3.0
K06335	9.0	3.0
K06344	9.0	3.0
K06345	9.0	3.0
K06346	615.0	982.5
K06347	9.0	3.0
K06348	9.0	3.0
K06350	30.0	25.0
K06351	20.0	25.0
K06370	9.0	3.0
K06371	9.0	3.0
K06373	19.0	9.0
K06374	19.0	9.0
K06375	9.0	3.0
K06376	9.0	3.0
K06377	0.0	11.0
K06378	30.0	308.0
K06379	19.0	3.0
K06381	60.0	458.5
K06382	19.0	3.0
K06383	19.0	3.0
K06384	19.0	3.0
K06385	19.0	3.0
K06386	9.0	3.0
K06387	19.0	3.0
K06390	19.0	3.0
K06391	19.0	3.0
K06392	19.0	3.0
K06393	19.0	3.0
K06394	19.0	3.0
K06395	19.0	3.0
K06396	19.0	3.0
K06397	19.0	3.0
K06398	19.0	3.0
K06399	19.0	3.0
K06400	34.0	75.0
K06401	9.0	3.0
K06402	19.0	3.0
K06403	9.0	3.0
K06404	9.0	3.0
K06405	19.0	3.0
K06406	19.0	3.0
K06407	28.0	6.0
K06408	18.0	6.0
K06409	42.0	7.0
K06410	18.0	6.0
K06411	9.0	3.0
K06412	54.0	94.0
K06413	9.0	3.0
K06415	47.0	190.0
K06416	20.0	12.0
K06417	9.0	3.0
K06419	9.0	3.0
K06421	9.0	3.0
K06422	9.0	3.0
K06423	9.0	3.0
K06425	18.0	6.0
K06426	9.0	3.0
K06428	9.0	3.0
K06429	9.0	3.0
K06431	9.0	3.0
K06434	9.0	3.0
K06436	19.0	3.0
K06438	19.0	3.0
K06439	18.0	6.0
K06440	18.0	6.0
K06442	826.0	1563.5
K06443	5.0	109.0
K06445	219.5	506.0
K06518	95.0	258.0
K06580	22.0	0.0
K06595	9.0	3.0
K06596	215.5	1314.0
K06598	10.0	32.0
K06601	23.0	52.0
K06602	23.0	52.0
K06603	94.0	321.0
K06605	20.0	24.0
K06606	9.0	3.0
K06608	9.0	3.0
K06609	29.0	27.0
K06714	10.0	0.0
K06726	0.0	11.0
K06857	263.5	315.0
K06859	1.0	9.0
K06860	19.0	300.5
K06861	1149.5	2165.0
K06862	6.0	116.0
K06864	701.0	1212.5
K06867	201.0	1023.0
K06871	463.5	1082.0
K06872	554.5	1796.0
K06873	28.0	413.5
K06876	37.0	154.0
K06877	222.0	647.0
K06878	56.0	173.0
K06879	89.0	311.0
K06880	3.0	4.0
K06881	874.0	1180.0
K06883	399.0	1955.0
K06884	31.0	136.0
K06885	123.0	500.0
K06886	504.5	1406.5
K06888	945.0	1817.0
K06889	1326.0	2899.0
K06890	126.0	849.5
K06891	589.5	2312.5
K06893	24.0	25.0
K06894	194.0	1065.0
K06895	40.0	89.0
K06896	9.0	3.0
K06897	397.0	788.0
K06898	700.0	1203.5
K06899	10.0	0.0
K06901	338.0	678.5
K06902	222.0	631.0
K06903	48.5	176.0
K06904	3.0	19.0
K06905	0.0	22.0
K06906	0.0	11.0
K06907	60.5	218.0
K06908	0.0	22.0
K06909	22.0	0.0
K06910	364.5	746.5
K06911	1015.0	3117.0
K06915	254.5	1215.0
K06916	246.5	649.0
K06917	260.5	721.5
K06918	3.0	19.0
K06919	127.0	285.5
K06920	1043.5	1913.0
K06921	0.0	125.0
K06923	216.5	789.0
K06925	1239.5	2312.0
K06926	10.0	161.0
K06929	305.5	853.0
K06934	32.0	201.5
K06937	6.0	37.0
K06938	92.0	355.0
K06940	517.5	2339.0
K06941	1282.5	2740.0
K06942	1230.5	2320.0
K06944	0.0	6.0
K06945	3.0	67.0
K06946	3.0	139.5
K06948	9.0	3.0
K06949	708.5	1843.0
K06950	392.5	1151.0
K06952	3.0	30.0
K06953	3.0	19.0
K06954	10.0	54.0
K06955	7.0	306.5
K06956	19.0	3.0
K06958	970.5	1526.5
K06959	707.5	1662.0
K06960	796.0	1328.5
K06962	94.0	530.5
K06966	1617.0	3403.0
K06967	19.0	3.0
K06968	25.5	102.5
K06969	991.5	2369.5
K06970	18.0	236.0
K06971	8.0	289.5
K06972	25.0	226.0
K06973	167.0	427.0
K06974	2.0	79.0
K06975	98.0	166.0
K06976	49.0	105.0
K06977	10.0	32.0
K06978	248.0	768.5
K06980	436.5	1380.0
K06981	1.0	9.0
K06985	159.5	855.0
K06986	8.0	13.0
K06987	110.0	530.5
K06988	260.0	651.0
K06990	661.0	1446.5
K06991	69.0	489.5
K06994	214.0	315.0
K06995	79.0	431.5
K06996	103.0	608.0
K06997	1242.5	2331.0
K06998	62.0	227.0
K06999	350.5	1184.0
K07000	156.5	900.0
K07001	1482.0	3756.5
K07002	31.0	335.0
K07003	620.5	1498.5
K07004	23.0	224.0
K07005	250.0	675.0
K07006	249.0	339.0
K07007	493.5	1119.0
K07008	114.0	972.9999999999999
K07009	61.0	192.5
K07010	430.5	1054.0
K07011	590.5	1657.5
K07012	150.0	692.0
K07013	6.0	100.0
K07014	0.0	60.0
K07015	15.0	365.5
K07017	43.0	114.0
K07018	448.5	827.0
K07019	423.5	1243.5
K07020	44.0	57.0
K07023	267.0	398.0
K07024	517.0	1570.5
K07025	1518.5	3023.0
K07026	74.0	97.0
K07027	886.0	2085.0
K07028	44.0	567.0
K07029	29.0	22.0
K07030	98.0	193.0
K07031	153.0	413.0
K07032	134.0	488.0
K07033	35.0	134.0
K07034	25.0	160.0
K07035	18.0	11.0
K07037	763.0	1382.5
K07038	177.0	287.0
K07039	36.0	318.0
K07040	1026.5	1707.0
K07042	1087.5	1916.0
K07043	629.5	1476.5
K07044	9.0	51.0
K07045	823.0	1332.0
K07046	35.0	72.0
K07047	542.0	1386.0
K07048	33.0	75.0
K07050	4.0	45.0
K07051	27.0	131.0
K07052	759.0	2767.5
K07053	1018.5	2601.0
K07054	173.0	498.0
K07056	1530.0	3059.0
K07058	1280.5	2868.5
K07059	9.0	74.0
K07062	301.0	1349.5
K07063	3.0	67.0
K07064	14.0	208.0
K07065	0.0	146.5
K07066	3.0	156.5
K07067	78.0	126.0
K07068	329.0	362.0
K07069	22.0	15.0
K07071	823.0	1725.0
K07074	16.0	406.5
K07075	276.0	1078.0
K07076	10.0	26.0
K07077	31.0	40.0
K07078	9.0	3.0
K07079	18.0	625.0
K07080	102.0	384.0
K07082	1203.5	2269.0
K07085	80.0	193.0
K07086	84.0	428.5
K07088	497.5	2001.5
K07089	920.0	1868.5
K07090	2941.5	6994.0
K07091	870.5	1641.5
K07093	126.5	696.0
K07094	114.0	335.0
K07095	638.0	1103.0
K07098	877.0	2000.5
K07099	10.0	54.0
K07100	11.0	91.0
K07101	59.0	578.5
K07102	777.5	1293.5
K07104	40.0	255.0
K07105	19.0	3.0
K07106	237.0	869.5
K07107	1744.5	3792.5
K07109	0.0	11.0
K07110	5.0	110.0
K07112	1288.5	2278.0
K07113	54.5	227.5
K07114	1475.0	4072.0
K07115	106.0	435.5
K07116	32.0	240.5
K07117	138.0	400.0
K07118	11.0	22.0
K07119	43.5	160.0
K07120	21.5	110.0
K07121	72.5	247.5
K07122	244.5	592.5
K07123	3.0	84.0
K07124	277.0	949.5
K07126	488.0	930.0
K07127	50.0	241.0
K07129	10.0	0.0
K07130	21.0	45.0
K07131	43.0	67.0
K07133	443.0	1582.0
K07136	12.0	45.0
K07137	258.0	1106.0
K07138	315.0	351.0
K07139	359.0	626.0
K07140	60.5	642.5
K07141	248.0	846.5
K07146	117.0	827.5
K07147	116.0	905.0
K07148	32.0	172.0
K07149	29.0	27.0
K07150	86.0	251.0
K07152	734.0	2201.5
K07153	10.0	128.5
K07154	278.5	897.0
K07155	11.0	21.0
K07156	53.0	50.5
K07157	209.0	786.5
K07160	148.0	363.0
K07161	85.0	231.0
K07164	783.0	1062.0
K07165	80.0	236.0
K07166	9.0	8.0
K07167	0.0	76.0
K07168	4.0	99.0
K07169	0.0	11.0
K07171	525.0	2369.0
K07172	54.0	206.0
K07173	19.0	3.0
K07175	479.5	1177.5
K07177	40.0	43.0
K07178	66.5	323.0
K07180	125.0	453.0
K07181	186.0	986.0
K07182	43.0	727.0
K07183	226.0	538.5
K07184	77.0	284.5
K07190	3.0	272.5
K07192	34.0	226.0
K07213	230.5	1020.0
K07214	19.0	115.0
K07216	113.0	1075.5
K07217	30.0	356.5
K07218	53.0	513.0
K07219	22.0	143.0
K07220	642.5	1421.5
K07221	66.0	164.0
K07222	107.0	210.0
K07223	19.0	21.0
K07224	31.0	40.0
K07225	3.0	44.0
K07226	9.0	144.0
K07228	11.0	21.0
K07230	8.0	246.0
K07231	2.0	35.0
K07232	7.0	53.0
K07233	57.0	119.0
K07234	201.5	586.5
K07235	0.0	53.5
K07236	0.0	53.5
K07237	0.0	5.5
K07238	300.0	1045.5
K07239	12.0	252.0
K07240	570.5	1516.5
K07241	16.0	210.0
K07242	3.0	135.5
K07243	104.0	911.5
K07245	62.0	58.5
K07246	24.5	89.0
K07250	53.0	82.0
K07257	15.0	74.0
K07258	392.5	788.5
K07259	492.0	2181.0
K07260	67.0	405.5
K07261	11.0	45.5
K07262	187.5	410.0
K07263	1474.0	3147.0
K07265	0.0	22.0
K07266	0.0	11.0
K07267	5.0	9.0
K07270	0.0	6.0
K07273	27.0	246.0
K07274	10.0	32.0
K07275	161.0	259.0
K07276	33.0	64.0
K07277	1176.5	2429.5
K07278	329.5	809.5
K07282	129.0	916.0
K07283	12.0	45.0
K07284	138.0	170.0
K07285	170.0	221.0
K07287	187.5	468.0
K07289	134.0	209.0
K07290	40.0	72.0
K07300	53.0	534.5
K07301	534.0	1146.5
K07302	171.5	699.0
K07303	130.0	583.0
K07304	802.0	2234.5
K07305	676.5	1803.0
K07313	67.0	627.5
K07315	922.0	2965.0
K07316	133.0	369.0
K07317	28.0	366.0
K07318	2.0	18.0
K07319	0.0	120.0
K07320	254.5	624.5
K07321	143.0	422.0
K07322	228.0	641.0
K07323	448.5	1053.0
K07334	124.0	147.0
K07335	114.0	350.0
K07336	39.0	425.0
K07337	79.0	136.0
K07338	2.0	35.0
K07340	51.0	372.5
K07341	7.0	248.5
K07343	27.0	160.0
K07344	22.0	0.0
K07346	7.0	161.0
K07347	7.0	161.0
K07386	294.0	526.0
K07387	5.0	201.0
K07390	375.5	1186.5
K07391	1244.5	2383.0
K07393	67.0	501.0
K07394	92.0	65.0
K07395	116.5	472.5
K07396	47.0	28.0
K07397	563.5	1523.5
K07399	149.0	625.5
K07400	10.0	32.0
K07401	12.0	90.5
K07402	718.5	1530.5
K07403	821.0	1190.0
K07404	98.0	121.0
K07405	98.0	296.0
K07406	24.0	65.0
K07407	180.0	404.0
K07430	2.0	13.0
K07442	91.0	79.0
K07443	194.0	706.0
K07444	442.5	1479.5
K07445	22.0	42.0
K07447	1086.5	2173.0
K07448	87.0	395.0
K07449	0.0	120.0
K07451	86.0	78.0
K07452	15.0	150.0
K07454	49.0	286.0
K07455	9.0	3.0
K07456	747.0	1262.5
K07457	364.0	396.0
K07458	77.0	90.0
K07460	1233.5	2317.0
K07461	370.0	1187.0
K07462	1209.5	2490.5
K07464	57.0	190.5
K07465	20.0	36.0
K07474	9.0	3.0
K07476	9.0	3.0
K07477	1.0	9.0
K07478	1242.5	2057.5
K07480	0.0	34.0
K07481	75.0	189.0
K07482	0.0	22.0
K07483	321.5	589.5
K07484	6.0	524.0
K07485	16.0	104.0
K07486	64.0	49.0
K07491	575.5	1730.5
K07492	0.0	17.0
K07494	0.0	805.5
K07496	13.0	2151.0
K07497	694.0	1603.0
K07498	0.0	34.0
K07499	0.0	170.0
K07501	408.5	956.0
K07502	154.0	427.0
K07503	31.0	40.0
K07504	3.0	22.0
K07506	12.0	287.0
K07507	251.0	728.0
K07508	5.0	77.0
K07516	349.5	858.0
K07518	10.0	43.0
K07533	19.0	3.0
K07536	4.0	9.0
K07537	5.0	0.0
K07538	17.0	0.0
K07539	17.0	0.0
K07540	15.0	0.0
K07543	5.0	0.0
K07544	5.0	0.0
K07545	5.0	0.0
K07546	5.0	0.0
K07547	5.0	0.0
K07548	5.0	0.0
K07549	5.0	0.0
K07550	5.0	0.0
K07552	228.5	647.0
K07559	43.0	349.5
K07560	1137.0	2272.0
K07566	1191.5	2236.0
K07568	1328.5	2681.0
K07570	9.0	3.0
K07571	19.0	3.0
K07574	165.0	553.5
K07576	405.5	1062.5
K07577	34.0	274.0
K07584	19.0	8.0
K07586	40.0	43.0
K07588	786.0	1422.0
K07589	41.0	153.0
K07590	19.0	3.0
K07636	1437.5	2841.0
K07637	10.0	113.0
K07638	168.5	455.0
K07639	10.0	259.0
K07640	20.0	24.0
K07641	25.0	228.0
K07642	9.0	58.0
K07644	143.0	542.0
K07645	30.0	357.0
K07646	424.5	1072.0
K07649	194.5	678.5
K07651	9.0	3.0
K07652	9.0	3.0
K07653	20.0	19.0
K07654	31.0	40.0
K07657	1003.5	2023.0
K07658	868.0	1118.0
K07659	169.5	416.0
K07660	10.0	113.0
K07661	15.5	259.0
K07662	8.0	241.5
K07663	25.0	228.0
K07664	5.0	11.0
K07665	196.0	272.0
K07666	128.0	453.5
K07667	387.5	720.5
K07668	12.0	56.0
K07669	61.0	118.0
K07670	34.0	67.0
K07673	103.0	297.0
K07675	15.0	216.5
K07679	9.0	74.0
K07684	116.0	297.0
K07689	5.0	227.0
K07692	9.0	3.0
K07693	48.0	57.0
K07697	9.0	3.0
K07699	19.0	3.0
K07704	9.0	3.0
K07705	65.0	122.0
K07706	10.0	0.0
K07707	10.0	0.0
K07708	255.5	682.5
K07709	44.0	349.0
K07710	3.0	36.0
K07711	70.0	293.0
K07712	748.0	1509.5
K07713	1197.0	2063.5
K07714	1411.0	1873.5
K07715	182.0	343.5
K07716	6.0	16.0
K07717	10.0	0.0
K07718	100.0	60.0
K07719	10.0	0.0
K07720	100.0	65.0
K07721	9.0	3.0
K07722	178.0	368.0
K07723	19.0	3.0
K07726	14.0	8.0
K07727	43.0	54.0
K07729	66.0	73.0
K07733	32.0	0.0
K07734	75.5	257.0
K07735	535.5	1430.5
K07736	548.0	860.0
K07738	1089.5	1929.0
K07739	1.0	9.0
K07742	64.0	469.5
K07743	125.0	99.0
K07746	15.0	722.5
K07748	2.0	13.0
K07749	67.5	415.0
K07768	31.0	40.0
K07769	3.0	329.5
K07774	14.0	44.0
K07775	10.0	12.0
K07776	90.0	173.0
K07777	68.0	33.0
K07778	48.0	57.0
K07782	0.0	33.0
K07783	0.0	11.0
K07787	538.0	1057.5
K07788	76.0	103.0
K07789	79.0	107.0
K07792	10.0	178.99999999999997
K07793	56.0	204.0
K07794	28.5	81.0
K07795	25.5	78.0
K07798	408.0	928.5
K07799	109.0	228.0
K07803	6.0	45.0
K07813	10.0	0.0
K07814	266.5	1684.5
K07816	28.0	11.0
K07862	0.0	11.0
K07978	3.0	329.5
K07979	76.0	92.0
K08070	6.5	9.0
K08081	10.0	32.0
K08082	156.5	558.5
K08083	156.5	558.5
K08084	305.5	774.5
K08086	197.5	505.5
K08092	13.0	0.0
K08093	18.0	11.5
K08094	18.0	11.5
K08097	24.0	51.0
K08138	52.0	184.0
K08139	11.0	21.0
K08151	40.5	74.0
K08152	9.0	3.0
K08161	0.0	26.0
K08164	9.0	3.0
K08167	16.0	39.0
K08169	0.0	11.0
K08173	11.0	21.0
K08177	75.0	225.0
K08191	54.0	46.0
K08194	20.0	24.0
K08195	0.0	11.0
K08217	9.0	3.0
K08218	458.5	1576.0
K08221	18.0	6.0
K08222	9.0	3.0
K08223	42.0	423.0
K08224	33.0	117.0
K08225	11.0	21.0
K08226	4.0	281.5
K08227	0.0	5.5
K08234	84.0	682.0
K08246	2.0	13.0
K08252	40.0	213.0
K08253	21.0	42.0
K08256	37.0	98.0
K08261	0.0	11.0
K08279	11.0	22.0
K08281	135.0	150.0
K08282	95.0	181.0
K08289	189.0	537.5
K08295	4.0	34.0
K08296	643.5	1817.0
K08299	0.0	11.0
K08300	405.5	1293.0
K08301	1156.5	1756.5
K08302	11.0	158.0
K08303	886.0	2304.0
K08304	488.5	1108.5
K08305	266.0	746.5
K08306	0.0	10.0
K08307	1065.5	1887.5
K08309	629.5	1693.0
K08310	165.5	350.0
K08311	294.5	687.5
K08312	10.0	80.0
K08314	9.0	3.0
K08316	210.5	724.5
K08317	18.0	6.0
K08323	20.0	24.0
K08325	63.0	230.0
K08352	65.0	125.0
K08354	13.0	35.0
K08357	0.0	10.0
K08358	0.0	10.0
K08359	0.0	10.0
K08364	0.0	10.0
K08365	0.0	36.0
K08369	31.0	56.0
K08372	51.0	179.0
K08384	66.0	89.0
K08479	3.0	272.5
K08480	3.0	272.5
K08481	6.0	602.0
K08482	11.0	779.0
K08483	847.5	1354.0
K08484	29.0	121.0
K08591	1054.5	1908.0
K08602	168.0	287.0
K08604	0.0	54.0
K08641	84.5	675.0
K08651	22.0	30.0
K08676	268.0	632.0
K08677	4.0	26.0
K08678	115.0	931.5
K08679	645.5	1405.0
K08680	29.0	298.0
K08681	153.0	283.0
K08688	11.0	32.0
K08691	26.0	55.5
K08692	22.0	5.5
K08693	9.0	3.0
K08696	6.0	695.0
K08697	3.0	272.5
K08698	3.0	272.5
K08699	3.0	272.5
K08700	3.0	272.5
K08713	9.0	3.0
K08714	10.0	0.0
K08715	24.0	329.5
K08717	22.0	0.0
K08720	0.0	11.0
K08722	3.0	33.0
K08724	9.0	3.0
K08738	425.0	2175.5
K08744	691.5	1243.5
K08776	0.0	70.0
K08884	1677.5	6312.0
K08902	3.0	329.5
K08903	3.0	329.5
K08904	3.0	122.5
K08906	3.0	558.0
K08963	941.5	2067.0
K08964	15.0	411.0
K08966	0.0	167.0
K08967	15.0	459.0
K08969	18.0	6.0
K08972	506.5	1518.0
K08973	299.5	834.0
K08974	73.0	296.0
K08976	91.0	285.0
K08977	128.0	411.5
K08978	27.0	84.0
K08981	59.0	78.0
K08982	130.0	48.0
K08983	4.0	34.0
K08984	24.0	435.0
K08985	8.0	205.0
K08986	9.0	3.0
K08987	40.0	54.0
K08988	32.0	94.0
K08989	22.5	190.0
K08990	3.0	19.0
K08994	97.0	959.0
K08995	99.0	323.0
K08996	5.0	0.0
K08997	59.0	30.0
K08998	1102.5	2110.0
K08999	965.0	1585.5
K09000	3.0	254.0
K09001	526.5	1103.5
K09002	1.0	35.0
K09003	13.0	0.0
K09004	20.5	85.0
K09005	455.5	1338.5
K09007	599.5	1260.5
K09009	68.0	126.0
K09011	52.0	213.0
K09012	3.0	329.5
K09013	925.0	1866.0
K09014	447.0	1379.0
K09015	540.0	1406.0
K09017	3.0	80.0
K09019	42.0	90.0
K09020	9.0	3.0
K09022	806.0	1652.5
K09024	5.0	178.99999999999997
K09065	70.0	209.0
K09116	22.0	272.0
K09117	1142.5	2158.0
K09118	78.0	519.0
K09120	5.0	191.0
K09121	671.0	1126.5
K09122	118.0	349.5
K09125	132.5	492.0
K09126	9.0	43.0
K09127	6.0	321.0
K09129	4.0	27.0
K09131	853.0	1609.0
K09134	677.0	1341.0
K09136	95.0	737.0
K09137	88.0	290.5
K09138	234.0	254.5
K09141	359.0	468.0
K09143	59.0	30.0
K09145	11.0	21.0
K09153	11.0	38.0
K09154	0.0	5.5
K09155	37.0	26.0
K09157	61.0	89.0
K09158	267.5	724.5
K09159	257.5	643.5
K09160	23.0	131.5
K09162	243.0	360.0
K09163	1.0	14.0
K09164	109.5	645.0
K09165	225.0	372.5
K09166	78.0	168.0
K09167	59.0	78.0
K09181	403.5	2053.0
K09252	4.0	23.0
K09386	27.0	61.0
K09388	9.0	3.0
K09456	39.0	117.0
K09457	801.5	1296.0
K09458	1868.5	3796.5
K09459	62.0	44.0
K09461	9.0	62.0
K09471	20.0	75.0
K09472	67.0	162.0
K09482	0.0	47.0
K09516	15.0	24.0
K09591	2.0	13.0
K09607	29.0	76.0
K09611	2.0	24.0
K09680	1.0	9.0
K09681	18.0	6.0
K09682	9.0	3.0
K09684	108.0	181.0
K09685	19.0	3.0
K09688	0.0	11.0
K09689	0.0	22.0
K09690	509.5	1729.0
K09691	339.5	1237.0
K09692	9.0	3.0
K09693	9.0	3.0
K09694	126.0	673.5
K09695	75.0	600.5
K09696	36.5	102.0
K09697	36.5	102.0
K09698	15.0	119.0
K09699	17.0	31.0
K09700	22.0	6.0
K09701	53.5	364.0
K09702	18.0	6.0
K09703	18.0	6.0
K09704	33.0	60.0
K09705	45.0	205.0
K09707	0.0	11.0
K09709	8.0	56.0
K09710	1230.5	2307.0
K09717	0.0	5.5
K09720	5.0	138.0
K09726	0.0	23.0
K09729	28.0	70.0
K09740	66.0	180.0
K09744	8.0	400.5
K09747	1145.5	1999.0
K09748	1182.5	2224.0
K09749	33.0	105.0
K09759	34.0	20.0
K09760	1160.5	1918.5
K09761	1205.5	2234.0
K09762	87.0	129.0
K09763	32.0	365.5
K09764	592.0	735.0
K09765	374.0	465.0
K09766	19.0	8.0
K09767	455.5	1130.0
K09768	173.0	695.5
K09769	752.0	878.0
K09770	39.0	41.0
K09771	168.0	601.0
K09772	90.0	458.5
K09773	322.5	698.5
K09774	360.5	1162.0
K09775	21.0	340.5
K09776	30.0	25.0
K09777	88.0	455.5
K09778	574.0	742.0
K09779	38.0	60.0
K09780	319.5	986.0
K09781	128.0	394.0
K09786	125.0	453.0
K09787	19.0	3.0
K09788	26.5	86.0
K09790	59.0	277.0
K09791	725.5	1206.5
K09792	243.5	991.0
K09793	76.5	417.5
K09794	413.0	615.0
K09795	7.0	154.0
K09796	236.5	663.5
K09797	2.0	68.0
K09798	59.0	323.0
K09799	0.0	11.0
K09800	262.5	1082.0
K09801	272.5	866.0
K09803	60.0	697.0
K09804	80.0	111.0
K09806	250.5	601.5
K09807	75.0	583.5
K09808	1284.5	2473.5
K09809	20.0	19.0
K09810	1169.5	2008.5
K09811	1059.5	1652.5
K09812	1048.5	1687.5
K09815	607.0	762.5
K09816	554.0	1135.0
K09817	678.0	1254.0
K09818	28.0	501.0
K09819	56.0	506.5
K09820	26.0	240.5
K09822	150.0	323.5
K09823	70.0	233.5
K09825	828.0	856.0
K09826	3.0	19.0
K09828	2.0	18.5
K09833	3.0	272.5
K09834	3.0	272.5
K09835	0.0	205.5
K09836	16.0	197.5
K09844	2.0	67.0
K09845	2.0	13.0
K09857	32.0	122.5
K09858	254.0	729.5
K09859	77.0	107.0
K09861	193.0	684.0
K09862	337.5	491.5
K09879	5.0	268.5
K09880	13.0	194.5
K09882	18.0	52.0
K09883	3.0	19.0
K09888	998.5	1657.5
K09889	200.5	474.5
K09892	100.0	321.5
K09895	67.0	247.5
K09898	23.0	77.0
K09902	10.0	80.0
K09903	1242.5	2320.0
K09912	0.0	64.5
K09913	133.0	366.5
K09914	5.0	190.0
K09915	98.0	325.0
K09918	3.0	12.0
K09919	247.5	879.0
K09920	67.0	204.5
K09921	254.5	635.5
K09922	83.0	381.0
K09924	16.0	43.0
K09926	111.5	303.0
K09927	54.0	123.0
K09928	345.5	761.0
K09929	39.0	229.5
K09930	218.5	644.5
K09931	166.5	525.5
K09932	11.0	215.0
K09933	215.5	510.5
K09934	0.0	54.0
K09935	15.0	411.0
K09936	105.0	77.0
K09937	491.5	817.0
K09938	10.0	32.0
K09939	104.0	58.0
K09940	54.0	482.5
K09941	91.0	434.0
K09942	12.0	343.5
K09945	3.0	24.5
K09946	76.0	95.0
K09947	5.0	201.0
K09948	15.0	58.5
K09949	315.0	469.0
K09950	36.0	34.0
K09951	382.0	1367.5
K09954	116.0	598.0
K09955	164.0	344.0
K09958	19.0	402.00000000000006
K09959	34.0	488.0
K09962	9.0	3.0
K09963	19.0	3.0
K09964	14.0	88.0
K09965	0.0	6.0
K09966	135.5	675.5
K09967	95.0	380.0
K09969	22.0	397.5
K09970	22.0	386.5
K09971	22.0	386.5
K09972	18.0	363.5
K09973	118.5	224.0
K09974	20.0	24.0
K09975	25.0	98.0
K09976	9.0	3.0
K09977	10.0	0.0
K09978	22.0	0.0
K09979	2.0	13.0
K09981	26.0	178.0
K09982	0.0	11.0
K09983	32.5	232.0
K09985	3.0	19.0
K09986	16.0	133.0
K09987	3.0	19.0
K09989	174.5	597.0
K09990	16.0	4.0
K09991	3.0	8.0
K09992	71.0	224.0
K10001	74.5	679.0
K10002	58.5	349.0
K10003	58.5	349.0
K10004	62.5	355.0
K10005	16.0	28.0
K10006	16.0	28.0
K10007	16.0	28.0
K10008	16.0	28.0
K10009	24.0	15.0
K10010	24.0	15.0
K10012	30.5	66.0
K10026	697.5	1169.5
K10027	57.0	330.0
K10039	13.0	0.0
K10107	0.0	22.0
K10108	1.0	9.0
K10111	6.5	31.0
K10112	218.0	1350.0
K10117	105.0	188.0
K10118	119.0	246.0
K10119	95.0	186.0
K10125	84.0	518.0
K10126	79.0	517.0
K10187	2.0	67.0
K10188	9.0	3.0
K10189	18.0	6.0
K10190	9.0	3.0
K10206	620.0	1258.0
K10213	0.0	5.0
K10217	23.0	97.0
K10218	20.5	44.0
K10219	4.0	23.0
K10220	4.0	23.0
K10221	4.0	23.0
K10227	11.0	43.0
K10228	11.0	43.0
K10229	11.0	43.0
K10231	0.0	61.5
K10232	20.0	30.0
K10233	20.0	30.0
K10234	20.0	30.0
K10235	0.0	11.0
K10236	1.0	9.0
K10237	1.0	9.0
K10238	1.0	9.0
K10240	9.0	3.0
K10241	10.0	12.0
K10242	9.0	3.0
K10253	4.0	23.0
K10254	10.0	0.0
K10255	12.0	476.5
K10257	3.0	272.5
K10258	0.0	11.0
K10439	233.0	381.0
K10440	152.0	395.0
K10441	86.0	303.0
K10531	22.0	11.0
K10533	15.0	12.0
K10535	22.0	0.0
K10536	171.0	239.0
K10540	0.0	5.0
K10541	0.0	5.0
K10542	0.0	5.0
K10543	42.0	50.0
K10544	29.0	49.0
K10545	45.0	59.0
K10546	31.0	66.0
K10547	31.0	66.0
K10548	31.0	66.0
K10552	0.0	11.0
K10553	0.0	11.0
K10554	0.0	11.0
K10559	1.0	9.0
K10560	21.0	33.0
K10561	41.0	57.0
K10562	21.0	33.0
K10563	1141.5	2001.0
K10674	4.0	23.0
K10680	194.0	887.0
K10697	3.0	272.5
K10704	0.0	54.0
K10711	13.0	12.0
K10713	0.0	5.5
K10714	0.0	11.0
K10715	10.0	32.0
K10716	1035.0	2883.0
K10742	10.0	0.0
K10747	152.0	608.0
K10763	254.5	624.5
K10764	235.5	564.5
K10773	1326.5	2669.0
K10778	212.0	688.0
K10780	9.0	3.0
K10797	10.0	0.0
K10800	33.0	96.0
K10804	336.5	866.5
K10805	67.0	168.0
K10806	189.5	390.0
K10810	9.0	3.0
K10811	0.0	54.0
K10819	3.0	12.0
K10823	680.0	698.0
K10831	0.0	11.0
K10843	31.0	165.0
K10844	5.0	0.0
K10854	5.0	178.99999999999997
K10855	5.0	178.99999999999997
K10856	5.0	178.99999999999997
K10906	0.0	11.0
K10907	207.0	224.0
K10914	37.5	361.0
K10924	26.0	492.0
K10926	18.0	246.0
K10927	18.0	298.0
K10941	57.0	182.5
K10942	18.0	304.0
K10943	23.0	517.0
K10944	22.0	5.5
K10945	22.0	11.0
K10946	44.0	16.5
K10947	185.0	357.0
K10960	3.0	329.5
K10974	12.0	70.0
K10979	103.0	184.0
K11003	0.0	21.0
K11004	0.0	69.0
K11065	390.0	852.0
K11066	5.5	0.0
K11068	194.0	768.0
K11069	92.0	691.5
K11070	91.0	590.5
K11071	90.0	581.5
K11072	103.0	605.5
K11073	23.0	86.0
K11074	13.0	54.0
K11075	13.0	54.0
K11076	70.0	173.0
K11085	1345.5	2856.5
K11089	5.0	28.0
K11102	44.0	4.0
K11103	93.0	480.0
K11105	20.0	102.0
K11144	9.0	3.0
K11145	24.0	288.5
K11159	8.0	39.5
K11175	1242.5	2314.5
K11177	70.0	199.0
K11178	70.0	253.0
K11179	84.0	256.5
K11180	66.0	180.0
K11181	66.0	180.0
K11183	3.0	96.5
K11184	9.0	3.0
K11189	894.5	1460.0
K11209	289.5	1003.5
K11211	10.0	32.0
K11212	115.0	233.0
K11261	408.0	507.0
K11263	110.0	198.0
K11275	0.0	54.0
K11312	24.0	425.5
K11325	13.0	323.5
K11329	5.0	347.5
K11332	3.0	84.0
K11356	3.0	272.5
K11357	3.0	8.0
K11358	315.0	471.0
K11381	278.0	565.0
K11384	59.0	155.0
K11392	0.0	26.0
K11434	0.0	54.0
K11443	20.0	61.0
K11472	169.5	836.0
K11473	319.5	1244.5
K11475	4.0	23.0
K11520	3.0	272.5
K11521	3.0	329.5
K11522	3.0	309.5
K11524	0.0	18.5
K11525	3.0	176.5
K11526	3.0	85.5
K11527	21.0	448.0
K11528	9.0	74.0
K11529	18.0	23.0
K11532	6.0	291.5
K11535	9.0	3.0
K11537	24.0	0.0
K11540	2.0	18.0
K11602	11.0	21.0
K11603	11.0	21.0
K11604	20.0	24.0
K11605	20.0	24.0
K11606	20.0	24.0
K11607	20.0	24.0
K11608	15.0	12.0
K11614	9.0	3.0
K11615	9.0	3.0
K11617	18.0	6.0
K11618	20.0	24.0
K11619	9.0	3.0
K11622	18.0	6.0
K11629	9.0	3.0
K11630	9.0	3.0
K11631	9.0	3.0
K11632	9.0	3.0
K11635	9.0	3.0
K11636	9.0	3.0
K11640	9.0	3.0
K11641	9.0	3.0
K11645	202.0	693.5
K11688	18.0	256.0
K11689	18.0	246.0
K11690	80.0	303.0
K11705	42.0	24.0
K11707	9.0	3.0
K11708	9.0	3.0
K11709	9.0	3.0
K11710	10.0	12.0
K11711	26.0	286.0
K11712	26.0	286.0
K11717	542.0	1551.0
K11719	200.5	594.5
K11720	953.5	1988.0
K11731	9.0	100.0
K11735	11.0	21.0
K11737	20.0	35.0
K11738	55.0	105.0
K11740	0.0	11.0
K11741	157.0	584.0
K11745	7.0	49.0
K11746	4.0	23.0
K11747	13.0	94.0
K11749	1213.5	2027.5
K11752	1244.5	2287.0
K11753	1242.5	2320.0
K11754	1242.5	2320.0
K11755	385.0	1039.5
K11777	3.0	272.5
K11779	129.0	236.0
K11780	3.0	329.5
K11781	3.0	329.5
K11782	217.0	374.0
K11783	101.0	211.0
K11784	219.0	393.0
K11785	219.0	393.0
K11811	0.0	164.0
K11890	15.0	244.0
K11891	15.0	244.0
K11892	17.0	257.0
K11893	17.0	257.0
K11895	17.0	257.0
K11896	17.0	257.0
K11897	15.0	190.0
K11898	0.0	11.0
K11900	19.0	270.0
K11901	17.0	257.0
K11902	15.0	190.0
K11903	20.0	271.0
K11904	44.0	558.0
K11905	2.0	67.0
K11906	15.0	244.0
K11907	17.0	257.0
K11910	0.0	54.0
K11921	0.0	65.0
K11924	0.0	11.0
K11927	819.5	2186.5
K11928	10.0	85.0
K11931	0.0	5.5
K11939	23.0	151.0
K11940	3.0	19.0
K11942	100.0	496.0
K11950	3.0	272.5
K11951	3.0	272.5
K11952	3.0	272.5
K11953	3.0	422.5
K11954	0.0	44.5
K11955	0.0	44.5
K11956	0.0	44.5
K11957	0.0	44.5
K11958	0.0	44.5
K11959	229.5	1176.0
K11960	79.0	743.5
K11961	79.0	743.5
K11962	79.0	743.5
K11963	79.0	743.5
K11987	0.0	120.0
K11991	1225.5	2329.0
K11994	0.0	11.0
K11995	0.0	11.0
K11996	713.5	1328.0
K12055	0.0	11.0
K12056	15.0	33.0
K12057	15.0	33.0
K12058	3.0	33.0
K12060	3.0	33.0
K12061	15.0	33.0
K12062	15.0	33.0
K12063	15.0	33.0
K12064	15.0	33.0
K12065	15.0	33.0
K12066	15.0	33.0
K12067	15.0	33.0
K12072	15.0	33.0
K12073	3.0	355.5
K12137	23.0	72.0
K12140	20.0	44.5
K12141	80.0	46.5
K12152	3.0	137.0
K12234	115.0	233.0
K12251	325.0	716.5
K12252	0.0	11.0
K12256	10.0	43.0
K12257	157.0	452.0
K12262	206.5	1026.5
K12263	22.0	0.0
K12267	126.0	368.5
K12276	18.0	246.0
K12278	18.0	246.0
K12279	18.0	236.0
K12280	8.0	246.0
K12282	18.0	246.0
K12283	12.0	252.0
K12284	12.0	252.0
K12285	18.0	246.0
K12286	18.0	246.0
K12297	12.0	141.5
K12308	89.0	114.0
K12339	310.5	804.5
K12340	465.5	1509.0
K12343	2.0	13.0
K12349	2.0	78.0
K12370	0.0	11.0
K12371	4.0	23.0
K12373	310.0	741.0
K12405	3.0	4.0
K12410	930.0	1551.0
K12436	0.0	54.0
K12448	6.0	116.0
K12452	20.0	43.0
K12454	26.0	371.0
K12503	31.0	40.0
K12506	35.0	211.0
K12507	22.0	0.0
K12508	9.0	40.0
K12510	156.0	348.0
K12511	125.0	308.0
K12524	171.0	473.0
K12526	10.0	32.0
K12527	0.0	28.0
K12528	0.0	5.0
K12529	0.0	5.0
K12536	8.0	46.0
K12537	4.0	23.0
K12538	4.0	9.0
K12541	8.0	236.0
K12542	8.0	236.0
K12543	8.0	236.0
K12554	11.0	21.0
K12555	9.0	3.0
K12573	842.5	1992.0
K12574	452.0	937.0
K12583	51.0	59.0
K12600	62.0	436.0
K12658	24.0	51.0
K12686	15.5	32.0
K12941	37.0	150.0
K12942	2.0	18.0
K12952	11.0	21.0
K12953	11.0	21.0
K12957	62.0	261.0
K12960	554.5	1161.5
K12972	7.0	93.0
K12979	0.0	17.0
K12982	10.0	32.0
K12984	0.0	60.0
K12989	0.0	54.0
K12990	11.0	43.0
K12994	1.0	20.0
K12995	0.0	54.0
K13002	0.0	26.0
K13007	10.0	53.5
K13010	15.0	370.0
K13012	3.0	43.0
K13015	141.0	276.0
K13016	76.0	304.0
K13017	0.0	11.0
K13018	90.0	317.0
K13019	13.0	46.0
K13021	11.0	21.0
K13038	1242.5	2320.0
K13039	59.0	30.0
K13040	18.0	294.0
K13041	8.0	205.0
K13043	86.0	246.0
K13049	20.0	19.0
K13051	201.5	636.0
K13052	9.0	3.0
K13053	5.5	0.0
K13057	28.0	128.0
K13060	22.0	0.0
K13063	20.0	19.0
K13069	0.0	11.0
K13075	22.0	0.0
K13255	0.0	11.0
K13256	31.0	3.0
K13274	9.0	3.0
K13275	9.0	3.0
K13280	42.0	61.0
K13281	29.0	152.0
K13282	53.0	630.0
K13283	0.0	11.0
K13288	287.5	742.5
K13292	1128.5	2093.0
K13378	131.0	65.5
K13380	17.0	0.0
K13408	11.0	0.0
K13409	11.0	0.0
K13421	1.0	197.5
K13444	13.0	0.0
K13455	0.0	11.0
K13472	0.0	133.0
K13479	3.0	59.0
K13481	34.0	214.0
K13482	34.0	268.0
K13483	68.0	186.0
K13485	22.0	87.0
K13486	0.0	17.0
K13487	0.0	22.5
K13488	0.0	22.5
K13489	0.0	17.0
K13490	0.0	77.0
K13491	0.0	17.0
K13497	0.0	5.0
K13498	9.0	79.0
K13513	0.0	11.0
K13522	13.0	11.0
K13523	0.0	11.0
K13525	3.0	84.0
K13527	150.0	82.0
K13529	40.0	151.0
K13530	9.0	3.0
K13532	9.0	3.0
K13533	9.0	3.0
K13540	20.0	19.0
K13541	3.0	479.5
K13542	772.0	1178.5
K13543	36.5	74.5
K13570	150.0	72.0
K13571	418.0	204.0
K13572	42.0	136.0
K13573	68.0	186.0
K13574	4.0	23.0
K13581	3.0	19.0
K13582	3.0	8.0
K13583	3.0	19.0
K13584	3.0	19.0
K13587	3.0	19.0
K13588	3.0	19.0
K13589	3.0	8.0
K13590	78.0	701.0
K13592	3.0	8.0
K13593	3.0	8.0
K13598	528.0	702.0
K13599	506.0	685.0
K13614	0.0	162.0
K13622	12.0	78.0
K13623	12.0	13.0
K13626	287.0	468.0
K13628	605.5	1966.0
K13634	244.5	544.5
K13635	115.0	260.0
K13639	23.0	34.0
K13640	191.0	440.0
K13641	16.5	32.0
K13643	209.5	503.5
K13652	13.0	95.0
K13653	77.0	14.0
K13668	3.0	4.0
K13687	0.0	26.0
K13688	4.0	29.0
K13693	126.0	238.0
K13694	33.0	22.0
K13695	22.0	0.0
K13730	13.0	983.0
K13735	2.0	13.0
K13745	10.0	65.0
K13747	101.0	276.5
K13766	449.5	1170.0
K13767	0.0	10.0
K13770	283.0	378.0
K13771	145.0	524.0
K13774	19.0	94.0
K13775	37.0	163.0
K13777	6.0	112.0
K13778	6.0	101.0
K13779	2.0	13.0
K13787	35.0	112.0
K13788	0.0	63.0
K13789	899.0	1631.5
K13794	0.0	25.0
K13795	4.0	34.0
K13796	4.0	34.0
K13799	3.0	329.5
K13810	92.0	116.0
K13815	10.0	32.0
K13816	10.0	32.0
K13819	107.0	491.0
K13820	10.0	0.0
K13821	422.5	1156.5
K13829	9.0	34.0
K13831	0.0	5.5
K13832	75.0	154.0
K13853	9.0	3.0
K13875	0.0	11.0
K13876	0.0	11.0
K13888	13.0	33.0
K13889	0.0	11.0
K13890	0.0	11.0
K13891	0.0	11.0
K13892	0.0	11.0
K13893	39.0	170.0
K13894	36.0	162.0
K13895	36.0	162.0
K13896	17.0	85.0
K13924	97.0	1073.5
K13926	21.0	254.0
K13929	5.0	178.99999999999997
K13930	5.0	178.99999999999997
K13931	5.0	178.99999999999997
K13932	5.0	178.99999999999997
K13933	5.0	178.99999999999997
K13934	5.0	178.99999999999997
K13940	10.0	0.0
K13950	53.0	72.0
K13953	300.0	378.0
K13954	22.0	56.0
K13963	42.0	386.5
K13979	133.0	301.5
K13990	279.0	544.0
K13993	2124.5	4058.0
K13995	0.0	11.0
K14028	0.0	5.5
K14029	0.0	5.5
K14048	4.0	67.0
K14058	355.5	1123.5
K14059	15.0	294.0
K14067	22.0	5.5
K14083	45.0	169.0
K14126	3.0	39.0
K14127	17.0	76.0
K14128	3.0	39.0
K14136	15.0	12.0
K14138	66.0	180.0
K14153	20.0	44.0
K14155	224.0	625.5
K14157	18.0	46.0
K14160	140.5	394.0
K14161	282.5	687.0
K14162	463.5	1048.0
K14164	1.0	9.0
K14166	9.0	3.0
K14170	805.5	1265.5
K14187	57.0	130.0
K14188	9.0	14.0
K14189	22.0	3.0
K14205	14.0	108.0
K14257	5.0	35.0
K14259	26.0	69.0
K14260	198.0	486.0
K14261	460.5	461.5
K14266	60.0	72.0
K14267	220.5	586.5
K14287	186.0	665.0
K14330	3.0	329.5
K14331	3.0	329.5
K14333	0.0	11.0
K14335	30.0	45.0
K14337	20.0	156.0
K14339	20.0	19.0
K14347	26.0	106.0
K14348	0.0	11.0
K14393	349.5	1693.5
K14414	5.0	82.0
K14415	768.0	1741.0
K14441	1095.5	2072.0
K14445	148.0	528.0
K14446	3.0	19.0
K14447	23.0	38.0
K14448	3.0	19.0
K14449	8.5	19.0
K14451	0.0	11.0
K14518	3.0	329.5
K14519	61.0	133.0
K14534	25.0	223.0
K14540	103.0	592.5
K14578	0.0	11.0
K14581	0.0	11.0
K14591	9.0	3.0
K14597	1.0	9.0
K14605	0.0	262.5
K14606	3.0	329.5
K14623	0.0	26.0
K14645	15.0	473.5
K14647	9.0	3.0
K14652	1254.5	2369.5
K14654	20.0	24.0
K14660	0.0	11.0
K14665	9.0	3.0
K14682	226.5	529.5
K14683	13.0	29.0
K14727	35.0	31.0
K14742	1143.5	1869.5
K14743	20.0	19.0
K14761	211.0	667.5
K14941	73.0	126.0
K14952	0.0	54.0
K14954	20.0	19.0
K14974	0.0	11.0
K14977	11.0	32.0
K14980	6.0	23.0
K14981	3.0	19.0
K14986	3.0	8.0
K14987	3.0	8.0
K14998	35.0	257.5
K15011	95.0	378.5
K15012	98.0	382.5
K15016	24.0	86.0
K15022	20.0	33.0
K15023	75.0	254.0
K15034	453.0	1318.5
K15052	1.0	43.0
K15054	10.0	0.0
K15067	23.0	86.0
K15226	3.0	329.5
K15230	59.0	30.0
K15231	59.0	30.0
K15256	51.0	448.0
K15257	8.0	103.5
K15268	45.0	106.0
K15269	20.0	19.0
K15270	118.0	340.5
K15312	2.0	13.0
K15313	2.0	13.0
K15314	0.0	11.0
K15329	0.0	54.0
K15331	20.0	24.0
K15333	3.0	67.0
K15336	12.0	0.0
K15337	2.0	13.0
K15342	413.0	1520.5
K15357	0.0	11.0
K15371	145.5	280.5
K15372	38.0	96.0
K15376	1.0	9.0
K15383	54.0	121.5
K15396	67.0	301.5
K15460	123.0	415.0
K15461	187.5	377.0
K15468	2.0	13.0
K15495	9.0	74.0
K15496	9.0	74.0
K15497	9.0	74.0
K15509	4.0	9.0
K15512	11.0	53.0
K15513	9.0	40.0
K15518	9.0	3.0
K15519	9.0	3.0
K15520	32.0	103.0
K15521	32.0	49.0
K15525	20.0	19.0
K15526	31.0	40.0
K15527	13.0	35.0
K15531	9.0	3.0
K15532	51.0	43.0
K15539	198.5	514.5
K15546	7.0	27.0
K15551	0.0	11.0
K15552	0.0	11.0
K15553	83.0	134.0
K15554	78.0	127.0
K15555	83.0	171.0
K15569	5.0	0.0
K15570	5.0	0.0
K15571	5.0	0.0
K15572	5.0	0.0
K15575	5.0	0.0
K15576	112.0	810.5
K15577	112.0	792.0
K15578	112.0	853.0
K15579	0.0	44.5
K15580	142.0	147.0
K15581	93.0	144.0
K15582	94.0	137.0
K15583	576.0	532.0
K15598	10.0	51.0
K15599	10.0	51.0
K15629	9.0	3.0
K15633	681.0	1718.0
K15634	1093.5	2523.0
K15635	546.0	641.0
K15640	9.0	3.0
K15642	2.0	67.0
K15653	0.0	54.0
K15669	33.0	45.0
K15681	0.0	54.0
K15724	333.5	796.0
K15725	415.0	1267.5
K15726	884.0	2018.9999999999998
K15727	503.0	1814.0
K15734	11.0	21.0
K15736	16.0	89.5
K15738	693.5	1655.0
K15746	34.0	51.0
K15762	0.0	5.5
K15770	20.0	89.0
K15771	24.0	97.0
K15772	24.0	91.0
K15773	0.0	11.0
K15777	237.5	556.0
K15778	746.5	1154.5
K15782	4.0	9.0
K15790	18.0	251.5
K15792	9.0	43.0
K15836	0.0	26.0
K15852	22.0	0.0
K15856	25.0	202.0
K15862	67.0	119.0
K15864	26.0	492.0
K15866	232.5	542.0
K15876	115.0	455.0
K15916	13.0	26.0
K15918	13.0	361.5
K15923	132.0	287.0
K15973	35.0	32.0
K15975	61.0	131.0
K15977	605.5	1663.5
K15980	3.0	4.0
K15981	20.0	19.0
K15982	15.0	12.0
K15983	20.0	19.0
K15984	5.0	270.0
K15986	78.0	103.0
K15987	1128.5	1897.0
K16011	372.5	624.5
K16012	21.0	61.0
K16013	21.0	50.0
K16014	31.0	40.0
K16043	9.0	3.0
K16047	25.0	198.0
K16048	20.0	19.0
K16049	20.0	19.0
K16050	20.0	139.0
K16052	35.0	223.0
K16053	63.0	267.0
K16054	2.0	13.0
K16055	92.0	289.0
K16066	3.0	64.0
K16079	31.0	88.0
K16087	194.0	645.0
K16088	18.0	236.0
K16089	178.0	696.0
K16090	133.0	311.0
K16091	28.0	143.0
K16092	362.5	888.0
K16127	0.0	57.0
K16135	0.0	11.0
K16137	430.0	635.5
K16139	11.0	21.0
K16146	20.0	19.0
K16147	106.0	119.5
K16148	31.0	40.0
K16149	8.0	403.5
K16153	80.0	405.0
K16163	42.0	61.0
K16164	11.0	21.0
K16165	123.0	439.5
K16167	42.0	121.0
K16168	20.0	84.0
K16169	18.0	6.0
K16171	36.5	171.0
K16173	28.0	227.0
K16188	14.0	141.0
K16199	9.0	3.0
K16200	9.0	3.0
K16201	9.0	3.0
K16202	9.0	3.0
K16203	27.0	37.0
K16210	9.0	8.0
K16211	100.0	411.0
K16212	24.0	34.0
K16213	46.0	37.0
K16216	5.5	40.0
K16234	11.0	21.0
K16235	11.0	21.0
K16238	6.0	127.0
K16242	5.0	178.99999999999997
K16243	5.0	178.99999999999997
K16244	5.0	178.99999999999997
K16245	5.0	178.99999999999997
K16246	5.0	188.99999999999997
K16249	5.0	178.99999999999997
K16254	0.0	5.5
K16255	0.0	5.5
K16256	0.0	5.5
K16257	0.0	11.0
K16258	0.0	11.0
K16259	0.0	11.0
K16260	0.0	5.5
K16263	15.0	12.0
K16264	571.0	1677.0
K16267	193.5	548.5
K16291	85.0	248.5
K16301	31.0	40.0
K16317	10.0	32.0
K16327	0.0	11.0
K16328	39.0	22.0
K16329	44.0	111.0
K16331	9.0	3.0
K16345	3.0	67.0
K16363	274.0	485.0
K16370	0.0	65.0
K16397	0.0	54.0
K16422	27.0	64.5
K16435	5.0	0.0
K16509	18.0	6.0
K16511	18.0	6.0
K16648	20.0	19.0
K16649	31.0	40.0
K16650	31.0	160.0
K16652	15.0	12.0
K16653	15.0	12.0
K16692	3.0	13.0
K16694	9.0	3.0
K16697	9.0	3.0
K16698	9.0	3.0
K16699	9.0	3.0
K16703	0.0	18.5
K16705	9.0	3.0
K16706	9.0	3.0
K16710	1.0	9.0
K16783	34.0	68.0
K16784	34.0	68.0
K16785	145.0	649.5
K16786	68.0	421.5
K16787	128.0	529.5
K16788	10.0	0.0
K16789	19.0	3.0
K16839	3.0	84.0
K16840	31.0	40.0
K16841	11.0	60.0
K16843	12.0	36.0
K16869	18.0	6.0
K16871	3.0	8.0
K16881	62.0	466.5
K16885	66.0	180.0
K16886	66.0	180.0
K16887	66.0	180.0
K16898	100.0	144.0
K16899	97.0	129.0
K16902	9.0	3.0
K16915	23.0	475.0
K16923	21.0	21.0
K16924	0.0	5.0
K16925	20.0	24.0
K16927	31.0	28.0
K16937	34.0	63.0
K16950	10.0	0.0
K16951	10.0	0.0
K16961	18.0	6.0
K16962	9.0	3.0
K16963	9.0	3.0
K17051	57.0	119.0
K17062	3.0	84.0
K17063	3.0	85.5
K17073	18.0	6.0
K17074	9.0	3.0
K17076	18.0	6.0
K17103	1149.5	1947.5
K17105	0.0	26.0
K17108	3.0	272.5
K17195	9.0	3.0
K17206	0.0	11.0
K17213	0.0	5.0
K17215	0.0	5.0
K17216	9.0	3.0
K17217	9.0	3.0
K17218	353.0	1090.0
K17222	28.5	259.0
K17223	17.5	259.0
K17224	17.5	259.0
K17225	17.5	264.5
K17226	80.0	790.0
K17227	45.0	515.5
K17228	11.0	32.0
K17234	1.0	9.0
K17235	1.0	9.0
K17236	1.0	9.0
K17241	11.0	21.0
K17242	22.0	42.0
K17243	11.0	26.0
K17244	3.0	329.5
K17245	3.0	329.5
K17246	3.0	329.5
K17247	128.0	730.0
K17266	2.0	13.0
K17285	0.0	5.5
K17315	1.0	31.0
K17316	1.0	9.0
K17317	1.0	9.0
K17318	86.0	82.0
K17319	86.0	82.0
K17320	86.0	82.0
K17321	4.0	56.0
K17322	4.0	34.0
K17323	4.0	34.0
K17324	4.0	56.0
K17325	4.0	56.0
K17329	15.0	12.0
K17330	15.0	12.0
K17331	15.0	12.0
K17462	19.0	3.0
K17472	9.0	3.0
K17592	0.0	120.0
K17662	3.0	8.0
K17675	27.0	93.0
K17686	1348.5	2671.5
K17713	266.5	660.5
K17716	5.0	23.0
K17723	3.0	52.0
K17733	17.0	239.0
K17734	1.0	9.0
K17735	15.0	23.0
K17752	22.0	185.0
K17755	11.0	21.0
K17759	1013.0	1890.0
K17760	57.0	119.0
K17762	17.0	168.0
K17763	86.0	326.0
K17828	870.0	1231.0
K17829	20.0	19.0
K17830	0.0	26.0
K17836	138.0	1013.5
K17837	24.0	93.0
K17838	19.0	291.0
K17850	0.0	11.0
K17865	31.0	317.0
K17883	11.0	21.0
K17892	3.0	339.5
K17898	10.0	0.0
K17899	10.0	0.0
K17938	0.0	11.0
K17947	22.0	67.0
K17950	18.0	23.0
K17992	52.0	212.0
K18005	81.0	544.5
K18006	31.0	312.5
K18007	22.0	383.0
K18008	52.0	81.0
K18009	1.0	20.0
K18011	33.0	83.0
K18012	33.0	83.0
K18013	13.0	64.0
K18014	30.0	79.0
K18028	0.0	11.0
K18029	6.0	141.0
K18030	0.0	11.0
K18104	18.0	6.0
K18115	9.0	3.0
K18118	18.0	264.0
K18123	24.0	139.0
K18138	772.5	1345.5
K18139	708.5	891.0
K18143	0.0	11.0
K18144	0.0	22.0
K18145	0.0	11.0
K18146	0.0	11.0
K18148	2.0	67.0
K18149	28.0	6.0
K18199	13.0	0.0
K18223	0.0	11.0
K18224	0.0	11.0
K18225	0.0	11.0
K18226	0.0	11.0
K18231	19.0	3.0
K18234	3.0	245.0
K18240	10.0	32.0
K18242	4.0	34.0
K18243	4.0	34.0
K18284	9.0	3.0
K18285	219.0	393.0
K18286	64.0	41.0
K18289	0.0	10.0
K18297	3.0	4.0
K18298	0.0	5.5
K18299	20.0	29.5
K18301	10.0	32.0
K18302	10.0	32.0
K18303	37.5	289.5
K18330	52.0	207.0
K18331	72.0	338.0
K18332	76.0	333.0
K18333	24.0	22.0
K18334	11.0	21.0
K18335	7.0	53.0
K18346	9.0	3.0
K18349	9.0	3.0
K18350	9.0	3.0
K18354	20.0	19.0
K18365	5.0	178.99999999999997
K18366	5.0	178.99999999999997
K18369	11.0	21.0
K18371	0.0	11.0
K18373	0.0	11.0
K18374	0.0	11.0
K18379	0.0	11.0
K18382	0.0	11.0
K18429	13.0	23.0
K18430	28.0	182.0
K18434	0.0	11.0
K18455	31.0	40.0
K18456	11.0	21.0
K18457	0.0	11.0
K18459	0.0	11.0
K18471	0.0	5.0
K18472	20.0	19.0
K18475	0.0	54.0
K18478	11.0	26.5
K18479	11.0	21.0
K18480	114.0	344.5
K18481	60.0	57.0
K18534	3.0	329.5
K18546	0.0	54.0
K18581	31.0	3.0
K18586	4.0	26.0
K18587	0.0	11.0
K18588	3.0	19.0
K18640	9.0	164.0
K18660	3.0	4.0
K18661	10.5	108.0
K18672	191.0	140.0
K18676	0.0	11.0
K18678	3.0	329.5
K18682	844.0	1081.0
K18691	241.5	846.5
K18692	9.0	3.0
K18697	10.0	32.0
K18701	11.0	21.0
K18702	0.0	11.0
K18704	18.0	6.0
K18707	733.0	1029.5
K18775	42.0	66.0
K18778	244.5	592.5
K18782	0.0	11.0
K18800	57.0	210.0
K18814	4.0	338.5
K18815	0.0	159.0
K18820	0.0	23.0
K18828	95.0	1024.0
K18829	0.0	26.0
K18831	30.0	931.0
K18833	11.0	21.0
K18843	31.0	69.0
K18850	189.5	222.0
K18855	0.0	11.0
K18889	4.0	9.0
K18890	4.0	9.0
K18893	29.0	53.0
K18900	18.0	236.0
K18901	38.0	271.0
K18902	38.0	271.0
K18903	18.0	247.0
K18907	9.0	3.0
K18908	9.0	3.0
K18909	9.0	3.0
K18910	3.0	67.0
K18911	20.0	112.0
K18912	11.0	130.0
K18917	31.0	40.0
K18924	9.0	3.0
K18925	9.0	3.0
K18926	20.0	24.0
K18928	146.5	722.0
K18929	140.5	637.0
K18930	19.0	263.0
K18939	9.0	3.0
K18955	82.0	99.0
K18958	20.0	19.0
K18967	9.0	3.0
K18968	10.0	32.0
K18979	638.5	1814.0
K18981	9.0	41.0
K18996	0.0	22.0
K18997	27.0	237.0
K19000	10.0	0.0
K19003	3.0	329.5
K19005	9.0	3.0
K19032	3.0	272.5
K19033	21.0	54.0
K19046	15.0	86.5
K19055	66.0	361.0
K19062	25.0	70.0
K19066	5.0	0.0
K19067	5.0	0.0
K19068	0.0	23.0
K19075	1.0	9.0
K19076	3.0	272.5
K19091	17.0	630.5
K19092	43.0	637.5
K19117	0.0	11.0
K19118	0.0	11.0
K19119	17.0	11.0
K19120	0.0	85.5
K19121	0.0	85.5
K19122	0.0	85.5
K19123	15.0	86.5
K19124	15.0	86.5
K19125	15.0	86.5
K19126	15.0	86.5
K19131	2.0	13.0
K19132	2.0	13.0
K19134	0.0	18.5
K19136	2.0	13.0
K19139	0.0	26.0
K19142	3.0	254.0
K19144	0.0	161.0
K19147	25.0	208.0
K19158	6.0	532.5
K19159	76.0	617.5
K19166	11.0	398.5
K19168	37.0	37.0
K19169	0.0	284.5
K19170	6.0	322.5
K19171	6.0	511.0
K19172	3.0	255.5
K19176	3.0	4.0
K19181	1.0	9.0
K19190	33.0	53.0
K19191	19.0	54.0
K19200	3.0	33.0
K19221	819.0	1717.0
K19222	34.0	62.0
K19224	9.0	3.0
K19225	90.0	548.0
K19244	1.0	63.0
K19246	4.0	185.0
K19265	92.0	263.0
K19267	74.0	360.0
K19268	10.0	0.0
K19270	14.0	26.0
K19271	20.0	0.0
K19285	9.0	8.0
K19286	19.0	8.0
K19294	13.0	272.5
K19295	0.0	22.0
K19300	9.0	3.0
K19302	752.0	1510.0
K19309	10.0	0.0
K19310	10.0	0.0
K19312	1.0	9.0
K19332	2.0	19.0
K19333	0.0	5.0
K19337	4.0	45.0
K19338	8.0	46.0
K19340	26.0	67.0
K19341	25.0	63.0
K19342	25.0	63.0
K19344	18.0	294.0
K19345	18.0	294.0
K19353	0.0	11.0
K19355	13.0	54.0
K19373	1.0	9.0
K19405	58.0	59.0
K19411	58.0	59.0
K19416	244.5	602.5
K19426	9.0	3.0
K19428	3.0	4.0
K19431	22.0	0.0
K19449	18.0	6.0
K19465	3.0	84.0
K19506	9.0	3.0
K19508	9.0	3.0
K19515	5.0	0.0
K19516	5.0	0.0
K19519	0.0	29.0
K19575	9.0	3.0
K19577	57.0	127.0
K19578	9.0	3.0
K19585	32.0	32.0
K19586	52.0	56.0
K19640	8.0	246.0
K19641	20.0	270.0
K19661	18.0	257.0
K19664	0.0	53.5
K19670	4.0	9.0
K19687	3.0	67.0
K19689	115.0	231.0
K19694	0.0	562.0
K19696	67.0	247.5
K19707	9.0	134.0
K19710	569.0	707.0
K19713	88.0	377.0
K19714	33.0	96.0
K19715	58.0	236.0
K19736	0.0	11.0
K19743	0.0	11.0
K19745	30.5	294.0
K19746	0.0	11.0
K19777	0.0	11.0
K19784	43.0	376.0
K19789	0.0	11.0
