d__Bacteria;p__Proteobacteria;c__Gammaproteobacteria;o__Methylococcales;f__Methylomonadaceae,d__Bacteria;p__Cyanobacteria;c__Cyanobacteriia;o__Cyanobacteriales;f__Nostocaceae,d__Bacteria;p__Proteobacteria;c__Gammaproteobacteria;o__Burkholderiales;f__Burkholderiaceae,d__Bacteria;p__Desulfobacterota;c__Desulfobaccia;o__Desulfobaccales;f__Desulfobaccaceae,d__Bacteria;p__Planctomycetota;c__Planctomycetes;o__Planctomycetales;f__uncultured,d__Bacteria;p__Firmicutes;c__Clostridia;o__Lachnospirales;f__Lachnospiraceae,d__Bacteria;p__Proteobacteria;c__Gammaproteobacteria;o__Aeromonadales;f__Aeromonadaceae,d__Bacteria;p__Actinobacteriota;c__Actinobacteria;o__Micrococcales;__,d__Bacteria;p__Proteobacteria;c__Alphaproteobacteria;o__Rickettsiales;f__Anaplasmataceae,d__Bacteria;p__Proteobacteria;c__Gammaproteobacteria;o__Burkholderiales;f__Alcaligenaceae,d__Bacteria;p__Proteobacteria;c__Gammaproteobacteria;o__Enterobacterales;f__Erwiniaceae,d__Bacteria;p__Acidobacteriota;c__Vicinamibacteria;o__Vicinamibacterales;f__Vicinamibacteraceae,d__Bacteria;p__Proteobacteria;c__Gammaproteobacteria;o__Vibrionales;f__Vibrionaceae,d__Bacteria;p__Firmicutes;c__Bacilli;o__Erysipelotrichales;f__Erysipelotrichaceae,d__Bacteria;p__Bacteroidota;c__Bacteroidia;o__Flavobacteriales;__,d__Bacteria;p__Proteobacteria;c__Gammaproteobacteria;o__Alteromonadales;f__Shewanellaceae,d__Bacteria;p__Desulfobacterota;c__Desulfuromonadia;o__Geobacterales;f__Geobacteraceae,d__Bacteria;p__Desulfobacterota;c__Desulfobacteria;o__Desulfobacterales;f__Desulfosarcinaceae,d__Bacteria;p__Actinobacteriota;c__Actinobacteria;o__PeM15;f__PeM15,d__Bacteria;p__Proteobacteria;c__Gammaproteobacteria;o__Burkholderiales;f__SC-I-84,d__Bacteria;p__Actinobacteriota;c__Thermoleophilia;o__Gaiellales;f__uncultured,d__Bacteria;p__Firmicutes;c__Bacilli;o__Lactobacillales;f__Streptococcaceae,d__Bacteria;p__Bacteroidota;c__Bacteroidia;o__Flavobacteriales;f__Weeksellaceae,d__Bacteria;p__Actinobacteriota;c__Actinobacteria;o__Corynebacteriales;f__Corynebacteriaceae,d__Bacteria;p__Bacteroidota;c__Bacteroidia;o__Bacteroidales;f__Bacteroidaceae,d__Bacteria;p__Proteobacteria;c__Gammaproteobacteria;o__Cellvibrionales;f__Halieaceae,d__Bacteria;p__Actinobacteriota;c__Actinobacteria;o__Micrococcales;f__Microbacteriaceae,d__Bacteria;p__Desulfobacterota;c__Syntrophorhabdia;o__Syntrophorhabdales;f__Syntrophorhabdaceae,d__Bacteria;p__Myxococcota;c__Myxococcia;o__Myxococcales;f__Anaeromyxobacteraceae,d__Bacteria;p__Proteobacteria;c__Gammaproteobacteria;o__Enterobacterales;f__Yersiniaceae,d__Bacteria;p__Firmicutes;c__Clostridia;o__Clostridiales;f__Clostridiaceae,d__Bacteria;p__Proteobacteria;c__Gammaproteobacteria;o__Enterobacterales;f__Thorselliaceae,d__Bacteria;p__Actinobacteriota;c__Thermoleophilia;o__Solirubrobacterales;f__67-14,d__Bacteria;p__Verrucomicrobiota;c__Verrucomicrobiae;o__Verrucomicrobiales;f__Rubritaleaceae,d__Bacteria;p__Actinobacteriota;c__Actinobacteria;o__Propionibacteriales;f__Nocardioidaceae,d__Bacteria;p__Firmicutes;c__Bacilli;o__Bacillales;f__Planococcaceae,d__Bacteria;p__Proteobacteria;c__Gammaproteobacteria;o__Burkholderiales;f__Rhodocyclaceae,d__Bacteria;p__Firmicutes;c__Bacilli;o__Exiguobacterales;f__Exiguobacteraceae,d__Bacteria;p__Planctomycetota;c__Planctomycetes;o__Pirellulales;f__Pirellulaceae,d__Bacteria;p__Actinobacteriota;c__Actinobacteria;o__Micrococcales;f__Micrococcaceae,d__Bacteria;p__Proteobacteria;c__Gammaproteobacteria;__;__,d__Bacteria;p__Actinobacteriota;c__Actinobacteria;o__Corynebacteriales;f__Nocardiaceae,d__Bacteria;p__Proteobacteria;c__Gammaproteobacteria;o__Pseudomonadales;f__Pseudomonadaceae,d__Bacteria;p__Bacteroidota;c__Bacteroidia;o__Cytophagales;f__Cyclobacteriaceae,d__Bacteria;p__Firmicutes;c__Bacilli;o__Erysipelotrichales;f__Erysipelatoclostridiaceae,d__Bacteria;p__Desulfobacterota;c__Syntrophia;o__Syntrophales;f__uncultured,d__Bacteria;p__Verrucomicrobiota;c__Chlamydiae;o__Chlamydiales;f__Parachlamydiaceae,d__Bacteria;p__Bacteroidota;c__Bacteroidia;o__Flavobacteriales;f__Flavobacteriaceae,d__Bacteria;p__Actinobacteriota;c__Actinobacteria;o__Actinomycetales;f__Actinomycetaceae,d__Bacteria;p__Campilobacterota;c__Campylobacteria;o__Campylobacterales;f__Arcobacteraceae,d__Bacteria;p__Proteobacteria;c__Alphaproteobacteria;o__Rhodobacterales;f__Rhodobacteraceae,d__Bacteria;p__Proteobacteria;c__Alphaproteobacteria;o__Rhizobiales;f__Rhizobiales_Incertae_Sedis,d__Bacteria;p__Proteobacteria;c__Gammaproteobacteria;o__Burkholderiales;f__Neisseriaceae,d__Bacteria;p__Proteobacteria;c__Gammaproteobacteria;o__Xanthomonadales;f__Xanthomonadaceae,d__Bacteria;p__Proteobacteria;c__Gammaproteobacteria;o__Alteromonadales;f__Alteromonadaceae,d__Bacteria;p__Spirochaetota;c__Brevinematia;o__Brevinematales;f__Brevinemataceae,d__Bacteria;p__Firmicutes;c__Bacilli;__;__,d__Bacteria;p__Actinobacteriota;c__Thermoleophilia;o__Gaiellales;f__Gaiellaceae,d__Bacteria;p__Proteobacteria;c__Gammaproteobacteria;o__Burkholderiales;f__Chromobacteriaceae,d__Bacteria;p__Bacteroidota;c__Bacteroidia;o__Bacteroidales;f__Marinilabiliaceae,d__Bacteria;p__Firmicutes;c__Desulfitobacteriia;o__Desulfitobacteriales;f__Desulfitobacteriales,d__Bacteria;p__Firmicutes;c__Bacilli;o__Lactobacillales;f__Enterococcaceae,d__Bacteria;p__Proteobacteria;c__Gammaproteobacteria;o__Enterobacterales;f__Hafniaceae,d__Bacteria;p__Firmicutes;c__Negativicutes;o__Acidaminococcales;f__Acidaminococcaceae,d__Bacteria;p__Cyanobacteria;c__Cyanobacteriia;o__Oxyphotobacteria_Incertae_Sedis;f__Unknown_Family,d__Bacteria;p__Proteobacteria;c__Gammaproteobacteria;o__Burkholderiales;f__Chitinibacteraceae,d__Bacteria;p__Proteobacteria;c__Gammaproteobacteria;o__SZB30;f__SZB30,d__Bacteria;p__Deferribacterota;c__Deferribacteres;o__Deferribacterales;f__Deferribacteraceae,d__Bacteria;p__Firmicutes;c__Negativicutes;o__Veillonellales-Selenomonadales;f__Sporomusaceae,d__Bacteria;p__Acidobacteriota;c__Vicinamibacteria;o__Subgroup_17;f__Subgroup_17,d__Bacteria;p__Proteobacteria;c__Gammaproteobacteria;o__Enterobacterales;f__Morganellaceae,d__Bacteria;p__Proteobacteria;c__Gammaproteobacteria;o__Burkholderiales;f__Oxalobacteraceae,d__Bacteria;p__Proteobacteria;c__Gammaproteobacteria;o__Aeromonadales;__,d__Bacteria;p__Actinobacteriota;c__Actinobacteria;o__Corynebacteriales;f__Mycobacteriaceae,d__Bacteria;p__Proteobacteria;c__Gammaproteobacteria;o__Arenicellales;f__Arenicellaceae,d__Bacteria;p__Planctomycetota;c__Planctomycetes;o__Gemmatales;f__Gemmataceae,d__Bacteria;p__Firmicutes;c__Bacilli;o__Lactobacillales;f__Vagococcaceae,d__Bacteria;p__Firmicutes;c__Clostridia;o__Peptostreptococcales-Tissierellales;f__Anaerovoracaceae,d__Bacteria;p__Desulfobacterota;c__Syntrophobacteria;o__Syntrophobacterales;f__Syntrophobacteraceae,d__Bacteria;p__Desulfobacterota;c__Desulfobulbia;o__Desulfobulbales;f__Desulfobulbaceae,d__Bacteria;p__Proteobacteria;c__Gammaproteobacteria;o__Cardiobacteriales;f__Cardiobacteriales,d__Bacteria;p__Proteobacteria;c__Gammaproteobacteria;o__Steroidobacterales;f__Steroidobacteraceae,d__Bacteria;p__Actinobacteriota;c__Actinobacteria;o__Micrococcales;f__Sanguibacteraceae,d__Bacteria;p__Myxococcota;c__Polyangia;o__Nannocystales;f__Nannocystaceae,d__Bacteria;p__Firmicutes;c__Bacilli;o__RsaHf231;f__RsaHf231,d__Bacteria;p__Verrucomicrobiota;c__Verrucomicrobiae;o__Verrucomicrobiales;f__Verrucomicrobiaceae,d__Bacteria;p__Cyanobacteria;c__Cyanobacteriia;o__Phormidesmiales;f__Nodosilineaceae,d__Bacteria;p__Proteobacteria;c__Gammaproteobacteria;o__Burkholderiales;f__Comamonadaceae,d__Bacteria;p__Firmicutes;c__Bacilli;o__Erysipelotrichales;__,d__Bacteria;p__Spirochaetota;c__Spirochaetia;o__Spirochaetales;f__Spirochaetaceae,d__Bacteria;p__Proteobacteria;c__Gammaproteobacteria;o__Burkholderiales;f__Sutterellaceae,d__Bacteria;p__Firmicutes;c__Bacilli;o__Mycoplasmatales;f__Mycoplasmataceae,d__Bacteria;p__Cyanobacteria;c__Cyanobacteriia;o__Cyanobacteriales;f__Phormidiaceae,d__Bacteria;p__Proteobacteria;c__Gammaproteobacteria;o__Enterobacterales;__,d__Bacteria;p__Desulfobacterota;c__Desulfovibrionia;o__Desulfovibrionales;f__Desulfovibrionaceae,d__Bacteria;p__Proteobacteria;c__Gammaproteobacteria;o__Cardiobacteriales;__,d__Bacteria;p__Acidobacteriota;c__Vicinamibacteria;o__Vicinamibacterales;f__uncultured,d__Bacteria;p__Verrucomicrobiota;c__Verrucomicrobiae;o__Chthoniobacterales;f__Chthoniobacteraceae,d__Bacteria;p__Bacteroidota;c__Bacteroidia;o__Bacteroidales;f__Rikenellaceae,d__Bacteria;p__Planctomycetota;c__Planctomycetes;o__Isosphaerales;f__Isosphaeraceae,d__Bacteria;p__Proteobacteria;c__Gammaproteobacteria;o__Aeromonadales;f__Aeromonadales,d__Bacteria;p__Proteobacteria;c__Gammaproteobacteria;o__Pseudomonadales;f__Moraxellaceae,d__Bacteria;p__Chloroflexi;c__KD4-96;o__KD4-96;f__KD4-96,d__Bacteria;p__Cyanobacteria;c__Cyanobacteriia;o__Synechococcales;f__Cyanobiaceae,d__Bacteria;p__Proteobacteria;c__Gammaproteobacteria;o__Burkholderiales;__,d__Bacteria;p__Myxococcota;c__Polyangia;o__Polyangiales;f__Sandaracinaceae,d__Bacteria;p__Proteobacteria;c__Gammaproteobacteria;o__Methylococcales;f__Methylococcaceae,d__Bacteria;p__Bacteroidota;c__Bacteroidia;o__Flavobacteriales;f__Crocinitomicaceae,d__Bacteria;p__Bacteroidota;c__Bacteroidia;o__Bacteroidales;f__Dysgonomonadaceae,d__Bacteria;p__Proteobacteria;c__Gammaproteobacteria;o__Diplorickettsiales;f__Diplorickettsiaceae,d__Bacteria;p__Verrucomicrobiota;c__Verrucomicrobiae;o__uncultured;f__uncultured,d__Bacteria;p__Fusobacteriota;c__Fusobacteriia;o__Fusobacteriales;f__Fusobacteriaceae,d__Bacteria;p__Proteobacteria;c__Gammaproteobacteria;o__Enterobacterales;f__Enterobacteriaceae,d__Bacteria;p__Proteobacteria;c__Gammaproteobacteria;o__Gammaproteobacteria_Incertae_Sedis;f__Unknown_Family,d__Bacteria;p__Proteobacteria;c__Gammaproteobacteria;o__Burkholderiales;f__Nitrosomonadaceae,d__Bacteria;p__Firmicutes;c__Bacilli;o__Paenibacillales;f__Paenibacillaceae,d__Bacteria;p__Verrucomicrobiota;c__Verrucomicrobiae;o__Pedosphaerales;f__Pedosphaeraceae,d__Bacteria;p__Firmicutes;c__Bacilli;o__Bacillales;f__Bacillaceae,d__Bacteria;p__Firmicutes;c__Bacilli;o__Lactobacillales;f__Carnobacteriaceae,d__Bacteria;p__Cyanobacteria;c__Cyanobacteriia;o__Chloroplast;f__Chloroplast,d__Bacteria;p__Firmicutes;c__Negativicutes;o__Veillonellales-Selenomonadales;f__uncultured,d__Bacteria;p__Proteobacteria;c__Gammaproteobacteria;o__Run-SP154;f__Run-SP154,d__Bacteria;p__Desulfobacterota;c__Desulfobulbia;o__Desulfobulbales;f__Desulfocapsaceae,d__Bacteria;p__Proteobacteria;c__Gammaproteobacteria;o__Legionellales;f__Legionellaceae,d__Bacteria;p__Bacteroidota;c__Bacteroidia;o__Chitinophagales;f__Chitinophagaceae,d__Bacteria;p__Bdellovibrionota;c__Oligoflexia;o__Silvanigrellales;f__Silvanigrellaceae
0.0349744491264693,0.0003516794049886,-0.0015338297321611,-0.0009623588876353,0.0013700088186599,-0.0030150459163162,0.009099298966626,0.0,0.0009499273766138,0.0,0.0,0.0009651280529747,0.0011453213424691,0.1000289720690931,0.0034424598947227,0.0075898263247036,-0.0069729804649815,-0.0019731459007389,0.0014866376700318,0.0029226005968187,0.0,0.0388083332482101,-0.00180919318311,0.0007918361109017,-0.0031504704201378,0.0023832026533424,0.0068894151619441,-0.065683983015678,0.0,0.0548541631405271,0.0705599054612228,-0.0013219241667145,-0.0102996816199204,0.0034817117616629,0.0081561401994831,0.0028396552561204,-0.0051367923398999,0.0021936592896697,-0.0174918147960124,0.0009775813248306,0.0010695735078821,-0.0012794295996121,0.0072312100280904,0.0011876945359846,-0.0233295786210677,-0.0026106783532337,-0.0021190146714656,-0.0007219789563154,0.0,0.0,0.0008084806445527,-0.0020690967873259,-0.0019351285515198,-0.0023836814260123,0.0020580090001941,-0.0026209662157894,-0.0019865105609591,-0.0016868836754403,0.0056738333160244,0.0,0.0013605025661313,0.0225842555289059,0.0065492185589486,0.0045719083169537,0.0018781123790834,-0.0017001869927498,0.0002880588702999,0.0041230518805748,0.0011302688811276,-0.0017961911134613,0.0083006870618519,0.0009259228666224,0.0450588797849553,-0.0028043036199945,0.0,-0.0027521496000531,0.0,0.0014859566112524,0.0030657368086194,0.0014257406604285,0.0190048368006353,-0.0032797720197218,0.0,-0.0017201219495434,0.0,0.0008058724562129,0.0096986709069345,0.0210132438405231,0.0005175577295264,0.0,-0.0242532085994995,-0.0010091310273647,-0.0042908129633276,0.0,0.0069864731450626,-0.0047561645496423,0.0005636639759865,0.0264913792553895,-0.0077182958604611,-0.0113009998351565,0.0,0.0,0.0,0.0,0.004986164024963,0.0,0.0013751216910328,0.0,0.0264140475335864,0.0010268816934719,0.0,0.010812589325167,0.0205717249652727,0.0,0.0022923062627589,0.0,0.000752194584204,0.0139889169299436,0.0088175318069074,-0.0139297516838423,-0.0022053163204293,0.0010840584037373,0.0085281417646779,0.008631524561449,0.0,-0.0020458698272705
0.1112087891762292,0.0,0.0042734859609873,0.0001955613615617,0.0,-0.0137840308035864,0.0077475462162129,-0.0020480948708102,-0.0026337664097029,0.0,0.0,0.0004659420435289,-0.0025449960094901,0.0695992860465637,0.0035773002497869,0.002012884587418,0.0835212513053451,0.1166532864774632,-0.0114906652862922,-0.0962157596719058,0.0096368647607118,0.0337571186530184,0.0021681936173778,0.0021970724629092,-0.002367692776175,-0.0025186983480984,0.0053273545986345,0.0035808693734723,-0.0039850735922021,0.0512744984584477,0.0181469775169697,-0.0026324615572256,0.0,0.0019334914709072,0.008954167728185,0.0012719687838042,0.0458148293149658,0.0032218556103866,0.0012152672992753,0.0035515224741074,0.0,-0.0035437009176267,0.0053756904297939,0.0008584986229202,-0.0027810514497061,-0.0056730637266682,-0.0030847706104797,0.0,-0.0023836457833325,0.0,0.0,0.0,0.0,-0.0007888721413533,0.0029367714671306,-0.0046693907083514,-0.0026714479525414,0.0104728140708767,0.0046096099035854,0.0,0.0015984493998579,0.0080107156565348,0.0055520209489178,0.008306594641766,0.0044985247779135,-0.0052061430388691,0.0039761477898742,0.0053373280100842,0.0013167451386684,-0.0020300387686594,0.004582419504459,0.0007657532163708,0.0622009956025543,-0.0057705257565856,0.0,-0.0048831964309279,0.0,0.0021862378970214,-0.0659158622290441,-0.0170231274492877,0.0019203785343972,-0.0205225308867407,-0.0152720998330807,0.0,-0.0037520640661435,0.0021773986408607,0.0070467782282608,-0.0171698112242927,-0.0651427097657155,0.0,-0.0802312464473295,-0.0026849751903757,-0.0034307633479993,0.0,0.0079773974658167,-0.0083467301859884,0.000474416927405,0.001411731659844,0.0,-0.0415396045964266,0.0,0.0,0.0,0.0,-0.029985214487233,-0.0017659882101597,0.0033471603502702,0.0,0.0280461883840957,0.0034259128201471,0.0008459549158292,0.0011591867351406,0.0189415754106019,0.0,0.0,0.0026982071606275,0.0014995020719628,-0.001995989172004,0.0084779815258618,0.034374302639009,-0.0023433287926821,0.0,0.0024120011222594,0.0142401332053673,0.0,-0.006074845790863
-0.0360995230331889,0.0,-0.001953519852712,0.0,0.0019836183410939,-0.0452266789432895,0.0066734508562626,-0.0134022992930673,-0.0016032101176117,0.0,0.0,0.0,0.0,-0.0101240656261719,0.0028822619952915,0.0028166827550104,-0.0121483855086265,-0.0012120069058599,0.0010685459145162,0.0021929086755384,0.0,0.0203372054864037,0.0,0.0,-0.0006345182451437,0.0,0.0034997099869128,0.0042306948234975,0.0,-0.0198414617661174,-0.0161417020407095,-0.003824306909153,0.0,0.0,0.0065318043004541,0.0,-0.0064686576606666,0.0,0.00174456548581,0.0019600199673254,-0.0090814306143809,-0.0051618548917398,0.0038843104720057,0.0,0.0,-0.0099705051485285,-0.0060206911655781,0.0,0.0,0.0,0.0,0.0,-0.001831942344152,-0.001962994312584,0.0,-0.0038452308167766,0.0020754409889148,0.0,0.003692933631238,0.0,0.0,0.009439343764487,0.004085412031718,0.0025030885328447,0.0,-0.002808551634524,0.0,0.0016162276140302,-0.0008239983913772,-0.0016115196403559,0.0028856160892382,0.0016992253350488,0.0212790604105137,-0.0038534724725645,0.0,-0.0048499981417963,0.0,0.0,0.0015466234291989,0.0,-0.0253348459076761,0.001261642028148,0.0,0.0,-0.0024197896076951,0.0022886542386194,0.0052490031043899,0.0112624008023784,0.0049037256196703,0.0,0.0072785392093244,-0.0019205600374213,-0.0008533898527177,-0.0010218173086691,0.0140583915045816,-0.0134331254895617,-0.0015342676419828,0.0,-0.0119910052729497,-0.0539303666685163,-0.0018238154148276,0.0,0.0,0.0,-0.0879516791406778,0.0,0.0,0.0,0.0080019021895702,0.0,0.0,0.0,0.0119846732337526,0.0,0.0,0.0,0.0,-0.0020279262474471,0.0037864911704868,-0.0225066529902287,-0.0021261021139932,0.0,-0.0017610483476013,0.0042301580824025,-0.0003428193127674,-0.0061105787754058
-0.0352213683556452,-0.0014438414012016,-0.0030524508561151,0.0,0.0032984600072405,0.0024012244142299,0.000465402918182,0.0024520837517097,0.0,0.0010683407825312,0.0,0.0,-0.0006642051313298,-0.0882199976300775,0.0029496067866426,-0.0376061507100618,-0.0107321119627366,-0.0008114289655739,0.0,0.0020342049361096,-0.0012769121500556,0.0275626065797361,0.00115549342094,0.0003733961021516,-0.0017050817104345,0.0,0.0044494076048683,0.0035340648134535,0.0017119399730243,-0.0174859896677836,-0.0021737792416133,-0.0028863866101585,-0.0012824778548661,0.0010466912730166,0.0060278047356613,0.0016641402261586,-0.0085444684978233,0.0006881894084115,0.0032788334018372,0.0031161152142379,0.0013637905800929,-0.0038815540606272,0.006422175137287,0.0009130003084711,0.0035481427309528,-0.0093839452078489,-0.0042531545818905,-0.0015745718247919,0.0,-0.0012682490095059,0.0,-0.0010268661837784,-0.0029279996913575,-0.0025875693756352,0.0013381234965605,-0.0049314892558115,-0.0012916119045277,0.0,0.0038723519160894,0.0,-0.0004979790495339,-0.0038515579482119,0.0043137889264466,0.0046142335387175,0.0009786721722866,-0.0025222385365585,0.0,0.0028764276458707,-0.0005366842850892,-0.001936920459324,0.0042211363334835,0.0014546763329217,0.0631497137799818,0.0061925733826068,0.0,-0.0041035878517114,0.0,0.0,0.0026498535503339,0.0,0.0149692210395337,0.0,0.0,0.0,0.0006560795415973,0.002599810679546,0.0087495854250472,0.0148080420715027,0.0054962096794798,0.0,0.0069534820435391,-0.0019011485643918,-0.0097269223715941,-0.0008616072338163,-0.0023373851114385,-0.0113035200676971,0.0,0.0,-0.0058760034827034,-0.0579988819970085,-0.0025743874261628,0.0,0.0,-0.0017549714361822,0.0054881548395079,-0.0008611581966025,0.0014348133885579,0.0,-0.0051504852726027,0.0006756313906279,0.0,0.0107189885840482,0.0123489761906158,0.0,0.0,0.002184943841945,0.0008428427845335,-0.0026198613274224,0.0063090539493737,-0.0129037777890317,-0.0022414019319888,0.0,-0.0023237702543,0.0055963936487128,0.0,-0.006117045879364
-0.0329327685230763,-0.0019149915285478,-0.0033066144723779,0.0001836533201354,0.0021679635509199,0.0038841433759517,-0.0062050882119017,0.0022895159873487,-0.0011973307556654,0.0,0.0,0.0012627256382936,-0.0013969853820871,-0.081881857113629,0.0030328840025226,0.0117008287946424,-0.0103838947216956,0.0,0.0,0.0030800267775603,0.0,0.0299012084491047,0.0021470247460082,0.0007937026639662,-0.0014754961606615,0.0,0.0049707560567087,0.0050638971424043,0.0006993268669733,-0.0146958728584288,-0.0192478688627198,-0.0023620410924708,0.0006207616374127,0.0025670438574164,0.0059322063556815,0.0017137867734723,-0.0050221467731538,0.0012569918832744,0.0036862671259588,0.0013797820748528,0.0011005851110685,-0.0039946519899271,0.0058142662121501,0.0004717932485914,0.0015588289705012,-0.0072052823858665,-0.0040711585750342,0.0,0.0003650514327963,0.0,0.0,0.0,-0.0038243876745341,-0.0019851764751136,0.0014059272885865,-0.0046066519845192,-0.0009426755763924,-0.0012864890673851,0.0057135881512415,0.0,0.0,-0.001768660987811,0.0041565721160521,0.0049513870721926,0.0,-0.0017560089276561,0.0,0.0028863074639429,0.0,-0.001232668649607,0.0039528143257319,0.0013125199202358,0.0244813047665797,-0.0033298096709984,0.0,-0.0038475634253435,0.0,0.0,0.0022960567450502,0.0010927012765137,0.0166593976532811,0.0009995076061027,0.0,0.0,0.0,0.0032000343204105,0.0064168204263301,0.0157048239274091,0.0057474328481636,0.0,0.0098070863115458,-0.0022023810844275,0.0837185219521055,-0.0011474029554989,-0.0027061629078268,-0.0102756828039396,0.0,0.0016226830783845,0.0023388984182637,-0.0527183339324012,-0.001706512128886,0.0,-0.0008268319446754,-0.0006540980656494,0.0070746589409973,0.0004733624259781,0.0018438567738876,0.0,-0.0081401541872525,0.0011894476924523,0.0,-0.0020244231207531,0.0089755994124245,0.0,0.0,0.0019156337330231,0.0,-0.0023472275287199,0.0068395811828149,-0.0201254510414218,-0.001930395078075,0.0003467069664759,-0.0007942328163847,0.0074151587860842,0.0,-0.0064770551398396
0.0595434858190816,0.0,0.0008963955684618,0.0019581950222843,0.0015532232920858,-0.0401871807340991,0.0074373205167093,0.000549905807297,0.0009401886365748,0.0010042282574238,0.0,0.0,0.0,0.0197946805332505,0.0050894362185616,-0.0019782848102438,0.0245247006083522,0.0,0.0028847571002787,0.0052424015149174,-0.0030497479511377,0.0395886416409543,0.0034952443425119,-0.0003925395359326,0.000269699666799,0.0016788082630307,0.0062285764982428,0.0048221231755276,0.0032063904472079,0.0875032445956608,0.0007532044369259,0.0,-0.0013021254461421,0.0011281441934018,0.0108257907937185,0.0010594566128653,-0.0017631408843429,0.0028846121022139,9.979299036904564e-05,0.0041105350674563,0.0009333036482735,-0.0021952822200322,0.0049518606333731,0.0021537045353801,-0.0020331013883279,0.0,-0.0017853544050391,0.0037383266382973,0.0014990320055274,-0.0024560190571322,-0.0028923196929591,0.0,-0.0010852111122058,-0.0024687724683015,0.0,-0.0016722002150998,0.0,0.0028747639671209,-0.0100370987376047,0.0,0.0,0.0104385810961544,0.0064606574775542,0.0015139335600691,0.0,-0.0010965891573971,-0.0007304833178218,0.004055129407043,-0.0021930251896852,-0.004680293820039,0.0009756348392682,0.002398216919764,0.011236080074114,-0.0027854570081095,-0.0008311104775474,0.000211309969267,0.0,0.0020873397967336,0.000815519422903,0.003834619689689,0.0120486001511361,0.0058458494209949,0.0,0.0,0.0,0.0016970231145054,0.0044258793461763,0.019832866451163,0.0047758910415478,0.0,0.0107219756908068,-0.0038458930820446,0.1098776654536143,0.0024399360481824,0.0012379588217488,-0.0018822576104464,-0.0006377182260864,0.0,-0.002101344787697,0.052760328280007,0.0,0.0,-0.0018898009310653,0.0087030390831076,0.0053598437072291,-0.0012187290922958,0.0004624089022515,0.0,0.0579407092326557,0.0056918602944724,-0.0004764126485304,0.0036622705717617,0.0026749098226931,0.0003091528325506,-0.0028251535450819,0.0006269203784221,0.0006871575005076,-0.0013158137308431,0.008950448943797,-0.0104547756558304,-0.0027217116884454,0.0005346959110988,0.0,0.0104299830574252,0.0024229288101196,0.0
-0.0342775560013208,-0.001633757685496,-0.0036078523411027,0.0,0.0027806777112517,0.0042390746075829,-0.0423364068911518,0.0006776029326253,0.0,0.0,0.0,0.0,-0.000574306331755,-0.0088222238875125,0.0051978318388117,0.0,-0.0108520668712763,-0.0016736045091707,0.0,0.0018330113194851,0.0,0.0250435399369336,0.003325663140151,0.0,0.0,0.0,0.0055871672436365,0.0049275111288317,0.0017405427998871,0.0349169905242141,-0.0156716696980013,-0.0029128976704871,0.0,0.0046702791911089,0.0066281973407108,0.0012463913945639,-0.0102123095118084,0.0,0.001774892063789,0.0005481176995138,0.0022708000000475,-0.002218078922553,0.0047128768558209,0.0019183950653237,-0.001609149369781,-0.0090063149249889,-0.004126326140257,-0.0011969556754742,0.0,0.0,0.0,-0.0019359574913653,-0.0038824283704913,-0.0017867085037211,0.0019395097994824,-0.0045966795847722,-0.0024459987383396,-0.0005742985803676,-0.0205131323714824,0.0,0.0,0.0,0.0032573689812904,0.0041020235595248,0.0,0.0030118380950698,0.0,0.0038510115788048,0.0013781645502409,-0.0021674119150264,0.0049293266148677,0.0,-0.0282710307221878,-0.0052967492503156,0.0,-0.0055349995369312,0.0,0.0,0.0027432503527963,0.0,0.0,0.0,0.0,0.0,0.0,0.0023667056175635,0.0054213576518335,0.013697554089515,0.0054741938651084,0.0,0.0076176466480675,0.0,0.0,-0.0014342605675403,-0.0031044227399159,-0.0113798411334371,-0.0027409272189763,0.0008195496958435,0.0021056456543549,-0.0566107580108087,-0.0023220277767089,0.0,0.0,0.0,0.004543319543717,-0.0014098934112348,0.0,0.0,0.0029215018889734,0.00125847867534,0.0,-0.0075488524178657,0.013886131003705,0.0,-0.0010156558093119,0.0,0.0,-0.0024889112611127,0.0061508408533087,-0.0226015272521243,-0.0026400877699625,0.0,0.0,0.0063386245516786,0.0,-0.0066485702991485
-0.0374684903231652,0.0,-0.0022383691213431,-0.0017023761359034,0.0,0.0,0.0109616357987933,0.0,0.0,0.0,-0.0172001314228975,0.0018089421776153,-0.0006778885029679,-0.0124778813189644,0.0017033661936049,0.004026071423223,-0.0111379582021922,-0.0022036250221126,0.0023811758767315,0.0022183552790647,-0.0018680475267645,0.0153686814162448,0.002189259901064,0.0005366475517363,-0.0022176164543901,-0.00095716856811,0.0039573493446355,0.0041887572864565,0.0,0.0028772853263945,-0.0069481948835518,-0.0025225815421235,-0.0005058669946798,0.0,0.0030011500072353,0.0,-0.0045583118734901,0.0025062382859182,0.0017587204047444,0.0,-0.0009256772334919,-0.0033710656720216,0.0021483420003678,0.0,0.0,-0.0077845596814298,-0.003152922520735,0.0,-0.0012461697781985,0.0,0.0,0.0,-0.0015876696273613,-0.0044479054311688,0.0,-0.0056358696783787,-0.0036919719565675,0.0,-0.0067963237134724,0.0,0.0,0.0120505165919505,0.0022430956837204,0.0,0.0,0.0025015273957363,0.0,0.0023521301223302,0.0,0.0,0.0022624906346944,0.0004720953956911,-0.021151391581928,0.0,0.0,-0.0019028483926834,0.0,0.0019385609904597,-0.0121186608356499,0.0,0.008789413324125,0.0,0.0,0.0,-0.002526281960653,0.0027967325086146,0.0039312796878958,0.0087607172699109,0.0044273393164855,0.0,0.0071018373940703,-0.0032310861164032,0.0,0.0,-0.0038137031474359,-0.0107395153513363,-0.0016341281105833,0.0,0.0015505666020565,-0.0405378102599088,-0.000884116159839,0.0,0.0009945649283496,-0.0017300462323547,0.004933267544724,0.0014012530448859,-0.0174695358077733,0.0,-0.0010465052978962,0.0,0.0015449614654526,-0.0017971713029455,0.0086890860646345,0.0025828624880144,0.0,0.0,0.0,-0.0043639168386678,0.0021782573640462,-0.0179346259483369,-0.0020269371104075,0.0,-0.0033942953652659,-0.195616865617328,0.0,-0.0071588158607482
-0.0175997452037596,0.0,0.0,0.0,0.0,0.00318090455813,0.0,0.0021986976329491,-0.002381991317062,0.0,0.0,0.0,-0.0022682255143153,-0.0884124289802045,0.0023593184078109,-0.0328687736904964,-0.0110200369318099,0.0,0.0,0.0,0.0,0.021756389168094,0.0,0.0,0.0,0.0,0.0054501512608246,0.0045002860629476,0.0,-0.0071503844767067,0.0025603532302308,-0.003959074870596,0.0,0.0013122797413004,0.0050825864500879,0.0,-0.0059391855279141,0.0,0.0,0.0,0.0,-0.0036146601518462,0.0042018636500345,0.0,0.0021266088006329,-0.0083505428044913,-0.0034730022918242,0.0,0.0,-0.0017536513849992,-0.0016274293224387,0.0,-0.0022023910445817,-0.0035177045038423,0.0,-0.0044357504900973,0.0,0.0,-0.0652492102185452,0.0,0.0,0.0,0.0028973153089485,0.0026380958182047,0.0,0.0,0.0,0.0022742243399454,0.0,0.0,0.0044802250512334,0.0,-0.0290288469064655,-0.0050595922960803,0.0,-0.0052287972330259,0.0,0.0,0.0,0.0012819317673168,0.013518225345201,0.0,0.0,0.0013774024961894,0.0,0.0023856902696515,0.0057794041397009,0.0114403719995937,-0.0033983949107862,0.0,0.0082953717821125,-0.0013257875501481,-0.0106537851805775,0.0,-0.0022411659923122,-0.0110770737924284,0.0,-0.001458139948135,0.0,-0.0066440268136394,-0.0031441673923504,0.0,0.0,0.0,0.0035839887503609,0.0,0.0,0.0,0.0,0.0,0.0,-0.0028912648719313,0.0119577038768135,0.0,0.0,0.0018944135926614,0.0,0.00128590226737,0.0047931908208418,-0.0210873395696474,0.0,0.0,-0.0019799697097285,0.0050895591058985,0.0,-0.0077050328254699
-0.037036679546799,0.0,-0.0037177662570104,0.0,0.0021050207893557,0.0030055442703704,0.0154817204211867,0.0,0.0,0.0,0.0,0.0,0.0,-0.0113504922704418,0.0016536564880615,0.0092506735804867,-0.0100073634542691,-0.0019573373231231,0.0,0.001217002351741,-0.0017346816905166,0.0219797251286877,0.0,0.0,0.0,0.0,0.0042980473472469,0.0037546633001462,0.0,0.0270105751570522,0.028370424999576,-0.0039084335137582,0.0,0.0016509256135984,0.0054682119369354,0.0024530077024613,-0.0048134167121843,0.0,0.0033100764771634,0.0011542449906127,0.0,-0.0051295141002933,-0.010065159492395,0.0,0.0030805586515577,-0.008112738561835,-0.0064460282330718,0.0,0.0,-0.0016769990030892,0.0,-0.0022713503133716,-0.0020596565947446,-0.0031695756484564,0.0014780050347205,0.0067752262527562,-0.001568471124055,0.0019534856477066,0.0036030366752734,0.0,0.0,0.0130138417171023,0.0037833003021634,0.0021443060521652,0.0014618134783914,0.0,0.0027464378935908,0.0034844286562766,0.0013918824821522,0.0,0.0023952516141443,0.0011161988894675,-0.0117968827575494,-0.0037840039105317,0.0,-0.0057202211601147,0.0,0.0,0.0014147033708165,0.0,0.0149010939436337,0.0,0.0,0.0,0.0,0.0020920269926203,0.0061786546017267,0.0111666713869961,0.0054697617704428,0.0,0.007999331800345,0.0,0.015677800744043,0.0,-0.00320058098907,-0.0117183942120402,0.0,0.0,0.0028596076094449,-0.0537433403591185,0.0,0.0,0.0008186104061305,0.0,0.00572754864024,0.0,0.0,0.0,0.0,0.0,0.0,0.0019231915107107,-0.1722588962675182,0.0,0.0,0.0,0.0,-0.0022212739250076,0.0049703015455161,-0.0243289479293887,-0.0026328716435922,0.0,-0.001460115073364,-0.0742007505410104,0.0,-0.006505936384201
-0.0354251848278808,-0.0009359383432032,-0.0035137871098018,0.0,0.0026490129629365,0.00536530858358,-0.0043381233349245,0.0019002246133154,-0.002035612982164,0.0,0.0,0.0,-0.0009931766888888,-0.0598265716748829,0.0028043422033121,0.0,-0.011949671299003,-0.0024034892574204,0.0,0.0024537752658278,0.0,0.0243135685336405,0.0,0.0,0.0,0.0,0.0052655109783759,0.0050229432063959,0.0,-0.0140492723524833,0.0868424282004318,-0.0036410673822831,-0.0009124515176446,0.0016074216323165,0.0061858088033199,0.0017698696169315,-0.0090465137331638,0.0014170473303212,0.0025432455362866,0.0029792055122937,0.0021745343545148,-0.0044113556997445,0.0060268416074157,0.0,0.0026671520684333,-0.0096022720728023,-0.0050954797266189,0.0,0.0,-0.0012122501301705,0.0,0.0,-0.0008541606191383,-0.0013951025794878,0.0,-0.0035526564958659,-0.0017053021695897,0.0,-0.0134111968936494,0.0,0.0,-0.0030318941860081,0.0034193336513012,0.0046505420225796,0.0018566864813144,-0.0028752351654645,0.0,0.0028788768209415,0.0,-0.0012371455367437,0.0045855859226226,0.0,0.0045894076777279,-0.0032033487601259,0.0,-0.0039134771895964,0.0,0.0,0.0023098925038417,0.0,-0.0319971203853216,0.0,0.0,0.0,0.0,0.0014851326714763,0.006529502007905,0.0129990798338095,0.005430026303167,0.0,0.0083191856852946,-0.0024636756509755,-0.0088844439900207,0.0,-0.0024267587373919,-0.0119427933736023,0.0,0.0,0.0019246216585797,-0.0557047937109657,-0.001644110106124,0.0,0.0,-0.0024808993385582,0.0069541043465402,0.0,0.0013977890702953,0.0,-0.00562459941618,0.0007349004441417,0.0,-0.0033922568157323,-0.0252965046242297,0.0,0.0,0.0,0.0,-0.002455561003124,0.0046898690975189,-0.0216064864805447,-0.0028904355158279,0.0,-0.001340849561977,0.006528896461022,0.0008055421511419,-0.0064320415258407
-0.0303063831505655,-0.0039632829417236,-0.0023837137768589,0.0,0.0,-0.0073702934532185,0.0074274853932028,0.0,-0.003687100985417,0.0,0.0,0.0,0.0,-0.0049698344381206,0.0024925805119054,0.0065373427015477,-0.0111582467170064,0.0,0.0,0.0024471677445994,0.0,0.0225466360731457,0.0,0.0,0.0,-0.0280068827391595,0.0058601743372152,0.0043990771053063,0.0,0.0133771633302095,0.012930166375645,0.0,0.0,0.0009722604259098,-0.012547633450201,0.0,-0.003323168252275,0.0016130085945895,0.0,0.0025253383900482,0.0,-0.0031366847045578,0.0035834936503323,0.0,-0.0061423144063207,-0.0069618869176924,-0.0046382548078704,0.0,0.0,0.0,0.0,-0.0022933888751682,-0.0041352386473779,-0.0030816639743203,0.0,-0.0045377759278513,-0.0012037370980392,0.0,-0.0187000312648032,0.0,-0.1733138927548945,0.0,0.0,0.0064160801556088,0.0,0.0036231195290264,0.0,0.0035079161159666,0.0,-0.0015423600261926,0.0039854872114654,0.0,0.0478240753624068,-0.006061527655974,0.0,-0.003269606002124,0.0,0.0,0.0,0.0,0.0097038822993406,-0.0018879631406269,0.0,0.0,0.0,0.0033424121684819,0.006888279439256,0.0112411253606904,-0.0122350065834333,0.0,-0.0090542904322015,0.0,0.0115775229953177,-0.002691848587476,0.0,-0.0108579840667506,0.0,0.0,-0.0014626162129899,-0.053819531892051,-0.0012209773894494,0.0,0.0,0.0,0.0030455850081313,0.0,0.0,0.0,-0.0017174019878143,0.0,0.0,0.0094450128536992,0.0114736114847074,0.0,0.0,0.0,0.0,0.0138055726764824,0.0053858503602415,-0.0205003299079429,-0.0037238791200371,0.0029485019347848,0.0,0.0055466654874384,0.0,-0.0034750699996948
-0.0351367778695798,0.0,-0.0035104279759477,-0.0022377722377203,-0.0332663224026238,0.003447628228904,-0.0079274158209385,0.0018189466502131,-0.0011708476445141,-0.0010942873407374,0.0,0.0034676303109718,-0.0027853696345728,-0.0582751926882342,0.0047030250840205,-0.0061364781799118,-0.0097518346405295,-0.0045155959752813,0.0,0.0033477880401309,-0.0029307951953908,0.0113991396223576,0.0,0.0,0.1441432392742311,0.0,0.0041003817432243,0.002106720689853,-0.0013205082627285,-0.0082045493916994,-0.005686274800547,-0.0045482049214783,-0.0027026981727005,0.0,0.0025745928306689,0.0,-0.0041803910054807,0.0021387165370288,0.0,0.0,0.0,-0.003235191405555,0.0021518107702902,0.0,0.0015873054773149,-0.0093650087772736,-0.0047368989851208,0.0,-0.00082885510108,-0.0010736890491466,0.0009258853717131,0.0,0.0,-0.0021209401189224,0.0,-0.0049134548209428,-0.0013028534184823,-0.0008316278235073,-0.0678399509946809,0.0,-0.0019507645992543,0.0,0.0042414384166054,0.0037283501047301,0.0,0.0,0.0010687603467971,0.0024775308928625,0.0026903008306501,0.0,-0.0330847693784231,0.0,-0.0513897125637064,-0.0017213452467686,-0.001172833631046,-0.0023555439126538,0.0087855733843325,0.0,0.0035114115136409,0.001904955922463,0.0116087875447619,0.0,0.0,-0.0019460949514093,0.0,0.0039661332469271,0.0039730243996748,0.0089535571527653,0.0034082744826258,0.0,-0.00426733109776,0.0,0.0,-0.0019446652014988,-0.001591178260584,-0.0106634820427756,0.0,-0.0020325843537324,0.0020822238372753,-0.0432699774140111,-0.0015246608729445,0.0,-0.0022906250409448,0.0,0.0036539011048912,0.0,0.0035514052524085,0.0,-0.0057189570649866,0.0,0.0,0.0017059879451752,0.0046543247109262,0.0,0.0015423924534154,0.0,0.0007455648995432,-0.0023241017713156,0.0039653328385258,-0.0182691785783202,-0.0022977495583178,0.0035453443688391,0.0,-0.1315455642310373,0.0,-0.0038075149059295
0.0160882920227553,0.0,-0.0006557380835826,0.0010119530568114,0.0040184107528763,-0.0132645634227243,0.0255453687622129,0.0027767559419738,-0.0027041021485101,-0.0005344978482429,0.0,-0.0008059894408589,-0.0008347449151424,0.0858504213660862,0.0038604352384154,0.0088627334389055,-0.0068374683602671,-0.0017447831252417,0.0005186328927544,0.002807940632225,0.0026246239451531,0.0394981857699477,0.0012779395859274,0.0009197204991838,0.0002491042915911,0.0007491436358459,0.0068696743761325,0.0048213376596763,0.0,0.0053152459268912,-0.0096891908803365,-0.001962885196863,0.0,0.0039570510112228,0.0092921471493114,0.0022198341384015,-0.0044994358504238,0.002549309480343,0.0019273954580127,0.0027640535916563,0.0028410455299023,-0.0019823216364846,0.0081210361057799,0.0011165011685259,0.0011456119490303,-0.005266659982807,-0.0014522896026794,0.0,0.0,-0.0006216583226603,-0.0004737518002657,0.039802599865213,-0.0021717886455348,-0.0027054947763259,0.0013527057349805,-0.0036534135446541,-0.0022794378892456,0.0,0.0036763043798689,0.0,-0.0009853820245175,-0.0023236353842541,0.0054203457788036,0.0057473180252144,0.0018361015787169,-0.0044035023910057,0.0010419646735328,0.0049094104095091,0.0007230748910819,0.0,0.0056069371712074,0.0013662144474023,0.0775792473840218,-0.0038983067426899,0.0,-0.0020154434261647,0.0,0.0017869840460258,0.0021802604705534,0.0009634032228768,0.0187732169471223,0.0006633568813695,0.0,0.0,0.0023212881725103,0.0039966148520471,0.0082072548370434,0.019935243520541,0.0056910566595937,0.0,0.0028798465642585,-0.001199089836451,-0.0052329262852914,-0.001399636726291,-0.0017800896396417,-0.0054926370977278,-0.0007918765206351,0.0010578521087899,-0.0154865383300034,-0.0088359011766156,-0.0020038754535081,0.0,0.0013377181245896,0.0003551698624844,0.006314124437936,0.0011347532292915,-0.0075750049620654,0.0,0.0091573743340468,0.0013378607114424,0.0,0.005405163745443,0.0059244650535214,0.000786456767472,0.0005088133616814,0.0010826857410753,0.0,-0.0008434177627512,0.0118767029199758,0.0358396910278361,0.0,0.0,-0.0018855808299877,0.0110581360531606,0.001166178947101,-0.0025834143161773
-0.0359480119466638,-0.0020077050460665,-0.003355989776329,0.0,0.0016018065859159,-0.0026712024711989,0.0026198343957967,0.0017758124219837,-0.0025695924330389,0.0,0.0,0.0005940753737886,0.0,-0.0250554325477537,0.002277798851672,0.0100454157696634,-0.0104446066403471,-0.0009627477197864,0.0,0.0010625984121661,0.0,0.0251528810958663,0.0022813678520362,0.0,0.0,0.0007723298054635,0.0055101958543257,0.0041505643767463,0.0009998492092318,-0.0180258061498443,-0.0095638955662078,-0.0039013205032001,0.0,0.0031248927878231,0.0063781532004124,0.0013437826554219,-0.008396617572124,0.0015928946255024,0.0018807638505823,0.0025358623771367,0.0017024909425032,-0.0029212052130954,0.0045361990456142,0.0,0.0003323306901514,-0.0087222111928188,-0.0047351611697348,0.0,-0.0007581899938485,-0.0026696210625177,0.0,-0.0020377282084816,-0.002425172176928,-0.0023469193997519,0.0022887602082746,0.0028586946163875,-0.0034737777991459,0.0,0.0049698616393951,0.0,0.0,0.0040787321325916,0.0041930173895171,0.0030804941055537,0.0020499030846657,0.0,0.0001259313471699,0.0025565658158064,0.0,-0.0012824706920113,0.0031098816330023,0.0009058661262038,-0.0865920929262402,-0.0037171395892717,0.0,-0.0038575027228835,0.0,0.0,0.0019588339269051,0.0,0.014754551392906,0.0,0.0,0.0,0.0,0.0018352296071447,0.0062146105518823,0.0138298158822719,0.0046019981975041,0.0,0.0085697928747274,-0.0016836061165367,-0.0072245143935422,-0.0014762002081571,-0.0018238338220297,-0.0110985480085803,0.0,-0.0011739999577635,0.0021639915085966,-0.05721325531185,0.0,0.0,0.0,0.0,0.0063981422555534,0.0,0.0,0.0,0.0069728739432379,0.0,0.0,0.0010679832431075,0.0132900543093983,0.0009177626287805,0.0,0.0009092377743537,0.0,-0.0026063071932855,0.005601594940767,-0.022840949504979,-0.0020512896148472,0.0,-0.0013073232246146,0.0060876243424897,0.0,-0.0068859905004501
-0.0381469849657203,-0.0020294129172881,-0.0036045841386399,0.0,0.0014071957081388,0.0025726397197664,-0.0281872302956384,0.0028762201893918,-0.002490447494973,0.0,0.0,0.0,0.0,-0.0959597376284335,0.0026325880026872,-0.0097853069583484,-0.0109284682667165,-0.0010282052574925,0.0,0.0,-0.0017382233492845,0.0169417408927358,0.0,0.001179357645252,0.0,0.0,0.0044263629156378,0.003254149374186,0.0,-0.0150588676032147,-0.0160423065307384,-0.004621550418268,0.0,0.0015972779483783,0.004978718109877,0.001025971200983,-0.0072541217750744,0.0,0.0019427061688217,0.0,0.0016467109860929,-0.0038721572052586,0.0043922176834695,0.0,0.0,-0.0093647037216585,-0.0044321534908306,0.0,0.0,-0.0012237651227599,0.0,0.0,-0.0025585701458521,-0.0024637635702627,0.0014032322129526,-0.0039817695364911,-0.0014933019783451,0.0,-0.0219105955297677,0.0,0.0,-0.0029351281679449,0.0039178837129243,0.0032666788081138,0.0,0.0019753535649732,0.0,0.0019618821904672,0.0,-0.0020167971841881,0.0033709482171465,0.0,0.0042224036793056,-0.0036077163141467,0.0,-0.0039344398288885,0.0,0.0,0.0014314142703204,0.0,0.0125607308760358,0.0,0.0,0.0,0.0,0.001520633276255,0.0057774223522791,0.009993858318536,0.0039383855469647,0.0,0.0061205453891917,-0.0017156239145789,-0.0097115039311448,0.0,-0.0020980142200677,-0.012317952304024,0.0,0.0,0.0,-0.0531234891349119,-0.0013833529199548,0.0,0.0,0.0,0.0044942809618062,0.0,0.0,0.0,-0.0054741885488091,0.0,0.0,-0.0084465220179199,0.0091933673547139,0.0,0.0,0.0,0.0,-0.0023934275498195,0.003042690455309,-0.0215382746811086,-0.0030148985121303,0.0,-0.0016164547211233,0.004497669824554,0.0,-0.0074211359024047
-0.0284903674841313,-0.0015202589975458,-0.0015453451523963,0.0,0.000969853696241,-0.0016149136019245,0.0038536824999154,0.0016241924484914,0.0,-0.0009147210466818,0.0,0.0,0.0,-0.0680991393402459,0.0016742522619011,-0.0241986563527294,-0.0097385603736003,-0.0026654125723417,-0.0023883461945516,0.0012353781378208,0.0,0.0127388350161208,0.0026624898889688,-0.000876264787622,0.0,-0.0012601117703397,0.0035910897155344,0.0032354525835058,0.0,-0.0103309760364209,0.0052072356310455,-0.0031465027091264,-0.0018492538077043,0.0019716256214474,0.0032051468086364,0.0,-0.0066512623206258,0.0015460906090519,-0.0048806176618,0.0028792047286411,-0.001588649376162,-0.0050707128652982,-0.1421485641245956,0.0027399982372851,0.0016859222817426,-0.0108944753580404,-0.0054395806452666,0.0,0.0017160084801263,-0.0024817293472721,0.0,0.0040622230395666,0.0,0.0,0.001856760058852,-0.0027568137402294,-0.0014862053412376,0.0011468766624234,0.0009206900962855,0.0,0.0,0.0,0.0015428714454392,0.0027016781694873,0.0,0.002411075128449,0.0008520540084272,0.0029163148840134,0.0008619878427138,-0.0020425013471833,0.0031234798701922,0.0,0.030469786207296,0.0200592117204204,0.00169895583359,-0.003269770041928,0.0,0.0,0.0023549421946793,-0.0011143047659765,0.0030813215485462,0.0,0.0,0.0,-0.0016969487532804,0.0025226441329366,0.0041768042036288,-0.0673178134920969,0.0042506333694457,0.0,-0.0007462136291241,-0.0029440839806523,-0.0047798492707482,0.0,-0.0007314409073067,-0.0112541899806659,0.0,-0.0011099655661386,0.0,-0.0432790959140893,0.0012511664922931,0.0,0.0033870809779304,-0.0014151645618195,0.0032895936520927,-0.0013587568370247,0.0,0.0,-0.0046495039866777,0.0018761254476105,0.0,-0.0042991873767778,0.0,-0.0013065915910352,-0.0011530618735509,0.0006515570161308,-0.0012503541041897,0.0073393919991016,0.0013919988762203,-0.0170388872843198,-0.0013115634931527,-0.0009797927713007,-0.0034041758019346,0.0028975862571293,0.0019738083472334,-0.0055782198905944
-0.0368350336443077,-0.0010729678000337,-0.0028004897790319,0.0,0.0010164841073791,0.0028286343423589,-0.0082594589635118,0.0016786756010863,-0.0012955790941544,-0.0006169648537858,0.0,0.0008365786908502,-0.0010353997991304,-0.0782897701592247,0.0030872151310981,0.0,-0.010273297333625,-0.0013557283152369,0.0,0.0014957183671283,-0.0015891811495718,0.016543159286352,0.001902585627202,0.0,-0.00225478969498,0.0,0.0045772986275982,0.0040877708297812,0.0,-0.0142409831198985,-0.0134439009733984,-0.0040578709273852,0.0,0.0014663306808263,0.0052463528602824,0.0013984120383642,-0.0063408106264852,0.0015315050098998,0.0020875348720557,0.0013147736883884,0.0,-0.0042551786339279,0.0040950742751939,0.0,0.0023598753364162,-0.0086563024418306,-0.0047091873582366,-0.0008349945569326,0.0,0.0,-0.0008038829571552,0.0,-0.0030577274650464,-0.0025457207734076,0.000813851944977,-0.004559394134134,-0.0011647086124817,-0.0010211464506879,0.0039018203357971,0.0,0.0,-0.0022069171691835,0.0023925087820396,0.0013866887949324,0.0010264975038691,-0.0015579733331355,0.0,0.0019595925926756,0.0,-0.0013401335946889,0.0032161463508001,0.0,-0.1108417426847438,-0.002788672056114,0.0,-0.0044983826080537,0.0,0.0,0.0,0.0,0.013516097406371,0.0,0.0,0.000746225473474,0.0,0.0021277468558702,0.0043947499106174,0.0094996014724164,0.0041647270815331,0.0,0.0062831860706925,-0.0018213759340649,0.015511876278606,0.0,-0.0014996702189779,-0.0122755985197891,0.0,0.0,0.0014227252040261,-0.0497246601217765,-0.0022033491299185,0.0,0.0,0.0,0.0047268094203647,0.0,0.0010965926866686,0.0,-0.0070209425020492,0.0014743316542974,0.0,0.0,0.0093752172587237,0.0,0.0,0.0007176220264656,0.0,-0.0017887546167016,0.0035912232529702,-0.020637297360447,-0.0024645613465443,0.0,-0.0011577256548363,0.0039335498938267,0.0,-0.0070334672927856
-0.0113097881230267,-0.004129060790703,0.0061699740969976,0.0,0.0025876461288838,-0.000959847359858,0.0122275815759291,0.0021016846037144,-0.0012658725244423,0.0,0.0,0.0,-0.0013263212120036,0.0896151603613787,0.0049602226030244,0.0020401790560242,0.0,0.0,0.0024228511902394,0.0053105770460243,0.0040206127116491,0.0358599204137216,0.0005199731559871,0.0012752480697077,0.0,-0.0012308411519811,0.0055222000279702,0.0045832185670704,0.0,0.0171264646917168,0.0097900237855747,0.0015968328506987,0.0040769634757954,0.0012932543506273,0.0057731266448764,0.0036206347651203,0.0094443162701407,0.0049613561657059,0.0033260776005023,0.0,-0.021146412186529,0.0,0.0057152578246339,0.0015122505383793,0.0,0.0006749265691393,-0.0017797180275384,-0.0013632947233829,0.0,0.0,-0.0036395922878609,0.0124475743132574,-0.0036595690577123,-0.0017913502265638,-0.0022188877290009,-0.0013396611755674,-0.0008701657917501,0.0039865767493053,0.0035624975270025,0.0,-0.0022703450633056,-0.0025483818418269,0.0054500192801632,0.0040406905419645,0.0020686758609647,-0.0030383122559615,0.0018053586003701,0.004731909521053,0.0,0.0,0.0027991767802819,0.0008464486034845,0.0632174091177785,0.0119399466627896,-0.0031498957739607,-0.0009882428058235,0.0,0.0009993512800317,0.0018973946007584,0.0012109356651921,-0.0157675458500187,-0.0017749107578549,0.0,0.0,-0.0021107719436633,-0.0008042820331692,0.006010802471029,0.0175873313461359,0.0049667663384388,0.0,0.0070472300443229,-0.0015994215703096,-0.0031777311569575,-0.0014704257424497,0.0,-0.0059787768638652,0.0022293636715969,-0.0008981120935965,0.0013637627352846,0.2080985392477077,0.0011386725921324,0.0,0.0,-0.0015251573176728,0.0041962884670936,0.0007393035591594,-0.002096213081159,0.0,0.0205318220155867,0.003627445998142,0.000741617137806,0.0047707687994667,-0.0271407488252174,0.0,0.0015466375324703,0.0011026637824125,0.0,-0.0017587880499061,0.0074290332033147,0.0257094429927215,0.001762390528914,0.0,0.0,0.0093704281036842,0.003402876842997,-0.0015199780464172
